"date","open","high","low","close","volume_lots","turnover_100m","dividend","ret","tri","close_adj","ma20","ma60","ma120","ret5","ret20","ret60","drawdown20","drawdown60","rsi14","rv20","avg_vol20","volume_ratio","close_adj_gt_ma20","ma20_gt_ma60","close_adj_gt_ma120","ret60_positive"
"2020-12-10","15.21","15.62","15.11","15.3","167236","25.5995","0",,"100","15.3",,,,,,,,,,,,,,,,
"2020-12-11","15.1","15.12","15","15.02","215449","32.4344","0","-0.0183006535947713","98.1699346405229","15.02",,,,,,,,,,,,,,,,
"2020-12-14","14.91","14.91","14.82","14.83","137489","20.4337","0","-0.0126498002663116","96.9281045751634","14.83",,,,,,,,,,,,,,,,
"2020-12-15","14.81","14.86","14.67","14.67","94640","13.9524","0","-0.0107889413351315","95.8823529411764","14.67",,,,,,,,,,,,,,,,
"2020-12-16","14.76","14.88","14.76","14.85","38406","5.6994","0","0.0122699386503067","97.0588235294117","14.85",,,,,,,,,,,,,,,,
"2020-12-17","14.91","14.93","14.79","14.87","24998","3.714","0","0.00134680134680121","97.1895424836601","14.87",,,,"-0.0281045751633989",,,,,,,,,,,,
"2020-12-18","14.9","14.92","14.84","14.84","23374","3.4764","0","-0.00201748486886344","96.9934640522875","14.84",,,,"-0.0119840213049269",,,,,,,,,,,,
"2020-12-21","14.86","14.91","14.7","14.9","24126","3.5721","0","0.00404312668463613","97.3856209150326","14.9",,,,"0.00472016183411994",,,,,,,,,,,,
"2020-12-22","14.9","14.99","14.75","14.76","28708","4.2658","0","-0.00939597315436247","96.4705882352941","14.76",,,,"0.00613496932515312",,,,,,,,,,,,
"2020-12-23","14.78","14.86","14.75","14.85","11819","1.7501","0","0.00609756097560976","97.0588235294117","14.85",,,,"-1.11022302462516E-16",,,,,,,,,,,,
"2020-12-24","14.9","14.93","14.87","14.88","9465","1.4104","0","0.00202020202020203","97.2549019607843","14.88",,,,"0.000672494956287739",,,,,,,,,,,,
"2020-12-25","14.93","15","14.93","14.97","20290","3.0381","0","0.00604838709677424","97.8431372549019","14.97",,,,"0.00876010781671188",,,,,,,,,,,,
"2020-12-28","15.01","15.13","15.01","15.12","18261","2.752","0","0.0100200400801602","98.8235294117647","15.12",,,,"0.0147651006711409",,,,,,,,,,,,
"2020-12-29","15.17","15.17","15.05","15.08","17052","2.5751","0","-0.00264550264550256","98.562091503268","15.08",,,,"0.0216802168021679",,,,,,,,,,,,
"2020-12-30","15.08","15.18","15.05","15.17","16098","2.4329","0","0.00596816976127323","99.1503267973856","15.17",,,,"0.0215488215488215",,,,,"45.8064516129031",,,,,,,
"2020-12-31","15.21","15.26","15.18","15.25","21507","3.2753","0","0.00527356624917608","99.6732026143791","15.25",,,,"0.0248655913978495",,,,,"48.6600846262341",,,,,,,
"2021-01-04","15.37","15.62","15.31","15.61","43868","6.8048","0","0.0236065573770492","102.02614379085","15.61",,,,"0.0427521710086842",,,,,"59.097588382747",,,,,,,
"2021-01-05","15.62","15.77","15.58","15.77","41062","6.4412","0","0.0102498398462525","103.071895424837","15.77",,,,"0.0429894179894181",,,,,"62.72472959735",,,,,,,
"2021-01-06","15.9","16.14","15.69","15.85","67390","10.7479","0","0.00507292327203546","103.59477124183","15.85",,,,"0.05106100795756",,,,,"64.4234954133297",,,,,,,
"2021-01-07","16","16.15","15.91","16.12","34886","5.5992","0","0.0170347003154574","105.359477124183","16.12","15.1355",,,"0.062623599208965",,,"0",,"69.4790541397272",,,,"True",,,
"2021-01-08","16.25","16.43","16.21","16.43","46496","7.5855","0","0.0192307692307692","107.385620915033","16.43","15.192",,,"0.0773770491803278","0.0738562091503265",,"0",,"74.0403418389456","0.171068369248621","46769.2338","0.994163261233499","True",,,
"2021-01-11","16.5","17.25","16.46","17.23","83918","14.1159","0","0.0486914181375533","112.614379084967","17.23","15.3025",,,"0.103779628443306","0.147137150466045",,"0",,"81.6583428385424","0.216450359017978","40192.65405","2.08788859515486","True",,,
"2021-01-12","16.8","16.86","16.52","16.55","123271","20.57","0","-0.0394660475914103","108.169934640523","16.55","15.3885",,,"0.049461001902346","0.115981119352664",,"-0.0394660475914103",,"64.3676210336338","0.264330374320816","39481.7678","3.1222298257881","True",,,
"2021-01-13","16.6","16.93","16.6","16.91","59951","10.0848","0","0.0217522658610272","110.522875816993","16.91","15.5005",,,"0.0668769716088329","0.152692569870484",,"-0.0185722576900754",,"68.2059065641901","0.2627502087259","37747.32165","1.58822447207986","True",,,
"2021-01-14","16.91","17.1","16.85","17.01","67317","11.4375","0","0.00591366055588427","111.176470588235","17.01","15.6085",,,"0.0552109181141442","0.145454545454545",,"-0.0127684271619266",,"69.1984448920985","0.262110725594191","39192.87355","1.71758424179132","True",,,
"2021-01-15","17.43","17.5","16.97","17.01","98089","16.8466","0","0","111.176470588235","17.01","15.7155",,,"0.0353012781497264","0.143913920645596",,"-0.0127684271619266",,"69.1984448920985","0.26253530894607","42847.4158","2.28926128142365","True",,,
"2021-01-18","17.01","17.05","16.55","16.93","63972","10.7632","0","-0.004703115814227","110.653594771242","16.93","15.82",,,"-0.0174114915844457","0.140835579514826",,"-0.0174114915844455",,"67.2505913406664","0.263911274054623","44877.31255","1.42548177163519","True",,,
"2021-01-19","17.14","17.4","17.13","17.38","86674","14.947","0","0.0265800354400472","113.59477124183","17.38","15.944",,,"0.0501510574018127","0.166442953020135",,"0",,"72.0214108638684","0.272830042318053","48004.7315","1.8055310027096","True",,,
"2021-01-20","17.52","17.6","17.28","17.39","106939","18.6801","0","0.000575373993095596","113.660130718954","17.39","16.0755",,,"0.0283855706682439","0.178184281842819",,"0",,"72.1186130580494","0.266688557638327","51916.2675","2.05982826095886","True",,,
"2021-01-21","17.5","18.05","17.5","18","121115","21.6044","0","0.0350776308223117","117.647058823529","18","16.233",,,"0.0582010582010579","0.212121212121212",,"0",,"77.2994619657385","0.282773705657036","57381.0704","2.11071782306801","True",,,
"2021-01-22","18","18.9","17.8","18.5","213600","39.2425","0","0.0277777777777777","120.915032679739","18.5","16.414",,,"0.0875955320399762","0.243279569892473",,"0",,"80.4982470126337","0.288087867140098","67587.8045","3.16033294142585","True",,,
"2021-01-25","18.02","18.11","17.7","17.9","267317","47.929","0","-0.0324324324324325","116.993464052288","17.9","16.5605",,,"0.0572947430596573","0.195724782899132",,"-0.0324324324324325",,"68.0975445247192","0.326820752138791","79939.1247","3.34400450346687","True",,,
"2021-01-26","17.9","18.02","17.46","17.51","174714","30.9297","0","-0.0217877094972065","114.444444444444","17.51","16.68",,,"0.00747986191024164","0.158068783068783",,"-0.0535135135135136",,"61.4690568254769","0.344746164342802","87761.75315","1.99077106745332","True",,,
"2021-01-27","17.58","17.76","17.47","17.61","80763","14.2132","0","0.00571102227298681","115.098039215686","17.61","16.8065",,,"0.0126509488211617","0.167771883289125",,"-0.0481081081081082",,"62.477598174965","0.342726198468425","90947.26365","0.888015073337503","True",,,
"2021-01-28","17.27","17.42","17.1","17.16","113266","19.5101","0","-0.0255536626916524","112.156862745098","17.16","16.906",,,"-0.0466666666666666","0.131179960448253",,"-0.0724324324324324",,"55.4445997729998","0.362884485409686","95805.66735","1.18225093705795","True",,,
"2021-01-29","17.39","17.4","16.83","16.83","126176","21.5308","0","-0.0192307692307694","110","16.83","16.985",,,"-0.0902702702702703","0.103606557377049",,"-0.0902702702702703",,"50.9179852399086","0.374169505097639","101039.1159","1.24878379898809","False",,,
"2021-02-01","16.8","17.16","16.6","17.13","82314","13.8911","0","0.017825311942959","111.960784313726","17.13","17.061",,,"-0.0430167597765362","0.0973734785393978",,"-0.0740540540540541",,"54.5507167225045","0.370947400835171","102961.40235","0.799462071429333","True",,,
"2021-02-02","17.33","17.65","17.32","17.55","89257","15.6506","0","0.0245183887915938","114.705882352941","17.55","17.15",,,"0.00228440890919468","0.11287254280279",,"-0.0513513513513513",,"59.1132517082963","0.377075671342765","105371.1977","0.847076392299563","True",,,
"2021-02-03","17.79","17.79","17.55","17.62","51897","9.1588","0","0.0039886039886039","115.163398692811","17.62","17.2385",,,"0.000567859170925722","0.11167192429022",,"-0.0475675675675675",,"59.836920111449","0.377116535868086","104596.5726","0.496167013028876","True",,,
"2021-02-04","17.55","17.62","17.35","17.46","51186","8.9427","0","-0.00908059023836549","114.117647058824","17.46","17.3055",,,"0.0174825174825175","0.0831265508684862",,"-0.0562162162162162",,"57.3388057976679","0.377983701056756","105411.58195","0.485580446219648","True",,,
"2021-02-05","17.61","17.77","17.58","17.61","65028","11.479","0","0.00859106529209619","115.098039215686","17.61","17.3645",,,"0.0463458110516932","0.0718198417528915",,"-0.0481081081081079",,"59.0642533090625","0.374266562118897","106338.1858","0.611523795622249","True",,,
"2021-02-17","18.08","18.33","18.08","18.13","89165","16.1737","0","0.0295286768881318","118.496732026144","18.13","17.4095",,,"0.0583771161704614","0.0522344747533376",,"-0.0199999999999999",,"64.4345020897306","0.349072243548663","106600.53585","0.836438431467791","True",,,
"2021-02-18","18.13","18.28","18.03","18.17","57264","10.3888","0","0.00220628792057376","118.758169934641","18.17","17.4905",,,"0.0353276353276353","0.0978851963746226",,"-0.0178378378378375",,"64.8168578546599","0.311502541628582","103300.18","0.554345945960597","True",,,
"2021-02-19","18.1","18.11","17.91","18.04","67737","12.1838","0","-0.00715465052284003","117.908496732026","18.04","17.547",,,"0.0238365493757093","0.0668243642814905",,"-0.0248648648648647",,"62.4663958101202","0.30759038670012","103689.4917","0.653272119377165","True",,,
"2021-02-22","18.13","18.29","18.05","18.08","52342","9.5057","0","0.00221729490022171","118.169934640523","18.08","17.6005",,,"0.0355097365406645","0.0629041740152847",,"-0.0227027027027026",,"62.9120514459205","0.307472364259158","102940.74265","0.508468072529492","True",,,
"2021-02-23","17.96","18.03","17.78","18","58582","10.489","0","-0.00442477876106184","117.647058823529","18","17.65",,,"0.0221465076660989","0.0582010582010579",,"-0.0270270270270269",,"61.3432760194836","0.308488867070891","100965.3879","0.580217005237693","True",,,
"2021-02-24","17.93","18.02","17.77","17.79","74065","13.2372","0","-0.0116666666666667","116.274509803922","17.79","17.693",,,"-0.0187534473248759","0.0507974010632015",,"-0.0383783783783782",,"57.3038059940968","0.311771373588129","101470.03115","0.729916559210596","True",,,
"2021-02-25","18","18.04","17.82","17.95","39634","7.106","0","0.00899381675098376","117.320261437909","17.95","17.7215",,,"-0.0121078701155752","0.0327963176064441",,"-0.0297297297297295",,"59.4924674281552","0.299901918863298","99118.0427","0.399869296450504","True",,,
"2021-02-26","17.6","17.72","17.5","17.54","138049","24.268","0","-0.022841225626741","114.640522875817","17.54","17.729",,,"-0.0277161862527715","0.0086256469235193",,"-0.0518918918918917",,"52.1195609036623","0.312411513936095","100673.5497","1.37125129104293","False",,,
"2021-03-02","17.75","17.75","17.35","17.35","70240","12.3443","0","-0.0108323831242872","113.398692810458","17.35","17.6965",,,"-0.0403761061946902","-0.0361111111111113",,"-0.0621621621621619",,"49.0837882282106","0.286682249999139","98129.76435","0.715782224335893","False",,,
"2021-03-03","17.37","17.58","17.23","17.58","36542","6.3606","0","0.0132564841498557","114.901960784314","17.58","17.6505",,,"-0.0233333333333334","-0.0497297297297299",,"-0.0324711062190426",,"52.6771297488334","0.271100941308755","89276.84375","0.409306058156878","False",,,
"2021-03-04","17.45","17.45","17.12","17.2","93639","16.1512","0","-0.0216154721274174","112.418300653595","17.2","17.6155",,,"-0.0331646992692525","-0.0391061452513967",,"-0.0533847000550358",,"46.8004396602163","0.257594805538459","80592.93745","1.16187187069703","False",,,
"2021-03-05","16.9","17.19","16.86","17.09","73688","12.5462","0","-0.00639534883720927","111.699346405229","17.09","17.5945",,,"-0.0479108635097493","-0.0239862935465454",,"-0.0594386351128232",,"45.2275175825143","0.247400245933977","75541.6452","0.97545815695314","False",,,
"2021-03-08","17.3","17.31","17","17","65945","11.2835","0","-0.005266237565828","111.111111111111","17","17.564",,,"-0.0307867730900798","-0.0346394094264623",,"-0.0643918547055586",,"43.9266884725552","0.246459958921073","74800.75895","0.881606242044687","False",,,
"2021-03-09","16.9","17","16.74","16.93","76287","12.8597","0","-0.00411764705882356","110.653594771242","16.93","17.5525",,,"-0.0242074927953893","-0.0134032634032633",,"-0.0682443588332416",,"42.8933382040898","0.230083370099415","72951.7879","1.04571692066782","False",,,
"2021-03-10","17.05","17.09","16.93","16.94","35986","6.1142","0","0.000590667454223315","110.718954248366","16.94","17.558",,,"-0.0364050056882821","0.00653594771241828",,"-0.0676940011007154",,"43.099270078956","0.219270945876366","68442.31145","0.525792908474309","False",,,
"2021-03-11","17","17.34","17","17.32","41260","7.109","0","0.0224321133412042","113.202614379085","17.32","17.5675",,,"0.00697674418604644","0.0110916520723876",,"-0.0467804072647221",,"50.4164347743172","0.224665498982971","66389.61175","0.621478886717544","False",,,
"2021-03-12","17.45","17.5","17.33","17.39","29382","5.1149","0","0.00404157043879905","113.660130718954","17.39","17.5595",,,"0.0175541252194265","-0.0091168091168089",,"-0.0429279031370393",,"51.6498850058328","0.206860149934945","63395.8212","0.463463402537327","False",,,
"2021-03-15","17.4","17.4","17.3","17.37","22268","3.8647","0","-0.00115008625646917","113.529411764706","17.37","17.547",,,"0.0217647058823529","-0.014188422247446",,"-0.0440286186020916",,"51.2575488313198","0.206224886542597","61914.37725","0.359665896502254","False",,,
"2021-03-16","17.39","17.5","17.39","17.46","26084","4.5519","0","0.00518134715025909","114.117647058824","17.46","17.547","16.6626666666667",,"0.0313053750738337","2.22044604925031E-16",,"-0.0390753990093561","-0.056216216216216","52.9881367038997","0.20468568235612","60659.2825","0.430006866632489","False","True",,
"2021-03-17","17.48","17.62","17.41","17.44","31558","5.5278","0","-0.00114547537227949","113.986928104575","17.44","17.5385","16.6983333333333",,"0.0295159386068475","-0.00965360590573539","0.139869281045752","-0.0401761144744084","-0.057297297297297","52.5416972604491","0.202218185975488","58985.7442","0.535003252531652","False","True",,"True"
"2021-03-18","17.55","17.72","17.54","17.57","43603","7.69","0","0.00745412844036686","114.83660130719","17.57","17.5105","16.7408333333333",,"0.0144341801385683","-0.030888030888031","0.169773635153129","-0.0330214639515688","-0.0502702702702702","55.1847611737991","0.171762423821839","56707.6423","0.768904246967785","True","True",,"True"
"2021-03-19","17.46","17.46","17.28","17.33","47814","8.2903","0","-0.0136596471257827","113.267973856209","17.33","17.4685","16.7825",,"-0.00345025876940785","-0.0462300495321962","0.168577208361429","-0.041482300884956","-0.0632432432432433","49.6835233289319","0.176378240923366","56235.15125","0.850254937297781","False","True",,"True"
"2021-03-22","17.33","17.42","17.19","17.4","30099","5.217","0","0.0040392383150607","113.725490196078","17.4","17.4365","16.828",,"0.00172711571675288","-0.0354767184035476","0.186094069529652","-0.0376106194690263","-0.0594594594594591","51.2112048640955","0.176771368302105","54353.21805","0.55376279601903","False","True",,"True"
"2021-03-23","17.5","17.6","17.4","17.41","26081","4.5642","0","0.000574712643678144","113.790849673203","17.41","17.403","16.8706666666667",,"-0.00286368843069884","-0.0370575221238939","0.172390572390572","-0.0327777777777778","-0.0589189189189187","51.4380374686833","0.176378713475279","53040.15365","0.491717900594732","True","True",,"True"
"2021-03-24","17.28","17.37","17.23","17.27","32049","5.5381","0","-0.00804135554279151","112.875816993464","17.27","17.3665","16.9106666666667",,"-0.0097477064220185","-0.0405555555555557","0.161398789509079","-0.0378830083565459","-0.0664864864864863","48.0685842091637","0.177548354361694","51713.5141","0.619742142025502","False","True",,"True"
"2021-03-25","17.24","17.44","17.16","17.35","32871","5.6808","0","0.0046323103647945","113.398692810458","17.35","17.3445","16.9525",,"-0.0125213431986341","-0.0247329960652054","0.169137466307278","-0.033426183844011","-0.0621621621621619","50.0808656695752","0.175199632798629","49653.82195","0.661999654993325","True","True",,"True"
"2021-03-26","17.45","17.59","17.4","17.56","41482","7.271","0","0.0121037463976943","114.771241830065","17.56","17.325","16.9968333333333",,"0.0132717830351989","-0.0217270194986074","0.178523489932886","-0.00113765642775876","-0.0508108108108106","55.0091601931482","0.177924620271659","49746.1913","0.833865828035764","True","True",,"True"
"2021-03-29","17.72","17.8","17.69","17.7","54106","9.6087","0","0.00797266514806383","115.686274509804","17.7","17.333","17.0458333333333",,"0.0172413793103448","0.00912200684150499","0.199186991869918","0","-0.043243243243243","57.9870345498958","0.160621483112854","45549.05525","1.18786248590743","True","True",,"True"
"2021-03-30","17.77","17.87","17.69","17.87","52977","9.4308","0","0.00960451977401133","116.797385620915","17.87","17.359","17.0961666666667",,"0.0264215967834578","0.0299711815561956","0.203367003367003","0","-0.034054054054054","61.333757837644","0.157850885295918","44685.94285","1.1855471681068","True","True",,"True"
"2021-03-31","17.82","17.84","17.69","17.7","32942","5.8505","0","-0.00951315053161728","115.686274509804","17.7","17.365","17.1431666666667",,"0.0248986682107699","0.00682593856655278","0.189516129032258","-0.00951315053161716","-0.043243243243243","56.487839238637","0.156088001564256","44505.945","0.740161701992846","True","True",,"True"
"2021-04-01","17.8","17.83","17.67","17.71","22793","4.0428","0","0.000564971751412457","115.751633986928","17.71","17.3905","17.1888333333333",,"0.0207492795389048","0.0296511627906975","0.183032732130928","-0.00895355344152193","-0.0427027027027025","56.7045371320873","0.132730289968823","40963.66015","0.556419272997997","True","True",,"True"
"2021-04-06","17.95","18.02","17.93","17.96","65150","11.71","0","0.0141163184641446","117.385620915033","17.96","17.434","17.2361666666667",,"0.0227790432801824","0.050906963136337","0.187830687830687","0","-0.0291891891891888","61.8233218823941","0.13647452328555","40536.7877","1.60718864756025","True","True",,"True"
"2021-04-07","18","18.02","17.88","17.99","36099","6.4836","0","0.00167037861915365","117.581699346405","17.99","17.4835","17.2846666666667",,"0.0163841807909604","0.0582352941176472","0.192970822281168","0","-0.0275675675675673","62.3978393147017","0.13341191781714","39044.4804","0.924552449672246","True","True",,"True"
"2021-04-08","17.99","18.15","17.88","18.15","66108","11.9425","0","0.00889382990550303","118.627450980392","18.15","17.5445","17.3343333333333",,"0.0156687185226638","0.0720614294152395","0.196440342781806","0","-0.0189189189189186","65.3893987121664","0.132366835166204","38535.5174","1.71549945246097","True","True",,"True"
"2021-04-09","18.19","18.24","18.01","18.01","41111","7.4365","0","-0.00771349862258941","117.712418300654","18.01","17.598","17.3803333333333",,"0.0175141242937853","0.0631641086186538","0.180983606557376","-0.00771349862258952","-0.0264864864864862","60.8291423406766","0.137966391594043","38791.74685","1.05978911336394","True","True",,"True"
"2021-04-12","18.02","18.05","17.78","17.84","38645","6.9159","0","-0.00943920044419777","116.601307189543","17.84","17.624","17.4175",,"0.00734048560135525","0.0300230946882214","0.142857142857142","-0.0170798898071627","-0.0356756756756754","55.7452606590458","0.124467344083517","38661.0158","0.999588867502027","True","True",,"True"
"2021-04-13","17.84","18","17.75","17.76","33544","5.9989","0","-0.00448430493273533","116.078431372549","17.76","17.6425","17.4506666666667",,"-0.0111358574610243","0.0212765957446808","0.126188966391883","-0.0214876033057851","-0.0399999999999997","53.4800865359449","0.125838536266084","38869.14075","0.863001891802818","True","True",,"True"
"2021-04-14","17.8","17.9","17.5","17.78","57431","10.1574","0","0.00112612612612617","116.209150326797","17.78","17.663","17.4828333333333",,"-0.0116731517509727","0.0236039147956244","0.121766561514195","-0.0203856749311293","-0.0389189189189184","53.9835081291857","0.125561867387758","40627.25995","1.41360441414657","True","True",,"True"
"2021-04-15","17.8","17.9","17.68","17.9","28651","5.0971","0","0.00674915635545537","116.993464052288","17.9","17.685","17.5125",,"-0.0137741046831955","0.0252004581901484","0.110421836228287","-0.0137741046831956","-0.0324324324324321","56.9908948777627","0.12634263082947","40755.6126","0.7029942423194","True","True",,"True"
"2021-04-16","17.9","18","17.88","17.96","35348","6.345","0","0.00335195530726273","117.385620915033","17.96","17.711","17.538",,"-0.00277623542476413","0.0298165137614679","0.0931223371880714","-0.0104683195592286","-0.0291891891891888","58.4529724683295","0.126208252912699","40945.11545","0.863292766707781","True","True",,"True"
"2021-04-19","17.98","17.98","17.86","17.89","27352","4.897","0","-0.00389755011135862","116.928104575163","17.89","17.727","17.549",,"0.00280269058295968","0.018212862834377","0.0383052814857807","-0.0143250688705235","-0.0329729729729727","56.0586421683914","0.125536105995067","40132.55385","0.681529391382104","True","True",,"True"
"2021-04-20","17.88","17.99","17.8","17.96","28245","5.0618","0","0.00391280044717712","117.385620915033","17.96","17.7585","17.5725",,"0.0112612612612613","0.036353144835545","0.085196374622357","-0.0104683195592287","-0.0291891891891889","57.9151137338992","0.11334981224771","39154.09395","0.721380937484316","True","True",,"True"
"2021-04-21","17.96","17.96","17.82","17.83","28184","5.034","0","-0.00723830734966602","116.535947712418","17.83","17.78","17.5878333333333",,"0.00281214848143962","0.0247126436781602","0.0544056771141337","-0.0176308539944906","-0.0362162162162161","53.4027083606902","0.117405961156298","39058.36195","0.721590681044933","True","True",,"True"
"2021-04-22","17.9","17.95","17.75","17.76","37461","6.6874","0","-0.00392596747055507","116.078431372549","17.76","17.7975","17.6003333333333",,"-0.00782122905027938","0.0201033888569786","0.0440917107583765","-0.0214876033057851","-0.0399999999999997","51.0942217817089","0.118826282486152","39627.36445","0.945327642146537","False","True",,"True"
"2021-04-23","17.76","18.04","17.75","18.04","64196","11.5208","0","0.0157657657657657","117.908496732026","18.04","17.836","17.6175",,"0.00445434298440972","0.0445859872611458","0.0605526161081706","-0.00606060606060621","-0.0248648648648647","58.771485104703","0.12464863531822","41234.7365","1.55685449814867","True","True",,"True"
"2021-04-26","18.2","18.37","18.18","18.34","85528","15.6586","0","0.0166297117516629","119.869281045752","18.34","17.8855","17.641",,"0.0251537171604248","0.0570605187319879","0.0832841110454818","0","-0.00864864864864845","65.0940541419311","0.134614088347958","43867.60665","1.94968958945929","True","True",,"True"
"2021-04-27","18.41","18.5","18.34","18.37","44240","8.1484","0","0.00163576881134131","120.065359477124","18.37","17.926","17.6575",,"0.0228285077951003","0.0461275626423692","0.0569620253164556","0","-0.00702702702702696","65.6611626450198","0.130083349439638","44005.51805","1.00532567187901","True","True",,"True"
"2021-04-28","18.38","18.42","18.27","18.35","25688","4.7121","0","-0.00108873162765377","119.934640522876","18.35","17.9585","17.6735",,"0.0291643297812676","0.036723163841808","0.0552041403105232","-0.00108873162765377","-0.00810810810810803","64.9040991608851","0.128802628583824","42584.63695","0.603231443070927","True","True",,"True"
"2021-04-29","18.53","18.69","18.53","18.6","67074","12.481","0","0.013623978201635","121.56862745098","18.6","17.995","17.6835",,"0.0472972972972974","0.0408505875769449","0.033333333333333","0","0","69.6194504481192","0.132747771324522","43289.4832","1.54943448250729","True","True",,"True"
"2021-05-03","18.49","18.49","17.98","18","69846","12.6289","0","-0.0322580645161291","117.647058823529","18","18.01","17.6751666666667",,"-0.0022172949002216","0.0169491525423728","-0.0270270270270276","-0.0322580645161291","-0.0322580645161291","51.6748802032234","0.176377430392623","45134.68725","1.54749442735975","False","True",,"False"
"2021-05-04","18","18","17.4","17.76","77667","13.7328","0","-0.0133333333333332","116.078431372549","17.76","18.0125","17.6728333333333",,"-0.0316248636859323","0.00282326369282915","-0.0078212290502796","-0.0451612903225806","-0.0451612903225806","46.5107146294223","0.183483720756776","47878.3907","1.62217313206394","False","True",,"False"
"2021-05-05","17.76","17.82","17.48","17.48","59012","10.4082","0","-0.0157657657657658","114.248366013072","17.48","17.9885","17.6723333333333",,"-0.0484485574305933","-0.0267260579064585","-0.00171330668189673","-0.0602150537634408","-0.0602150537634408","41.3222791554475","0.18409294684813","47571.47605","1.24049066583462","False","True",,"False"
"2021-05-06","17.54","17.76","17.45","17.65","33610","5.9149","0","0.0097254004576659","115.359477124183","17.65","17.9715","17.673",,"-0.0381471389645776","-0.0188993885491942","0.00227143668370222","-0.0510752688172043","-0.0510752688172043","45.3112167501719","0.187989708049872","47447.04855","0.708371142718845","False","True",,"True"
"2021-05-07","17.79","18.05","17.78","18.04","39134","7.0278","0","0.0220963172804534","117.908496732026","18.04","17.966","17.6876666666667",,"-0.0301075268817204","-0.00606060606060577","0.051282051282052","-0.0301075268817204","-0.0301075268817204","53.1754748175202","0.202389693290899","46098.3678","0.848924720497371","True","True",,"True"
"2021-05-10","17.99","17.99","17.65","17.7","43702","7.7434","0","-0.0188470066518847","115.686274509804","17.7","17.9505","17.7021666666667",,"-0.0166666666666665","-0.0172126596335371","0.0516934046345812","-0.0483870967741934","-0.0483870967741934","46.8503214052432","0.211505547672546","46227.9141","0.94535948356796","False","True",,"True"
"2021-05-11","17.35","17.4","17.11","17.22","82631","14.2485","0","-0.0271186440677966","112.549019607843","17.22","17.9195","17.7036666666667",,"-0.0304054054054053","-0.0347533632286994","0.00525394045534133","-0.0741935483870967","-0.0741935483870967","39.6752481082919","0.229635276892921","48427.2174","1.70629640595456","False","True",,"True"
"2021-05-12","16.76","16.84","16","16.47","157962","26.0664","0","-0.0435540069686411","107.647058823529","16.47","17.855","17.6856666666667",,"-0.0577803203661326","-0.0726351351351348","-0.0615384615384615","-0.114516129032258","-0.114516129032258","31.545815492156","0.273651738263467","54648.11325","2.89053088214349","False","True",,"False"
"2021-05-13","16.1","16.58","15.82","16.22","96535","15.6948","0","-0.0151791135397693","106.013071895425","16.22","17.777","17.6623333333333",,"-0.0810198300283285","-0.0877390326209221","-0.0794551645856983","-0.127956989247312","-0.127956989247312","29.3844807538663","0.276011070277147","56603.32","1.70546549213014","False","True",,"False"
"2021-05-14","16.44","16.64","16.3","16.38","57296","9.4275","0","0.00986436498150423","107.058823529412","16.38","17.701","17.6443333333333",,"-0.0920177383592018","-0.0849162011173185","-0.0618556701030929","-0.119354838709677","-0.119354838709677","32.5687245169327","0.277900441495452","58035.58945","0.987262308231798","False","True",,"False"
"2021-05-17","15.71","16.37","15.71","16.11","77407","12.4252","0","-0.0164835164835164","105.294117647059","16.11","17.6085","17.6193333333333",,"-0.0898305084745764","-0.103006681514476","-0.0851788756388416","-0.133870967741936","-0.133870967741936","30.1019510942072","0.279589731912035","60138.57205","1.28714851984917","False","False",,"False"
"2021-05-18","16.3","16.91","16.26","16.9","51411","8.5664","0","0.0490378646803227","110.457516339869","16.9","17.559","17.5988333333333",,"-0.0185830429732871","-0.0553381777529346","-0.0678433535576394","-0.0913978494623655","-0.0913978494623655","43.5695465024556","0.339716499520784","61341.5297","0.838105411642514","False","False",,"False"
"2021-05-19","16.92","16.97","16.65","16.73","30091","5.0473","0","-0.010059171597633","109.346405228758","16.73","17.4975","17.5748333333333",,"0.01578627808136","-0.0684855233853006","-0.0792515134837644","-0.100537634408602","-0.100537634408602","41.7072736078346","0.33977042362647","61433.82365","0.48980991597452","False","False",,"False"
"2021-05-20","16.75","16.75","16.52","16.55","21420","3.5594","0","-0.0107591153616258","108.169934640523","16.55","17.4335","17.55",,"0.0203452527743526","-0.0717891194615814","-0.082594235033259","-0.110215053763441","-0.110215053763441","39.7690079236277","0.34053742788511","61095.6279","0.35060176540063","False","False",,"False"
"2021-05-21","16.75","16.99","16.75","16.85","27076","4.563","0","0.0181268882175227","110.130718954248","16.85","17.388","17.5295",,"0.0286935286935288","-0.0512387387387382","-0.0680309734513277","-0.0940860215053763","-0.0940860215053763","44.406261243026","0.349061739987417","60576.3714","0.44696822167199","False","False",,"False"
"2021-05-24","16.75","16.97","16.71","16.92","20763","3.494","0","0.00415430267062322","110.588235294118","16.92","17.332","17.5115",,"0.050279329608939","-0.0620842572062079","-0.0599999999999999","-0.0903225806451612","-0.0903225806451612","45.4613920932933","0.343436455725678","58404.698","0.355502514540868","False","False",,"False"
"2021-05-25","17.05","17.35","17.05","17.28","38287","6.594","0","0.0212765957446808","112.941176470588","17.28","17.279","17.503",,"0.0224852071005919","-0.0577971646673936","-0.0286677908937603","-0.0709677419354836","-0.0709677419354836","50.6489826753166","0.347329190347222","56042.61295","0.683167914282626","True","False",,"False"
"2021-05-26","17.35","17.37","17.16","17.21","14695","2.5341","0","-0.00405092592592593","112.483660130719","17.21","17.221","17.4906666666667",,"0.0286909742976691","-0.0631464344039193","-0.0412256267409472","-0.0747311827956989","-0.0747311827956989","49.6598662521978","0.346964216893636","54565.3527","0.269304078006995","False","False",,"False"
"2021-05-27","17.12","17.16","16.96","17.13","21726","3.707","0","-0.00464846019755971","111.960784313726","17.13","17.16","17.4838333333333",,"0.0350453172205436","-0.0664850136239781","-0.0233751425313571","-0.0790322580645162","-0.0790322580645162","48.4942815308853","0.34693019893369","54367.22305","0.399612078402816","False","False",,"False"
"2021-05-28","17.28","17.35","17.21","17.34","27318","4.7288","0","0.0122591943957968","113.333333333333","17.34","17.097","17.4836666666667",,"0.0290801186943619","-0.067741935483871","-0.000576368876081257","-0.0388026607538804","-0.067741935483871","51.6991282339869","0.346084794307647","52379.4342","0.521548989927806","True","False",,"False"
"2021-05-31","17.37","17.68","17.35","17.62","45477","7.9864","0","0.0161476355247983","115.163398692811","17.62","17.078","17.4843333333333",,"0.0413711583924348","-0.0211111111111111","0.00227531285551796","-0.0232815964523282","-0.0526881720430108","55.6606709919449","0.334789422170926","51160.9926","0.888896846774627","True","False",,"True"
"2021-06-01","17.69","17.8","17.61","17.62","25818","4.5665","0","0","115.163398692811","17.62","17.071","17.4913333333333",,"0.0196759259259258","-0.00788288288288275","0.0244186046511625","-0.0232815964523282","-0.0526881720430108","55.6606709919449","0.331527907326476","48568.55385","0.531583956148614","True","False",,"True"
"2021-06-02","17.65","17.71","17.4","17.45","23370","4.0923","0","-0.00964812712826346","114.052287581699","17.45","17.0695","17.4973333333333",,"0.0139453805926786","-0.00171624713958785","0.0210649502633118","-0.0327050997782706","-0.0618279569892474","52.6216473738805","0.328412117309446","46786.46085","0.499505873610015","True","False",,"True"
"2021-06-03","17.55","17.63","17.5","17.55","22734","3.9914","0","0.00573065902578795","114.705882352941","17.55","17.0645","17.5065",,"0.0245183887915934","-0.00566572237960317","0.03235294117647","-0.0271618625277165","-0.056451612903226","54.205570334345","0.327165753133613","46242.65325","0.49162334775849","True","False",,"True"
"2021-06-04","17.46","17.46","17.36","17.45","16714","2.9123","0","-0.00569800569800583","114.052287581699","17.45","17.035","17.5151666666667",,"0.00634371395617039","-0.0327050997782707","0.0307147076196101","-0.0141242937853111","-0.0618279569892476","52.3218271938737","0.316889664974291","45121.66865","0.370428499212872","True","False",,"True"
"2021-06-07","17.46","17.49","17.1","17.46","26636","4.6245","0","0.000573065902578884","114.117647058824","17.46","17.023","17.5238333333333",,"-0.0090805902383656","-0.0135593220338986","0.0306965761511206","-0.00908059023836572","-0.0612903225806454","52.4995977113833","0.310194491360878","44268.378","0.601697762678362","True","False",,"True"
"2021-06-08","17.48","17.54","17.4","17.41","13735","2.3973","0","-0.00286368843069873","113.790849673203","17.41","17.0325","17.5253333333333",,"-0.0119182746878548","0.0110336817653887","0.00519630484988487","-0.011918274687855","-0.0639784946236561","51.4663179577878","0.294122191998491","40823.5862","0.336456256750907","True","False",,"True"
"2021-06-09","17.38","17.4","17.27","17.34","12015","2.0813","0","-0.00402067777139581","113.333333333333","17.34","17.076","17.5245",,"-0.00630372492836695","0.052823315118397","-0.00287521564117288","-0.0158910329171399","-0.0677419354838712","49.9831236278331","0.244500149201514","33526.22935","0.358373793681633","True","False",,"False"
"2021-06-10","17.4","17.63","17.39","17.63","28944","5.0848","0","0.0167243367935408","115.228758169935","17.63","17.1465","17.5288333333333",,"0.00455840455840439","0.0869297163995064","0.0149683362118591","0","-0.0521505376344089","55.6814246790927","0.239759032893889","30146.6711","0.960100831829488","True","False",,"True"
"2021-06-11","17.69","17.77","17.65","17.65","23371","4.138","0","0.00113442994895063","115.359477124183","17.65","17.21","17.532","17.0973333333333","0.0114613180515757","0.077533577533577","0.0108820160366547","0","-0.0510752688172046","56.0532782779254","0.239065275331127","28450.38915","0.821454879818401","True","False","True","True"
"2021-06-15","17.74","17.86","17.74","17.82","20030","3.566","0","0.00963172804532597","116.470588235294","17.82","17.2955","17.5383333333333","17.1183333333333","0.0206185567010309","0.106145251396648","0.0217889908256887","0","-0.041935483870968","59.1878571713558","0.227292602566982","25581.52995","0.782990307426863","True","False","True","True"
"2021-06-16","17.8","17.81","17.7","17.74","14720","2.6157","0","-0.00448933782267125","115.947712418301","17.74","17.3375","17.5411666666667","17.141","0.0189546237794371","0.0497041420118343","0.00967558338076269","-0.00448933782267125","-0.0462365591397853","57.1230024703827","0.159533469308239","23747.0117","0.619880226866608","True","False","True","True"
"2021-06-17","17.67","17.79","17.59","17.79","13029","2.3034","0","0.00281848928974071","116.274509803922","17.79","17.3905","17.5488333333333","17.1656666666667","0.0259515570934257","0.0633592349073524","0.0265435660703974","-0.00168350168350173","-0.0435483870967744","58.1067101169062","0.152507179223584","22893.93575","0.569119138896858","True","False","True","True"
"2021-06-18","17.84","17.85","17.73","17.73","15440","2.7491","0","-0.00337268128161883","115.882352941177","17.73","17.4495","17.5543333333333","17.1911666666667","0.00567214974475339","0.0712990936555886","0.0189655172413785","-0.00505050505050508","-0.0467741935483873","56.4335220215036","0.145693154742049","22594.93275","0.683346800401519","True","False","True","True"
"2021-06-21","17.65","17.67","17.31","17.35","32082","5.5919","0","-0.0214326001128031","113.398692810458","17.35","17.4745","17.5533333333333","17.212","-0.0169971671388102","0.0296735905044507","-0.00344629523262474","-0.026374859708193","-0.067204301075269","47.1695498822744","0.159952071537506","22845.26005","1.40432890366682","False","False","True","False"
"2021-06-22","17.43","17.47","17.22","17.24","19382","3.3514","0","-0.00634005763688783","112.679738562092","17.24","17.4905","17.5528333333333","17.23175","-0.0325476992143662","0.018912529550827","-0.00173711638679852","-0.032547699214366","-0.0731182795698928","44.8731857247742","0.161977072426166","22776.19915","0.850967225582939","False","False","True","False"
"2021-06-23","17.33","17.62","17.3","17.61","22064","3.8628","0","0.021461716937355","115.098039215686","17.61","17.507","17.5571666666667","17.2548333333333","-0.00732807215332598","0.0190972222222217","0.0149855907780974","-0.011784511784512","-0.0532258064516133","53.1373605459552","0.16228567284089","21965.0793","1.00450891611395","True","False","True","True"
"2021-06-24","17.62","17.69","17.57","17.6","11544","2.0355","0","-0.0005678591709255","115.032679738562","17.6","17.5265","17.5578333333333","17.2773333333333","-0.0106801573917932","0.0226612434631026","0.00227790432801855","-0.0123456790123456","-0.0537634408602152","52.9065111816136","0.161317124683821","21807.54325","0.529355868639628","True","False","True","True"
"2021-06-25","17.7","17.79","17.59","17.61","23188","4.1096","0","0.000568181818181746","115.098039215686","17.61","17.5505","17.5563333333333","17.3010833333333","-0.00676818950930635","0.0280210157618208","-0.00508474576271234","-0.011784511784512","-0.0532258064516133","53.1258154646723","0.159877941065014","21880.66245","1.05975689963628","True","False","True","False"
"2021-06-28","17.62","17.64","17.5","17.6","9713","1.7079","0","-0.0005678591709255","115.032679738562","17.6","17.5635","17.5518333333333","17.324","0.0144092219020175","0.0149942329873123","-0.015109121432568","-0.0123456790123456","-0.0537634408602152","52.8607189625885","0.154756818508039","21000.3909","0.462515676315339","True","True","True","False"
"2021-06-29","17.7","17.77","17.68","17.7","25438","4.5091","0","0.00568181818181812","115.686274509804","17.7","17.5675","17.5518333333333","17.3475","0.0266821345707657","0.00454029511918264","-4.44089209850063E-16","-0.00673400673400704","-0.0483870967741941","55.264712543185","0.145141533547566","19998.43745","1.27198817725632","True","True","True","False"
"2021-06-30","17.75","17.91","17.75","17.79","32257","5.7568","0","0.0050847457627119","116.274509803922","17.79","17.576","17.5531666666667","17.371","0.0102214650766612","0.00964812712826335","0.00451722190852633","-0.00168350168350173","-0.0435483870967744","57.371762898449","0.146136687501598","20320.354","1.58740320173556","True","True","True","True"
"2021-07-01","17.82","17.83","17.65","17.66","12771","2.2607","0","-0.00730747611017424","115.424836601307","17.66","17.5865","17.5481666666667","17.3921666666667","0.00340909090909092","0.0120343839541546","-0.016703786191537","-0.00897867564534249","-0.0505376344086026","53.4552414930743","0.144199893866951","19790.38505","0.645299875052204","True","True","True","False"
"2021-07-02","17.66","17.75","17.64","17.7","14211","2.5153","0","0.0022650056625142","115.686274509804","17.7","17.594","17.5433333333333","17.414","0.00511073253833083","0.00854700854700874","-0.0161200667037243","-0.00673400673400704","-0.0483870967741941","54.4848209938323","0.143096892612266","19364.22145","0.733863534699455","True","True","True","False"
"2021-07-05","17.77","18.01","17.77","17.98","40865","7.333","0","0.0158192090395481","117.516339869281","17.98","17.6205","17.5405","17.4374166666667","0.0215909090909092","0.0303724928366766","-0.00936639118457283","0","-0.0333333333333335","60.9898527201633","0.150974186209221","20571.7381","1.98644785391274","True","True","True","False"
"2021-07-06","18.01","18.08","17.91","17.92","18053","3.2452","0","-0.00333704115684086","117.124183006536","17.92","17.6435","17.539","17.4596666666667","0.0124293785310736","0.0263459335624283","-0.00499722376457556","-0.00333704115684086","-0.0365591397849464","59.0425382719599","0.151941235896933","20142.56375","0.896246238763921","True","True","True","False"
"2021-07-07","17.92","17.99","17.87","17.93","18125","3.2514","0","0.000558035714285587","117.18954248366","17.93","17.6695","17.5405","17.479","0.00786958965711082","0.0298678920160829","0.00504484304932706","-0.00278086763070107","-0.0360215053763445","59.2759180578865","0.151167792147992","20362.0596","0.890149049558818","True","True","True","True"
"2021-07-08","17.97","18.03","17.89","17.97","17354","3.1194","0","0.0022308979364194","117.450980392157","17.97","17.701","17.544","17.4973333333333","0.0175537938844847","0.0363321799307958","0.0118243243243246","-0.000556173526140236","-0.0338709677419358","60.2515698766218","0.149753291181214","20629.0093","0.841238459279768","True","True","True","True"
"2021-07-09","17.81","17.84","17.71","17.79","13701","2.4347","0","-0.010016694490818","116.274509803922","17.79","17.709","17.5441666666667","17.5135","0.00508474576271167","0.00907543959160528","0.00056242969628828","-0.010567296996663","-0.0435483870967744","53.983914279814","0.144463277327538","19866.8528","0.689626793832187","True","True","True","True"
"2021-07-12","17.99","18.05","17.96","18.02","39628","7.1391","0","0.0129286115795391","117.777777777778","18.02","17.7275","17.5461666666667","17.5293333333333","0.0022246941045605","0.0209631728045327","0.00670391061452502","0","-0.031182795698925","59.7460707863984","0.151074790542327","20679.72455","1.91628016631392","True","True","True","True"
"2021-07-13","18.1","18.28","18.09","18.15","40170","7.3132","0","0.00721420643729176","118.627450980392","18.15","17.744","17.5493333333333","17.5436666666667","0.0128348214285712","0.0185185185185182","0.0105790645879733","0","-0.0241935483870971","62.5969730357968","0.149495421900409","21686.7183","1.85228416970769","True","True","True","True"
"2021-07-14","18.23","18.3","18.15","18.21","40874","7.4445","0","0.00330578512396706","119.019607843137","18.21","17.7675","17.5546666666667","17.5518333333333","0.015616285554936","0.0264937993235626","0.0178870877585242","0","-0.0209677419354841","63.8688593716285","0.148282575714438","22994.3985","1.77755930428013","True","True","True","True"
"2021-07-15","18.25","18.35","18.24","18.35","31249","5.7263","0","0.00768808347062055","119.934640522876","18.35","17.7955","17.5611666666667","17.5668333333333","0.0211463550361717","0.0314783586284428","0.0217149220489981","0","-0.013440860215054","66.7131605502147","0.149920744464873","23905.38985","1.30720327909649","True","True","True","True"
"2021-07-16","18.07","18.22","18.03","18.21","17866","3.2413","0","-0.00762942779291553","119.019607843137","18.21","17.8195","17.5675","17.5776666666667","0.0236087689713322","0.0270727580372254","0.021312394840157","-0.00762942779291553","-0.0209677419354841","61.499417821929","0.152529560660761","24026.7028","0.743607400013289","True","True","True","True"
"2021-07-19","18.15","18.15","17.9","17.99","16775","3.0174","0","-0.0120812740252609","117.581699346405","17.99","17.8515","17.5713333333333","17.5858333333333","-0.00166481687014453","0.0368876080691647","0.0129504504504507","-0.0196185286103544","-0.0327956989247316","54.3157945802322","0.136777940394323","23261.32175","0.721138642949212","True","True","True","True"
"2021-07-20","17.88","17.99","17.81","17.84","16295","2.9133","0","-0.00833796553640909","116.601307189543","17.84","17.8815","17.568","17.59275","-0.0170798898071625","0.0348027842227381","-0.0110864745011089","-0.0277929155313354","-0.0408602150537639","50.0252258623308","0.138536780338316","23106.9984","0.705211975952705","False","True","True","False"
"2021-07-21","17.95","17.98","17.7","17.78","14496","2.5848","0","-0.00336322869955152","116.209150326797","17.78","17.89","17.5586666666667","17.5998333333333","-0.0236133992311917","0.00965360590573594","-0.0305343511450382","-0.0310626702997278","-0.0440860215053767","48.3789968233227","0.118219283465963","22728.58515","0.637780702332895","False","True","True","False"
"2021-07-22","17.93","18.09","17.91","17.98","17316","3.1206","0","0.0112485939257592","117.516339869281","17.98","17.909","17.5521666666667","17.6048333333333","-0.0201634877384197","0.021590909090909","-0.0212302667392493","-0.0201634877384198","-0.0333333333333338","53.8327854443081","0.124089782320448","23017.1977","0.752315821660601","True","True","True","False"
"2021-07-23","18.06","18.11","17.91","17.93","11056","1.9932","0","-0.00278086763070085","117.18954248366","17.93","17.925","17.5451666666667","17.6093333333333","-0.0153761669412413","0.0181714934696198","-0.0228882833787465","-0.0228882833787468","-0.0360215053763445","52.3438955105587","0.124846428411263","22410.5977","0.493346190405265","True","True","True","False"
"2021-07-26","18","18.02","17.83","17.84","8969","1.6051","0","-0.00501952035694364","116.601307189542","17.84","17.937","17.5325","17.608","-0.00833796553640931","0.0136363636363634","-0.0408602150537637","-0.0277929155313354","-0.0277929155313354","49.6803648122762","0.126543366509804","22373.3827","0.400865176279312","False","True","True","False"
"2021-07-27","17.88","18.02","17.88","17.92","10920","1.9599","0","0.00448430493273544","117.124183006536","17.92","17.948","17.5311666666667","17.6031666666667","0.00448430493273544","0.012429378531073","-0.00444444444444514","-0.0234332425068123","-0.0234332425068123","52.0176173344863","0.125989216163998","21647.4932","0.504445752638001","False","True","True","False"
"2021-07-28","17.86","17.86","17.44","17.63","23436","4.1187","0","-0.0161830357142858","115.228758169935","17.63","17.94","17.529","17.6009166666667","-0.00843644544431954","-0.0089938167509841","-0.00731981981981977","-0.0392370572207089","-0.0392370572207089","44.0332332027063","0.138091672835392","21206.4884","1.10515699525245","False","True","True","False"
"2021-07-29","17.78","17.92","17.71","17.92","10591","1.889","0","0.0164492342597846","117.124183006536","17.92","17.953","17.5363333333333","17.6043333333333","-0.00333704115684086","0.0147225368063424","0.0251716247139591","-0.0234332425068123","-0.0234332425068123","51.9722683737847","0.147775039369244","21097.47965","0.501982140790926","False","True","True","True"
"2021-07-30","17.93","17.93","17.81","17.83","7661","1.3687","0","-0.00502232142857162","116.535947712418","17.83","17.9595","17.5393333333333","17.6061666666667","-0.00557724484104871","0.00734463276836106","0.0101983002832855","-0.0283378746594011","-0.0283378746594011","49.6198107654978","0.149057063788392","20769.98565","0.36884069777872","False","True","True","True"
"2021-08-02","17.89","18.03","17.87","18.03","15350","2.7591","0","0.0112170499158724","117.843137254902","18.03","17.962","17.5391666666667","17.6134166666667","0.0106502242152466","0.00278086763070062","-0.000554323725055927","-0.017438692098093","-0.017438692098093","54.5437829753808","0.143539099410824","19494.2338","0.787394270402153","True","True","True","False"
"2021-08-03","18.06","18.12","18.03","18.11","16929","3.0622","0","0.00443704936217415","118.366013071895","18.11","17.9715","17.546","17.6240833333333","0.0106026785714286","0.0106026785714284","0.0231638418079083","-0.0130790190735698","-0.0130790190735698","56.3802520734868","0.143666891948965","19438.0638","0.87093535519726","True","True","True","True"
"2021-08-04","18.14","18.29","18.14","18.26","27560","5.0227","0","0.00828271673108794","119.346405228758","18.26","17.988","17.5633333333333","17.6335","0.0357345433919458","0.0184049079754602","0.0603948896631812","-0.00490463215258874","-0.00490463215258874","59.670293398896","0.146254291107469","19909.80615","1.38424828410497","True","True","True","True"
"2021-08-05","18.28","18.45","18.27","18.42","26596","4.8895","0","0.00876232201533411","120.392156862745","18.42","18.0105","17.5958333333333","17.64075","0.0279017857142858","0.0250417362270456","0.1183970856102","0","0","62.8859519938562","0.148826397788354","20371.89875","1.30551247708317","True","True","True","True"
"2021-08-06","18.42","18.42","18.2","18.32","14201","2.5985","0","-0.00542888165038014","119.738562091503","18.32","18.037","17.6308333333333","17.6465833333333","0.0274817722938869","0.0297920179876332","0.129469790382244","-0.00542888165038014","-0.00542888165038014","59.6829314925204","0.145051090722407","20396.91425","0.696233941366891","True","True","True","True"
"2021-08-09","18.3","18.3","18.09","18.19","12996","2.3619","0","-0.00709606986899558","118.888888888889","18.19","18.0455","17.661","17.6526666666667","0.0088740987243483","0.00943396226415127","0.11050061050061","-0.0124864277958738","-0.0124864277958738","55.7103740250075","0.141513807086303","19065.28295","0.68163268460697","True","True","True","True"
"2021-08-10","18.24","18.28","18.04","18.08","31880","5.7778","0","-0.00604727872457411","118.169934640523","18.08","18.042","17.6938333333333","17.6565833333333","-0.00165654334621768","-0.00385674931129476","0.122284295468653","-0.0184581976112921","-0.0184581976112921","52.5245872404614","0.141006207209498","18650.7922","1.70931881381425","True","True","True","True"
"2021-08-11","18.05","18.07","17.91","17.97","29738","5.3432","0","-0.00608407079646012","117.450980392157","17.97","18.03","17.7116666666667","17.65525","-0.0158817086527933","-0.0131795716639211","0.0633136094674556","-0.02442996742671","-0.02442996742671","49.4775781561275","0.141885499448056","18093.976","1.64350737505123","False","True","True","True"
"2021-08-12","18","18.09","17.96","17.97","16685","3.0037","0","0","117.450980392157","17.97","18.011","17.7323333333333","17.6535833333333","-0.0244299674267101","-0.0207084468664851","0.0741183502689784","-0.02442996742671","-0.02442996742671","49.4775781561275","0.138494946782126","17365.769","0.960801908628406","False","True","True","True"
"2021-08-13","18","18","17.77","17.77","46256","8.2404","0","-0.0111296605453534","116.143790849673","17.77","17.989","17.7526666666667","17.6513333333333","-0.0300218340611355","-0.0241625480505219","0.0737160120845928","-0.03528773072747","-0.03528773072747","44.0848652997324","0.141243963829285","18785.2611","2.46237067207972","False","True","True","True"
"2021-08-16","17.77","17.77","17.51","17.58","53542","9.4253","0","-0.0106921778277997","114.901960784314","17.58","17.9685","17.7648333333333","17.6471666666667","-0.0335349092908194","-0.0227904391328518","0.0433234421364981","-0.0456026058631922","-0.0456026058631922","39.6622011210764","0.139902306848742","20623.6389","2.59615649108364","False","True","False","True"
"2021-08-17","17.18","17.18","16.94","16.95","51315","8.7234","0.54","-0.00511945392491464","114.313725490196","17.49","17.951","17.7743333333333","17.6429166666667","-0.0326327433628318","-0.0196188340807177","0.0336879432624109","-0.0504885993485342","-0.0504885993485342","37.731258669797","0.138154009288019","22374.64295","2.29346287735957","False","True","False","True"
"2021-08-18","16.78","17.02","16.65","17.02","36658","6.1558","0","0.00412979351032461","114.785817571867","17.5622300884956","17.9401115044248","17.7790371681416","17.6410185840708","-0.022691703478265","-0.0122480265188087","0.0163327597509013","-0.0465673133281443","-0.0465673133281443","40.2455916366192","0.138978958668772","23482.7397","1.56105243546178","False","True","False","True"
"2021-08-19","16.99","16.99","16.62","16.63","49348","8.2487","0","-0.0229142185663925","112.155590259703","17.1598053097345","17.8991017699115","17.7782005899705","17.6344336283186","-0.0450859593915128","-0.0456170573006389","-0.00291660024784968","-0.0684144782988861","-0.0684144782988861","32.396752460806","0.152648945795797","25084.34315","1.96729372999348","False","True","False","False"
"2021-08-20","16.65","16.73","16.42","16.57","25697","4.26","0","-0.00360793746241728","111.750939903985","17.0978938053097","17.857496460177","17.7776654867257","17.6307494100295","-0.0378225208041791","-0.0464085998154081","-0.00187426705722615","-0.0717755806020772","-0.0717755806020772","31.3827264116165","0.152712599622125","25816.39785","0.995385845434668","False","True","False","False"
"2021-08-23","16.72","17.05","16.72","17.03","14995","2.5411","0","0.0277610138805069","114.853259297819","17.5725486725664","17.8441238938053","17.7815412979351","17.6326039823009","-0.000423852527510094","-0.0149916663359658","0.0134111114513478","-0.046007129610946","-0.046007129610946","45.4738012399722","0.185798809483856","26117.70015","0.574122373481648","False","True","False","True"
"2021-08-24","17.15","17.15","17.03","17.06","10210","1.7446","0","0.00176159718144442","115.055584475678","17.6035044247788","17.8282991150443","17.7812663716814","17.6327998525074","0.00648967551622426","-0.0176615834386852","-0.000936184745813362","-0.0443265784593506","-0.0443265784593506","46.249056746239","0.185042944629662","26082.21645","0.391466423859081","False","True","False","False"
"2021-08-25","17.12","17.23","17.11","17.2","10354","1.7798","0","0.00820633059788989","115.999768639019","17.7479646017699","17.8341973451327","17.7833991150443","17.6373662241888","0.0105757931844888","0.00669112885819168","0.00726246321055157","-0.0364840064185714","-0.0364840064185714","49.8336786736868","0.178327345260672","25428.07795","0.407177019842351","False","True","True","True"
"2021-08-26","17.35","17.38","17.13","17.22","18575","3.1956","0","0.00116279069767433","116.134652090925","17.7686017699115","17.8266274336283","17.7887091445428","17.6430212389381","0.0354780517137701","-0.00844856194690269","0.018257981083754","-0.0353636389841746","-0.0353636389841746","50.3431538674643","0.168030838275725","25827.29795","0.719198657016306","False","True","True","True"
"2021-08-27","17.2","17.36","17.13","17.32","9829","1.7004","0","0.00580720092915232","116.809069350454","17.8717876106195","17.8287168141593","17.7940722713864","17.6502861356932","0.0452625226312613","0.00234366857091817","0.0183354763885741","-0.0297618018121893","-0.0297618018121893","52.9178262862781","0.16845153581618","25935.70855","0.378976652249587","True","True","True","True"
"2021-08-30","17.4","17.47","17.37","17.47","11476","2","0","0.00866050808314078","117.820695239748","18.0265663716814","17.8285451327434","17.8036817109145","17.6594241887906","0.0258367586611863","-0.000190439729261582","0.03304105281842","-0.0213590460542119","-0.0213590460542119","56.5565037396519","0.166460617378908","25742.02105","0.445804079551866","True","True","True","True"
"2021-08-31","17.49","17.55","17.29","17.55","15548","2.7096","0","0.00457927876359476","118.360229047371","18.1091150442478","17.8285008849558","17.8145002949853","17.6691668141593","0.0287221570926146","-4.88655854341546E-05","0.0371772648480968","-0.0168775763166239","-0.0168775763166239","58.4029350418652","0.166511175546441","25672.9333","0.605600529488385","True","True","True","True"
"2021-09-01","17.55","17.79","17.55","17.76","28333","5.0131","0","0.0119658119658119","119.776505292382","18.3258053097345","17.8317911504425","17.8297637168142","17.6775485250737","0.032558139534884","0.00360379571382863","0.0526022578825114","-0.00511371825545526","-0.00511371825545526","62.8647240694124","0.16941443566603","25711.5773","1.10195476027836","True","True","True","True"
"2021-09-02","17.75","17.92","17.67","17.67","29598","5.27","0","-0.00506756756756754","119.169529758806","18.2329380530973","17.8224380530974","17.8446460176991","17.6845730088496","0.0261324041811846","-0.0101553717102417","0.0514958508129959","-0.00506756756756765","-0.0101553717102419","59.8993703966325","0.167279638680754","25861.69895","1.14448014638265","True","False","True","True"
"2021-09-03","17.75","17.93","17.72","17.91","35549","6.3451","0","0.0135823429541595","120.788131181676","18.4805840707965","17.8304672566372","17.8588224188791","17.6938278761062","0.0340646651270204","0.00876550604784132","0.0482464022005931","0","0","64.6834769184603","0.173290139083183","26929.1103","1.32010492006489","True","False","True","True"
"2021-09-06","17.9","18.03","17.87","17.89","34030","6.1133","0","-0.0011166945840313","120.65324772977","18.4599469026549","17.8439646017699","17.8723215339233","17.7021607669617","0.0240412135088721","0.014840401465358","0.0458893429266209","-0.0011166945840313","-0.0011166945840313","63.9982706526289","0.171103082370599","27980.83725","1.21619159197961","True","False","True","True"
"2021-09-07","17.9","17.93","17.66","17.75","14873","2.6421","0","-0.00782560089435447","119.70906356643","18.3154867256637","17.8557389380531","17.8805796460177","17.7094564896755","0.0113960113960112","0.0130247082778603","0.0278050912269192","-0.00893355667225015","-0.00893355667225015","59.265528397173","0.172159026836225","27130.47345","0.548198100096186","True","False","True","True"
"2021-09-08","17.71","17.77","17.45","17.53","25603","4.5029","0","-0.012394366197183","118.225345595465","18.0884778761062","17.8616628318584","17.8863876106195","17.7137771386431","-0.0129504504504506","0.00659309271598163","0.019643623230337","-0.021217197096594","-0.021217197096594","52.6735397879523","0.176851730607957","26923.7282","0.950933608072897","True","False","True","True"
"2021-09-09","17.48","17.6","17.4","17.54","10053","1.7587","0","0.00057045065601824","118.292787321418","18.098796460177","17.8681026548673","17.8915342182891","17.7201837758112","-0.00735710243350318","0.00716730440606494","0.0173578673511512","-0.0206588498045784","-0.0206588498045784","52.9298241520788","0.176846747117253","26592.12305","0.378042812944941","True","False","True","True"
"2021-09-10","17.54","17.74","17.54","17.73","14239","2.5183","0","0.0108323831242874","119.574180114524","18.2948495575221","17.8943451327434","17.9009483775811","17.7276408554572","-0.0100502512562815","0.0295357094835185","0.0318584070796459","-0.0100502512562815","-0.0100502512562815","57.6251384120032","0.175002810310696","24991.2642","0.569763053443291","True","False","True","True"
"2021-09-13","17.73","17.75","17.59","17.63","8883","1.5663","0","-0.00564015792442196","118.899762854995","18.1916637168142","17.9249283185841","17.9149761061947","17.734154719764","-0.0145332588038011","0.0347931579530238","0.0485108770498086","-0.015633724176438","-0.015633724176438","54.5414088864148","0.17120687594135","22758.3197","0.390332156200442","True","True","True","True"
"2021-09-14","17.65","17.73","17.63","17.7","6928","1.2257","0","0.00397050482132721","119.371854936665","18.2638938053097","17.9636230088496","17.9320410029499","17.7424371681416","-0.00281690140845081","0.0442477876106195","0.0593905919553197","-0.0117252931323285","-0.0117252931323285","56.3041448454758","0.169388588906382","20538.9457","0.337307138408765","True","True","True","True"
"2021-09-15","17.69","17.69","17.52","17.59","10176","1.7892","0","-0.0062146892655367","118.629995951183","18.150389380531","17.9930309734513","17.9410474926254","17.749107079646","0.00342270393610922","0.033490011750881","0.0306865065605324","-0.0178671133445004","-0.0178671133445004","52.8368742359176","0.171805330471988","19214.8337","0.529567320689328","True","True","True","True"
"2021-09-16","17.6","17.65","17.45","17.52","15968","2.797","0","-0.00397953382603755","118.157903869512","18.0781592920354","18.0389486725664","17.9490168141593","17.7534250737463","-0.00114025085518832","0.0535177390258563","0.0271681415929204","-0.0217755443886097","-0.0217755443886097","50.6973241987196","0.147205803822172","17545.8151","0.910068806093825","True","True","True","True"
"2021-09-17","17.52","17.69","17.45","17.64","10547","1.8534","0","0.00684931506849318","118.967204580947","18.201982300885","18.0941530973451","17.9588831858407","17.757608259587","-0.00507614213197982","0.0645745322872657","0.0336162578583168","-0.0150753768844223","-0.0150753768844223","54.126686216131","0.14598396143749","16788.3139","0.628249689803572","True","True","True","True"
"2021-09-22","17.29","17.33","17.2","17.32","41754","7.2043","0","-0.018140589569161","116.809069350454","17.8717876106195","18.1091150442478","17.963412979351","17.7576231563422","-0.0175836642087351","0.0170287727539635","0.0154424778761062","-0.0329424902289225","-0.0329424902289225","45.1148069971072","0.133870333497477","18126.28145","2.30351200907785","False","True","True","True"
"2021-09-23","17.4","17.49","17.37","17.44","7147","1.246","0","0.00692840646651272","117.618370061889","17.995610619469","18.1287203539823","17.9683398230089","17.7600865781711","-0.0146892655367231","0.022274325908558","0.0167011649417521","-0.026242322724735","-0.026242322724735","48.5727152749528","0.135567966671767","17973.135","0.397670356340171","False","True","True","True"
"2021-09-24","17.5","17.57","17.5","17.55","5383","0.9441","0","0.0063073394495412","118.360229047371","18.1091150442478","18.1467778761062","17.9736584070797","17.7634125368732","-0.00227401932916438","0.0203488372093019","0.0179378889402908","-0.020100502512563","-0.020100502512563","51.5839443920716","0.134417247613536","17724.58185","0.303683666308889","False","True","True","True"
"2021-09-27","17.56","17.66","17.53","17.6","11352","1.9991","0","0.00284900284900291","118.697437677136","18.1607079646018","18.1663831858407","17.982003539823","17.7650851032448","0.00456621004566204","0.0220673635307771","0.0283526593772248","-0.0173087660524849","-0.0173087660524849","52.9329966026017","0.134570544466757","17363.43305","0.653786723357683","False","True","True","True"
"2021-09-28","17.57","17.57","17.4","17.49","9420","1.6453","0","-0.0062500000000002","117.955578691654","18.047203539823","18.1751539823009","17.9877902654867","17.76556179941","-0.0085034013605445","0.0098152424942255","0.0196160191990389","-0.023450586264657","-0.023450586264657","49.6549914747418","0.13580802858033","17342.95965","0.543134516258878","False","True","True","True"
"2021-09-29","17.26","17.26","17.1","17.15","54878","9.4096","0","-0.0194396798170383","115.662560009254","17.6963716814159","18.1586442477876","17.9830631268437","17.7617815634218","-0.00981524249422672","-0.0183171150543793","-0.0157746562060113","-0.0424343941931886","-0.0424343941931886","41.1686469848384","0.149424279336814","19513.07935","2.81238501702705","False","True","False","False"
"2021-09-30","17.15","17.18","16.95","17.13","28120","4.7926","0","-0.00116618075801744","115.527676557349","17.6757345132743","18.1369752212389","17.9789920353982","17.7589960176991","-0.0177752293577983","-0.0239316239316244","-0.013630886536031","-0.0435510887772197","-0.0435510887772197","40.7277029978725","0.148024523403269","20141.70445","1.3961104468495","False","True","False","False"
"2021-10-01","17.03","17.03","16.75","16.81","66328","11.1753","0","-0.0186806771745476","113.369541326855","17.3455398230088","18.0879619469027","17.9692510324484","17.7548755162242","-0.0421652421652422","-0.0534909909909914","-0.0325967750692231","-0.0614182021217199","-0.0614182021217199","34.3823343816148","0.151879880173172","22041.4529","3.00923738108026","False","True","False","False"
"2021-10-04","16.9","16.94","16.63","16.67","27329","4.5695","0","-0.00832837596668634","112.425357163514","17.2010796460177","18.0363690265487","17.9564356932153","17.7502178466077","-0.0528409090909091","-0.0565930956423314","-0.0427891126311799","-0.0692350642099385","-0.0692350642099385","32.0310717068057","0.152990678843314","21928.00755","1.24631907106398","False","True","False","False"
"2021-10-05","16.54","16.67","16.38","16.64","39964","6.593","0","-0.00179964007198563","112.223031985656","17.1701238938053","17.9708460176991","17.9461044247788","17.7451355457227","-0.0485991995425955","-0.0709101060859856","-0.0348440756714279","-0.0698714365567357","-0.0709101060859856","31.5334321044036","0.140273588316047","22148.73215","1.80433546847511","False","True","False","False"
"2021-10-06","16.78","16.78","16.55","16.64","26132","4.345","0","0","112.223031985656","17.1701238938053","17.9063548672566","17.9319398230089","17.7390532448378","-0.0297376093294459","-0.069871436556736","-0.047162935970849","-0.0625352112676058","-0.0709101060859856","31.5334321044036","0.140594958489216","21753.82165","1.20125325197745","False","False","False","False"
"2021-10-07","16.79","17.08","16.78","17.04","20866","3.5441","0","0.0240384615384615","114.920701023772","17.5828672566372","17.8697238938053","17.9224876106195","17.7359104719764","-0.00525394045534144","-0.04","-0.0312469831053904","-0.0389170896785112","-0.0485762144053603","44.7958644546324","0.170203980087864","22053.4651","0.946143515560283","False","False","False","False"
"2021-10-08","17.12","17.12","16.93","16.97","11929","2.03","0","-0.00410798122065725","114.448608942102","17.5106371681416","17.8408318584071","17.9108315634218","17.7327491150443","0.00951814396192763","-0.0319452367370227","-0.0384054273398359","-0.0428652002256066","-0.0524846454494698","43.2181320418995","0.165971014194032","21369.77105","0.558208928494814","False","False","False","False"
"2021-10-12","16.8","16.8","16.65","16.72","24301","4.0629","0","-0.0147318797878609","112.762565793279","17.2526725663717","17.7985256637168","17.8925427728614","17.726854719764","0.00299940011997601","-0.0467502850627139","-0.0597998601432326","-0.0569655950366611","-0.0664433277498605","38.0621081950115","0.172127676388816","22082.17395","1.10048127756914","False","False","False","False"
"2021-10-13","16.75","16.79","16.52","16.53","26819","4.4452","0","-0.0113636363636362","111.481173000174","17.0566194690266","17.736614159292","17.8733197640118","17.7204098820059","-0.00661057692307698","-0.0676818950930629","-0.0633377556822325","-0.066101694915254","-0.0770519262981574","34.6761749871299","0.167578947644605","22711.17865","1.18088072016465","False","False","False","False"
"2021-10-14","16.72","16.73","16.5","16.56","14695","2.4398","0","0.00181488203266778","111.683498178032","17.0875752212389","17.6814097345133","17.8582793510325","17.7148063421829","-0.00480769230769251","-0.0606920022688602","-0.0501625780300762","-0.0644067796610169","-0.0753768844221107","35.649570487837","0.168371252706883","23001.74175","0.638845795232007","False","False","False","False"
"2021-10-15","16.79","17","16.77","17","21613","3.6542","0","0.0265700483091789","114.650934119961","17.541592920354","17.6452946902655","17.853305899705","17.7106529498525","-0.00234741784037529","-0.0395480225988699","-0.0167268542402476","-0.036281179138322","-0.0508096035734228","47.909600219927","0.197499879646629","23735.97975","0.91054564537198","False","False","False","False"
"2021-10-18","17.05","17.08","16.86","16.87","17039","2.8949","0","-0.00764705882352934","113.774191682573","17.4074513274336","17.6081477876106","17.8470967551622","17.7028817109145","-0.00589275191514416","-0.0409323479249574","-0.0209532436763985","-0.0436507936507934","-0.0580681183696258","45.17131806759","0.197975721483172","24079.17305","0.707641162120391","False","False","False","False"
"2021-10-19","16.95","17.14","16.95","17.1","15588","2.6627","0","0.0136336692353289","115.32535137949","17.6447787610619","17.5864787610619","17.8415097345133","17.69683820059","0.0227272727272729","-0.0239726027397259","-0.0186441178497253","-0.0306122448979591","-0.0452261306532664","50.555758032066","0.205389495068983","24060.18995","0.647885034673219","True","False","False","False"
"2021-10-20","17.11","17.19","17.08","17.1","12707","2.1773","0","0","115.32535137949","17.6447787610619","17.5586185840708","17.8367560471976","17.6909613569322","0.0344827586206899","-0.0306122448979591","-0.015907486834248","-0.0284090909090907","-0.0452261306532664","50.555758032066","0.203287050174463","24168.1682","0.52576669836318","True","False","False","False"
"2021-10-21","17.1","17.23","17","17.02","14837","2.5425","0","-0.0046783625730995","114.785817571867","17.5622300884956","17.5431407079646","17.8321265486726","17.6823132743363","0.0277777777777779","-0.0173210161662819","-0.0155700623040597","-0.0329545454545455","-0.0496929089893916","48.6292884077757","0.194056830848664","22822.32575","0.650120332280333","True","False","False","False"
"2021-10-22","17.07","17.13","16.99","17.09","10277","1.7544","0","0.00411280846063455","115.257909653537","17.6344601769912","17.5250831858407","17.8273675516224","17.6792671091446","0.00529411764705867","-0.0200688073394496","-0.015934141908976","-0.0289772727272727","-0.0457844779452822","50.4099398291455","0.192822543868014","22978.78225","0.447217476026172","True","False","False","False"
"2021-10-25","17.08","17.15","16.95","17.11","9634","1.6424","0","0.00117027501462852","115.392793105443","17.6550973451327","17.502382300885","17.827785840708","17.678392920354","0.0142264374629519","-0.0250712250712248","0.00142355899788771","-0.027840909090909","-0.0446677833612508","50.933259639845","0.19111516404107","23191.33315","0.415400181511342","True","False","False","True"
"2021-10-26","17.12","17.32","17.12","17.29","25457","4.396","0","0.01052016364699","116.606744172595","17.8408318584071","17.4863884955752","17.8264663716814","17.6813998525074","0.0111111111111113","-0.0176136363636361","-0.00441786504424779","-0.0114351057747281","-0.0346175321049693","55.486223224712","0.195167723923511","23896.5735","1.06529034382272","True","False","True","False"
"2021-10-27","17.3","17.4","17.26","17.4","20631","3.5758","0","0.00636205899363795","117.348603158077","17.9543362831858","17.4817451327434","17.8285386430678","17.6839359882006","0.0175438596491231","-0.00514579759862732","0.00697343147424778","0","-0.0284757118927974","58.0481290807014","0.195644869191497","24457.14385","0.843555859446769","True","False","True","True"
"2021-10-28","17.38","17.43","17.3","17.36","10588","1.8389","0","-0.00229885057471257","117.078836254266","17.9130619469027","17.4925796460177","17.8265896755162","17.6828781710914","0.0199764982373678","0.012244897959184","-0.00648574892386855","-0.00229885057471257","-0.0307091010608599","56.7686612675744","0.18227616207374","22242.6517","0.476042566453531","True","False","True","False"
"2021-10-29","17.38","17.38","17.21","17.25","14014","2.4195","0","-0.00633640552995385","116.336977268784","17.7995575221239","17.4987707964602","17.8214156342183","17.6837078171092","0.00936220011702771","0.0070052539404557","-0.0171420473702985","-0.00862068965517226","-0.0368509212730318","53.2900594449654","0.183884133760745","21537.36655","0.650698912862213","True","False","True","False"
"2021-11-01","17.33","17.39","17.3","17.35","11946","2.0717","0","0.00579710144927548","117.011394528313","17.9027433628319","17.5266309734513","17.8154613569322","17.6893973451328","0.0140268848626535","0.0321237358715054","-0.0195649856061412","-0.00287356321839061","-0.0312674483528754","55.933655476459","0.170192616746711","18818.27225","0.634812688502793","True","False","True","False"
"2021-11-02","17.4","17.54","17.32","17.38","18699","3.2656","0","0.00172910662824188","117.213719706172","17.9336991150442","17.5632619469027","17.8073563421829","17.7015948377581","0.00520532099479487","0.0425914817036595","-0.0264006995089984","-0.0011494252873564","-0.0295924064768287","56.7249341344696","0.16607703462865","18386.74045","1.01696426568092","True","False","True","False"
"2021-11-03","17.41","17.45","17.38","17.39","8378","1.4583","0","0.000575373993095596","117.281161432124","17.944017699115","17.6019566371681","17.8010899705015","17.7159616519174","-0.000574712643677922","0.0450721153846154","-0.0205230513583494","-0.000574712643678033","-0.0290340591848129","57.0020957877548","0.165543055905671","16807.4742","0.498493580909379","True","False","True","False"
"2021-11-04","17.5","17.53","17.38","17.39","10362","1.8092","0","0","117.281161432124","17.944017699115","17.6406513274336","17.7969902654867","17.7289951327434","0.00172811059907829","0.0450721153846154","-0.0135229412251213","-0.000574712643678033","-0.0290340591848129","57.0020957877548","0.165543055905671","16019.0034","0.646883750583385","True","False","True","False"
"2021-11-05","17.48","17.66","17.48","17.65","37825","6.6471","0","0.0149511213341","119.0346463069","18.2123008849558","17.6721230088496","17.799195280236","17.7465143067847","0.0231884057971015","0.0357981220657282","0.00731752682277387","0","-0.0145170295924065","63.9619400788199","0.152298212835395","16866.9448","2.24252651849551","True","False","True","True"
"2021-11-08","17.7","17.77","17.63","17.76","15955","2.8287","0","0.00623229461756392","119.776505292382","18.3258053097345","17.7128814159292","17.8051253687316","17.7583960176991","0.0236311239193083","0.0465527401296411","0.019799961587897","0","-0.00837520938023439","66.4371661946997","0.151395059086357","17068.24365","0.934763665621799","True","False","True","True"
"2021-11-09","17.88","18.03","17.88","17.95","48204","8.6712","0","0.0106981981981982","121.057898085488","18.5218584070797","17.7763407079646","17.8143230088496","17.7733281710914","0.0327963176064445","0.0735645933014357","0.0307099836994791","0","0","70.2394150497751","0.13987741719489","18263.4128","2.63939727628562","True","False","True","True"
"2021-11-10","17.95","17.98","17.88","17.98","17447","3.129","0","0.00167130919220071","121.260223263347","18.552814159292","17.8511504424779","17.8273699115044","17.7900182890855","0.0339275445658427","0.0877192982456148","0.0440525694593155","0","0","70.8018719656227","0.128589698394958","17794.81075","0.980462913886286","True","True","True","True"
"2021-11-11","17.82","17.89","17.74","17.83","10349","1.8442","0","-0.00834260289210242","120.248597374053","18.3980353982301","17.9166734513274","17.8410038348083","17.8029185840708","0.0253018976423234","0.0766908212560389","0.0465321614465357","-0.00834260289210242","-0.00834260289210242","64.2621711509207","0.135977137162894","17577.50955","0.588737669040265","True","True","True","True"
"2021-11-12","17.9","18.1","17.9","18","39699","7.1572","0","0.00953449242849147","121.395106715253","18.5734513274336","17.9682663716814","17.8590613569322","17.8166973451327","0.0198300283286124","0.0588235294117654","0.061946902654868","0","0","67.8828685852836","0.108756357115317","18481.80615","2.14798405944757","True","True","True","True"
"2021-11-15","18.11","18.22","18.11","18.16","33609","6.1133","0","0.00888888888888895","122.474174330499","18.7385486725664","18.0348212389381","17.8786666666667","17.8288519174041","0.0225225225225227","0.0764671013633671","0.0669800235017628","0","0","70.8737824333776","0.103217418416301","19310.27045","1.74045723942722","True","True","True","True"
"2021-11-16","18.19","18.25","18.16","18.2","21799","3.9717","0","0.00220264317180607","122.743941234311","18.7798230088496","18.0915734513274","17.9056669616519","17.8419337758112","0.0139275766016713","0.0643274853801179","0.0944076969332528","0","0","71.5861784708455","0.0963923485933197","19620.8189","1.11102427024593","True","True","True","True"
"2021-11-17","18.29","18.37","18.24","18.26","19720","3.6083","0","0.00329670329670351","123.148591590028","18.8417345132743","18.1514212389381","17.9347309734513","17.8561982300885","0.0155728587319248","0.0678362573099427","0.101991550995775","0","0","72.6661544222249","0.0956759069349424","19971.5007","0.987429752837752","True","True","True","True"
"2021-11-18","18.32","18.38","18.26","18.37","23570","4.3229","0","0.00602409638554224","123.890450575511","18.9552389380531","18.2210716814159","17.9577758112094","17.8696585545723","0.0302860347728551","0.0793184488836669","0.0786846741045224","0","0","74.5741854375493","0.0912735413957392","20408.1396","1.15493310326043","True","True","True","True"
"2021-11-19","18.45","18.54","18.38","18.45","23884","4.4096","0","0.00435492651061509","124.429984383134","19.0377876106195","18.2912380530974","17.9816805309735","17.8814734513274","0.0250000000000004","0.0795787009947344","0.0814771395076206","0","0","75.8922116533431","0.0912872044800939","21088.5116","1.13255754853747","True","True","True","True"
"2021-11-22","18.45","18.48","18.37","18.4","13872","2.5559","0","-0.00271002710027102","124.092775753369","18.9861946902655","18.357792920354","18.002317699115","17.8928584070797","0.0132158590308373","0.0753945061367629","0.0697674418604657","-0.00271002710027102","-0.00271002710027102","73.3335288060224","0.0938032627091538","21300.45175","0.651276656608938","True","True","True","True"
"2021-11-23","18.32","18.33","18.15","18.16","17147","3.1193","0","-0.0130434782608695","122.474174330499","18.7385486725664","18.402678761062","18.018483480826","17.9035963126844","-0.00219780219780197","0.0503181029496824","0.0545876887340304","-0.0157181571815718","-0.0157181571815718","62.4498318123339","0.107264193177351","20884.9783","0.821036045797567","True","True","True","True"
"2021-11-24","18.13","18.2","18","18.06","16161","2.9211","0","-0.00550660792951552","121.79975707097","18.6353628318584","18.4367300884956","18.0312097345133","17.9126410029499","-0.0109529025191676","0.0379310344827593","0.0427251732101621","-0.0211382113821138","-0.0211382113821138","58.5506034085994","0.109809414465325","20661.4739","0.782174547576686","True","True","True","True"
"2021-11-25","18.08","18.13","18.01","18.09","6517","1.1788","0","0.00166112956810638","122.002082248829","18.6663185840708","18.474392920354","18.0418722713864","17.9227769911504","-0.0152422427871529","0.0420506912442402","0.0354894104178596","-0.0195121951219511","-0.0195121951219511","59.3701960808961","0.108701934559247","20457.8829","0.318538777050092","True","True","True","True"
"2021-11-26","18.01","18.02","17.77","17.79","24122","4.3053","0","-0.0165837479270315","119.978830470241","18.3567610619469","18.5022530973451","18.0459997050148","17.93025","-0.0357723577235773","0.031304347826087","0.0136752136752143","-0.0357723577235772","-0.0357723577235772","48.9472036323332","0.124209735726839","20963.29075","1.15070187632636","False","True","True","True"
"2021-11-29","17.61","17.93","17.61","17.83","17110","3.0443","0","0.00224845418774589","120.248597374053","18.3980353982301","18.5270176991151","18.047203539823","17.9384836283186","-0.0309782608695653","0.0276657060518735","0.00394144144144182","-0.0336043360433604","-0.0336043360433604","50.2025243255424","0.123243526017803","21221.4879","0.806259253857501","False","True","True","True"
"2021-11-30","18.01","18.15","17.91","17.95","15139","2.7335","0","0.00673022994952333","121.057898085488","18.5218584070797","18.5564256637168","18.0520188790561","17.9483324483776","-0.0115638766519826","0.0327963176064447","0.0158460667798546","-0.0271002710027098","-0.0271002710027098","53.8673200757931","0.124693820539487","21043.51785","0.719426148608513","False","True","True","True"
"2021-12-01","17.92","18.27","17.92","18.23","21347","3.8712","0","0.015598885793872","122.94626641217","18.810778761062","18.5997637168142","18.0575221238938","17.9581722713864","0.00941306755260274","0.0483036227717084","0.017867113344501","-0.0119241192411922","-0.0119241192411922","61.0671202645013","0.134039204937153","21691.9419","0.98409349879367","True","True","True","True"
"2021-12-02","18.21","18.47","18.17","18.35","23838","4.3799","0","0.00658255622600112","123.755567123605","18.9346017699115","18.649292920354","18.0654330383481","17.9688772861357","0.0143725815367608","0.0552041403105239","0.0257126886528796","-0.0054200542005417","-0.0054200542005417","63.6830665825045","0.134514733249473","22365.7065","1.06581587306442","True","True","True","True"
"2021-12-03","18.39","18.4","18.26","18.34","10797","1.9798","0","-0.000544959128065514","123.688125397652","18.9242831858407","18.6848920353982","18.0755796460177","17.9780796460177","0.0309162450815066","0.0390934844192643","0.0332394366197197","-0.00596205962059593","-0.00596205962059593","63.3013607618185","0.126862212758776","21014.3369","0.513800604386427","True","True","True","True"
"2021-12-06","18.27","18.37","18.13","18.31","13548","2.4747","0","-0.00163576881134142","123.485800219793","18.8933274336283","18.7132681415929","18.0889938053097","17.9876907079646","0.0269209197980933","0.0309684684684688","0.0444951511694247","-0.00758807588075872","-0.00758807588075872","62.0988354993349","0.126412863497843","20894.01645","0.648432771766101","True","True","True","True"
"2021-12-07","18.31","18.32","18.16","18.28","9814","1.7881","0","-0.00163844893500809","123.283475041934","18.8623716814159","18.7302938053097","18.1017200589971","17.9966271386431","0.018384401114206","0.0183844011142063","0.0421892816419618","-0.00921409214092128","-0.00921409214092128","60.8538791798345","0.122090881148183","18974.49505","0.517219244788282","True","True","True","True"
"2021-12-08","18.43","18.55","18.38","18.39","19456","3.5942","0","0.00601750547045943","124.025334027416","18.9758761061947","18.7514469026549","18.1130705014749","18.007009439528","0.00877674163466824","0.0228031145717469","0.0372250423011846","-0.00325203252032513","-0.00325203252032513","63.7255068203881","0.123404079579486","19074.9216","1.01996136120423","True","True","True","True"
"2021-12-09","18.39","18.43","18.28","18.34","5625","1.0321","0","-0.00271886895051665","123.688125397652","18.9242831858407","18.7777592920354","18.1252808259587","18.0201284660767","-0.000544959128065625","0.0286034772854742","0.0402722631877486","-0.00596205962059637","-0.00596205962059637","61.5165198528421","0.119205603188608","18838.76565","0.298608895323245","True","True","True","True"
"2021-12-10","18.29","18.34","18.2","18.33","5783","1.0576","0","-0.000545256270447214","123.620683671699","18.9139646017699","18.7947849557522","18.1361153392331","18.0340781710914","-0.000545256270447325","0.0183333333333335","0.0355932203389835","-0.00650406504065071","-0.00650406504065071","61.0606342828349","0.115435285763555","17143.0088","0.337367148758624","True","True","True","True"
"2021-12-13","18.35","18.4","18.29","18.29","6962","1.2773","0","-0.00218221494817239","123.350916767887","18.8726902654867","18.8014920353982","18.1481536873156","18.0446005899705","-0.00109229929000543","0.00715859030836996","0.0397953382603753","-0.00867208672086739","-0.00867208672086739","59.1716748787174","0.111953139078499","15810.68865","0.440353810901209","True","True","True","True"
"2021-12-14","18.2","18.2","18.06","18.1","10127","1.8335","0","-0.0103881902679058","122.069523974782","18.6766371681416","18.7963327433628","18.1581283185841","18.0535725663717","-0.00984682713347929","-0.00549450549450514","0.0331050228310508","-0.0189701897018971","-0.0189701897018971","51.0872017558528","0.117993048866041","15227.1006","0.665093458435547","False","True","True","True"
"2021-12-15","18.1","18.16","18.04","18.12","6623","1.1996","0","0.00110497237569063","122.204407426688","18.6972743362832","18.7891097345133","18.1663831858407","18.0626331858407","-0.0146818923327895","-0.00766703176341743","0.0272108843537424","-0.0178861788617887","-0.0178861788617887","51.8332150997094","0.117374337108894","14572.2402","0.454511173923691","False","True","True","True"
"2021-12-16","18.28","18.37","18.27","18.37","14473","2.6528","0","0.0137969094922736","123.890450575511","18.9552389380531","18.7891097345133","18.1844407079646","18.0739268436578","0.00163576881134131","-2.22044604925031E-16","0.0606235565819866","-0.00433604336043358","-0.00433604336043358","60.0379811698501","0.125912763202589","14117.3639","1.02515668665309","True","True","True","True"
"2021-12-17","18.25","18.35","18.23","18.31","7439","1.3612","0","-0.00326619488296143","123.485800219793","18.8933274336283","18.7818867256637","18.1994026548673","18.083871238938","-0.00109110747408614","-0.00758807588075894","0.049885321100918","-0.00489130434782636","-0.00758807588075916","57.5061833891075","0.125345531229231","13295.1034","0.559509977184532","True","True","True","True"
"2021-12-20","18.31","18.31","18.1","18.15","9720","1.7667","0","-0.00873839432004375","122.406732604546","18.7282300884956","18.7689884955752","18.2097212389381","18.0916898230088","-0.00765445598687808","-0.0135869565217394","0.0341880341880345","-0.01305057096248","-0.0162601626016263","51.2942724006414","0.128633624747467","13087.46395","0.742672380006823","False","True","True","True"
"2021-12-21","18.15","18.39","18.15","18.36","13939","2.5533","0","0.0115702479338844","123.823008849558","18.9449203539823","18.779307079646","18.2227914454277","18.1023974926254","0.0143646408839777","0.0110132158590304","0.0431818181818187","-0.0016313213703103","-0.00487804878048814","57.7458257567206","0.126846259766255","12927.0231","1.07824538504925","True","True","True","True"
"2021-12-22","18.4","18.44","18.37","18.43","10964","2.0183","0","0.00381263616557725","124.295100931228","19.0171504424779","18.798396460177","18.2389572271387","18.1133737463127","0.0171081677704192","0.0204872646733114","0.0537449971412249","0","-0.00108401084010867","59.6637995679797","0.125220157591267","12667.1719","0.865532976622824","True","True","True","True"
"2021-12-23","18.49","18.6","18.49","18.54","21587","4.004","0","0.00596852957135097","125.03695991671","19.1306548672566","18.8216132743363","18.2628619469027","18.1229625368731","0.00925421883505706","0.0248756218905468","0.0810495626822163","0","0","62.5412365392188","0.126429303713457","13420.67655","1.60846749562711","True","True","True","True"
"2021-12-24","18.59","18.68","18.57","18.6","19873","3.7064","0","0.00323624595469263","125.441610272428","19.1925663716814","18.863403539823","18.2881424778761","18.1335672566372","0.015838339705079","0.0455311973018544","0.085814360770579","0","0","64.0477737725035","0.10748474550721","13208.20785","1.50460412386681","True","True","True","True"
"2021-12-27","18.63","18.88","18.63","18.8","22552","4.2396","0","0.010752688172043","126.790444791486","19.3989380530974","18.9134486725664","18.3223657817109","18.1458084070796","0.0358126721763083","0.0544026920919796","0.118381915526473","0","0","68.583507560239","0.111641295346108","13480.2932","1.6729404669032","True","True","True","True"
"2021-12-28","18.89","18.98","18.89","18.96","18381","3.4808","0","0.00851063829787235","127.869512406733","19.5640353982301","18.9655575221239","18.3617483775811","18.1590920353982","0.0326797385620914","0.0562674094707516","0.137372525494902","0","0","71.6634551982767","0.112673009655292","13642.37115","1.34733293779359","True","True","True","True"
"2021-12-29","18.98","19.05","18.96","19.02","19566","3.7195","0","0.00316455696202533","128.27416276245","19.6259469026549","19.0063159292036","18.402678761062","18.1743915929204","0.0320130222463375","0.0433351618211735","0.143028846153846","0","0","72.7426150414732","0.102030037785979","13553.3403","1.44365016792207","True","True","True","True"
"2021-12-30","19.02","19.04","18.94","18.99","10366","1.9685","0","-0.00157728706624616","128.071837584591","19.5949911504425","19.0393353982301","18.4430932153392","18.187516519174","0.0242718446601942","0.0348773841961849","0.141225961538461","-0.00157728706624616","-0.00157728706624616","71.2808867124245","0.101430378397243","12879.75925","0.804836782954619","True","True","True","True"
"2022-01-03","19.05","19.21","18.97","18.97","16787","3.2013","0","-0.00105318588730907","127.936954132686","19.5743539823009","19.0718389380531","18.476284660767","18.1993861356932","0.0198924731182795","0.0343511450381677","0.113262910798123","-0.00262881177707697","-0.00262881177707697","70.2671538126555","0.101597798868056","13179.23795","1.27372713533866","True","True","True","True"
"2022-01-04","19.16","19.26","19.16","19.26","22057","4.2411","0","0.0152872957301002","129.89276418532","19.873592920354","19.1208522123894","18.5156672566372","18.2132494100295","0.024468085106383","0.0518842162752591","0.134944018856807","0","0","75.6702304614179","0.111484931402277","13604.6642","1.62127412156193","True","True","True","True"
"2022-01-05","19.3","19.43","19.29","19.32","24336","4.7074","0","0.00311526479750768","130.297414541038","19.9355044247788","19.1745088495575","18.560381120944","18.2264619469027","0.0189873417721518","0.0568927789934348","0.155502392344498","0","0","76.6169969272129","0.110384532590167","14330.7466","1.69814055605449","True","True","True","True"
"2022-01-06","19.19","19.19","18.91","19.01","34249","6.5125","0","-0.0160455486542442","128.206721036497","19.6156283185841","19.206496460177","18.6030312684366","18.2381755162242","-0.000525762355415349","0.0337139749864053","0.150030248033879","-0.0160455486542441","-0.0160455486542441","62.9804152419315","0.12818438542667","15070.4099","2.27259571751927","True","True","True","True"
"2022-01-07","19.06","19.15","18.75","18.83","36838","6.9502","0","-0.00946870068385075","126.992769969345","19.4298938053097","19.2317769911504","18.6420699115044","18.2501746312684","-0.00842548709847302","0.0267175572519083","0.137077294685991","-0.0253623188405798","-0.0253623188405798","56.6729912825145","0.133396922084532","16631.0457","2.2150224143753","True","True","True","True"
"2022-01-10","18.7","18.83","18.59","18.83","21693","4.0628","0","0","126.992769969345","19.4298938053097","19.2575734513274","18.6735415929204","18.2634237463127","-0.00738007380073813","0.0272776868521547","0.107647058823529","-0.0253623188405798","-0.0253623188405798","56.6729912825145","0.133308037149337","17426.5048","1.24480899922054","True","True","True","True"
"2022-01-11","18.83","18.83","18.65","18.75","21768","4.0763","0","-0.00424853956452464","126.453236161721","19.3473451327434","19.2813061946903","18.7058731563422","18.2764849557522","-0.0264797507788163","0.0251503553854564","0.111440426793123","-0.0295031055900622","-0.0295031055900622","53.891037582791","0.13423890548052","18166.783","1.19822320770827","True","True","True","True"
"2022-01-12","18.8","18.9","18.74","18.8","15638","2.9389","0","0.0026666666666666","126.790444791486","19.3989380530974","19.3174212389381","18.7351091445428","18.288309439528","-0.0269151138716358","0.0386740331491708","0.0994152046783627","-0.0269151138716357","-0.0269151138716357","55.3657479194673","0.126995961551661","18442.28595","0.847915710796145","True","True","True","True"
"2022-01-13","18.85","18.93","18.81","18.88","19539","3.6859","0","0.00425531914893607","127.329978599109","19.4814867256637","19.3566318584071","18.7657209439528","18.3012384955752","-0.00683850604944791","0.0419426048565117","0.104093567251462","-0.0227743271221534","-0.0227743271221534","57.6970405555839","0.12721684995097","19088.07315","1.02362296322193","True","True","True","True"
"2022-01-14","18.92","18.92","18.62","18.78","35738","6.6939","0","-0.00529661016949146","126.65556133958","19.3783008849558","19.3777849557522","18.7959887905605","18.3140576696165","-0.00265533722782807","0.0223189983669021","0.103407755581669","-0.0279503105590064","-0.0279503105590064","53.9067999652335","0.12184723719334","20151.32605","1.77345986618087","True","True","True","True"
"2022-01-17","18.9","19.06","18.87","19.06","29115","5.5316","0","0.0149094781682639","128.543929666262","19.6672212389381","19.4164796460177","18.8298681415929","18.3286178466077","0.0122145512480081","0.0409612233752039","0.115272088940902","-0.0134575569358182","-0.0134575569358182","61.5276683802118","0.129956030865293","21235.1445","1.37108141646976","True","True","True","True"
"2022-01-18","18.53","18.64","18.42","18.42","52301","9.6816","0.59","-0.0026232948583419","128.206721036497","19.6156283185841","19.4608495575221","18.8625436578171","18.3451647492625","0.0138666666666669","0.0473829201101925","0.111046171829341","-0.0160455486542446","-0.0160455486542446","59.6316561673483","0.124944757369788","23364.1898","2.23849422760639","True","True","True","True"
"2022-01-19","18.35","18.35","18.2","18.2","33344","6.0842","0","-0.0119435396308362","126.675478982858","19.3813482843773","19.4826709540419","18.8882189315833","18.3573426516324","-0.000906738743733815","0.0230366727460674","0.0863477913023598","-0.0277974476388303","-0.0277974476388303","51.8222691003129","0.129710226212391","24334.4705","1.37024214272507","False","True","True","True"
"2022-01-20","18.2","18.23","18.05","18.17","26588","4.8208","0","-0.00164835164835153","126.466673248271","19.3494010069855","19.4992834822673","18.9114700103133","18.3700043266906","-0.00678006358232586","0.0174711014414373","0.0777007126187177","-0.0293999793185464","-0.0293999793185464","50.8444315051655","0.129683679317434","25115.67655","1.05862073621903","False","True","True","True"
"2022-01-21","18.05","18.05","17.84","17.84","46071","8.2453","0","-0.0181618051733627","124.169810167813","18.9979809556753","19.4926497866882","18.9295519937928","18.3780708346545","-0.019626072045133","-0.0069351474114131","0.0605658045502528","-0.0470278277954248","-0.0470278277954248","41.5556673673639","0.144599307045186","26339.90825","1.74910844649582","False","True","True","True"
"2022-01-24","17.81","18.06","17.7","18.05","26158","4.6763","0","0.0117713004484306","125.631450309923","19.2216118974182","19.494102062975","18.9532529000477","18.387334267133","-0.0226574632026639","0.00151337372888283","0.0798926812380991","-0.0358101060374111","-0.0358101060374111","48.0587194220279","0.150430589359284","26654.17375","0.981401046055686","False","True","True","True"
"2022-01-25","17.9","17.91","17.77","17.81","37525","6.6816","0","-0.0132963988919669","123.961004433226","18.9660336782835","19.4724568442343","18.9709744053053","18.3932178811187","-0.0331161780673183","-0.0223158800563681","0.0593925910628399","-0.0486303594751409","-0.0486303594751409","42.2699858754098","0.152094237493465","27402.8218","1.36937317163446","False","True","True","True"
"2022-01-26","17.75","17.81","17.68","17.69","28933","5.1301","0","-0.00673778775968548","123.125781494877","18.8382445687162","19.4361673027587","18.9860501628665","18.3967032525247","-0.0280219780219778","-0.0370982169445248","0.0504383087877915","-0.0550404861940058","-0.0550404861940058","39.6954063843366","0.148934217665383","27930.41015","1.0358810645679","False","True","True","True"
"2022-02-07","17.87","17.88","17.54","17.67","29292","5.175","0","-0.00113058224985862","122.986577671819","18.8169463837883","19.3957172768153","19.0005989742777","18.4008444723896","-0.0275178866263071","-0.0412209674712374","0.0486473374753917","-0.0561088406471499","-0.0561088406471499","39.266141011035","0.147793475019577","28416.7021","1.03080649179202","False","True","True","True"
"2022-02-08","17.77","17.85","17.74","17.79","18444","3.2795","0","0.00679117147707964","123.821800610167","18.9447354933556","19.363204493961","19.0172776041817","18.4071339348342","-0.00280269058295979","-0.0331847895257752","0.05576888136317","-0.0496987139282852","-0.0496987139282852","43.2327500269031","0.151105095270623","28820.5952","0.639957845145405","False","True","True","True"
"2022-02-09","17.86","17.96","17.79","17.95","17336","3.0952","0","0.00899381675098376","124.935431194632","19.1151209727787","19.3402428434849","19.0323246056454","18.4157599429407","-0.0055401662049861","-0.0234609535485768","0.0495719949679037","-0.0411518783031319","-0.0411518783031319","48.0999553704804","0.155761949749622","28848.0455","0.600933571045567","False","True","True","True"
"2022-02-10","18","18.12","17.95","18.12","12690","2.2884","0","0.00947075208913661","126.118663690626","19.2961555446658","19.3113709747005","19.0484971095609","18.4268112391462","0.0174059517125214","-0.0290555098920652","0.0529499369075903","-0.0320708654514066","-0.0320708654514066","52.7367612465994","0.148840166357459","28379.69825","0.447148693696911","False","True","True","True"
"2022-02-11","18.05","18.1","17.96","18.06","14790","2.6669","0","-0.00331125827814582","125.701052221452","19.2322609898821","19.2762088029556","19.0603371526076","18.4373300807286","0.0209157716223856","-0.0352759288108391","0.0383548220264396","-0.0221159991933582","-0.0352759288108393","51.0047572871782","0.147982106605851","27902.41755","0.530061883472889","False","True","True","True"
"2022-02-14","17.85","17.85","17.62","17.65","37672","6.6566","0","-0.022702104097453","122.847373848761","18.7956481988604","19.2352097969694","19.0643843866004","18.4458771490524","-0.00113186191284664","-0.0418023887079262","0.0130887981458458","-0.0443160235749044","-0.0571771951002942","41.0769947995327","0.158053001107426","28073.55235","1.34189092033449","False","True","True","True"
"2022-02-15","17.65","17.77","17.6","17.63","27491","4.8579","0","-0.00113314447592061","122.708170025703","18.7743500139325","19.2024326074006","19.0706562968621","18.4558300658352","-0.00899381675098376","-0.033738928166353","0.0204540652062573","-0.0453989515935164","-0.0582455495534383","40.6612259154538","0.15563968617668","27606.21735","0.995842300719986","False","True","True","True"
"2022-02-16","17.85","17.94","17.83","17.91","14940","2.6735","0","0.0158820192853093","124.657023548516","19.072524602923","19.1845641472812","19.078974184787","18.4690177708596","-0.00222841225626713","-0.0183927511888474","0.0268702497285558","-0.030237959332948","-0.0432885872094201","48.5176419066087","0.167645297409466","27268.57255","0.547875176546416","False","True","True","True"
"2022-02-17","17.95","18","17.86","17.9","14677","2.6315","0","-0.000558347292015759","124.587421636987","19.061875510459","19.170290666167","19.0843629654185","18.4815148160426","-0.0121412803532009","-0.014754976474846","0.0172546360736023","-0.0307794233422543","-0.0438227644359923","48.2718280846262","0.167171365182161","26914.038","0.54533511470854","False","True","True","True"
"2022-02-18","17.8","17.88","17.73","17.87","10923","1.9467","0","-0.00167597765363114","124.3786159024","19.0299282330672","19.1518401751655","19.0885313858221","18.497099173737","-0.0105204872646731","-0.0190221660082702","0.0133177625848633","-0.0324038153701721","-0.0454252961157084","47.4944092769015","0.166724918907317","26678.3342","0.409449402579266","False","True","True","True"
"2022-02-21","17.78","17.87","17.68","17.85","11248","2.0018","0","-0.00111919418019024","124.239412079342","19.0086300481393","19.1281973412893","19.0913129780699","18.5130219757606","0.0113314447592072","-0.0242721042897364","0.008857758543799","-0.0334867433887839","-0.0464936505688524","46.9515285090233","0.16560538957656","26263.784","0.428269818240966","False","True","True","True"
"2022-02-22","17.72","17.73","17.5","17.62","40097","7.0481","0","-0.0128851540616247","122.638568114174","18.7637009214686","19.0974673431149","19.0881206777935","18.5229482445015","-0.000567214974475205","-0.0317158850580292","-0.0101047534779426","-0.0459404156028221","-0.0587797267800102","41.1292229427781","0.170235697987463","26481.73805","1.51412452325802","False","True","True","False"
"2022-02-23","17.61","17.71","17.59","17.71","11468","2.0223","0","0.00510783200908049","123.264985317935","18.8595427536441","19.0570834188502","19.0851499301772","18.5334152305753","-0.0111669458403129","-0.0410672395190682","-0.0093626875465288","-0.0385450597176983","-0.0539721317408618","44.0528539115233","0.160965226625165","25599.38695","0.447982993592743","False","False","True","False"
"2022-02-24","17.51","17.52","17.21","17.24","50514","8.7728","0","-0.0265386787125919","119.99369547607","18.3590354078387","18.994253773313","19.0746972754701","18.5385074872926","-0.0368715083798883","-0.0640608034744844","-0.0330323844592367","-0.0527472527472527","-0.0790784613897489","34.4352643644982","0.182983230336684","25510.0449","1.98015186558923","False","False","False","False"
"2022-02-25","17.27","17.35","17.2","17.23","29004","5.0083","0","-0.000580046403712231","119.924093564541","18.3483863153748","18.9426056748628","19.0681945695169","18.5433390251714","-0.0358142137660886","-0.0532967032967031","-0.0208213754442371","-0.0517336268574573","-0.0796126386163211","34.2638625817316","0.180240808504717","25293.0457","1.1467236229285","False","False","False","False"
"2022-03-01","17.32","17.59","17.32","17.53","16684","2.9235","0","0.0174114915844459","122.012150910412","18.6678590892931","18.9085285789782","19.0687361738075","18.5499729541604","-0.0179271708683474","-0.035222894881673","0.00174379526322554","-0.0325607064017659","-0.0635873218191587","43.370545756833","0.193861149905563","24797.85815","0.672809115169489","False","False","True","True"
"2022-03-02","17.47","17.47","17.35","17.42","16113","2.804","0","-0.00627495721620075","121.246529883593","18.5507190721897","18.8861654848039","19.0668095152761","18.5543408933313","-0.0113507377979567","-0.0235426008968609","-0.00619294647524904","-0.0386313465783664","-0.0694632713114516","41.1210933303479","0.184873434062996","23299.9452","0.691550853947931","False","False","False","False"
"2022-03-03","17.53","17.57","17.43","17.45","11541","2.0163","0","0.00172215843857626","121.45533561818","18.5826663495815","18.8542182074121","19.0705746034034","18.5582871542091","-0.0146809712027103","-0.0332409972299167","0.0123063805685704","-0.0369757174392937","-0.0678607396317354","42.0045577088758","0.178920857290034","22569.0826","0.511371339480144","False","False","True","True"
"2022-03-04","17.28","17.3","17.21","17.22","27101","4.6726","0","-0.0131805157593123","119.854491653012","18.3377372229108","18.8228033846435","19.0695696338147","18.5583865868189","-0.00116009280742446","-0.0331274564851206","-0.00327742468226055","-0.0496688741721857","-0.0801468158428933","37.3744093292498","0.178821069640701","22047.8739","1.22916681775833","False","False","False","False"
"2022-03-07","17","17.01","16.75","16.75","80494","13.521","0","-0.027293844367015","116.583201811147","17.8372298771055","18.7727526500629","19.0581591583152","18.5550890186856","-0.027858386535113","-0.0531373657433574","-0.0369632741449141","-0.0756070640176602","-0.105253145491781","30.0780951445206","0.200225897544869","24625.92005","3.26864969254215","False","False","False","False"
"2022-03-08","16.39","16.54","16.22","16.22","85965","14.0503","0","-0.0316417910447762","112.894300500108","17.2728279765165","18.6955467296994","19.0325266452394","18.5450243845666","-0.0747290359383912","-0.0820599886813808","-0.0817590172145876","-0.10485651214128","-0.1335645385001","24.3138159381254","0.224922767540259","27459.56835","3.1306059113635","False","False","False","False"
"2022-03-09","16.32","16.46","16.32","16.42","34326","5.6322","0","0.0123304562268807","114.286338730689","17.4858098257954","18.6226004463213","19.0083801128375","18.5369065755928","-0.0574052812858781","-0.0770095559302977","-0.0765155751212254","-0.0938189845474612","-0.122880993968659","29.7824534857607","0.22932142479439","28253.69415","1.21493783495211","False","False","False","False"
"2022-03-10","16.75","16.94","16.75","16.9","21495","3.625","0","0.0292326431181484","117.627230484083","17.9969662640647","18.5666927108856","18.9929248308079","18.5342522384128","-0.0315186246418335","-0.0584958217270189","-0.0490014291516145","-0.0673289183222957","-0.0972404870931993","40.8320190919738","0.254304867580737","28461.6552","0.755225929376026","False","False","False","False"
"2022-03-11","16.88","16.88","16.65","16.68","22833","3.8208","0","-0.0130177514792899","116.095988430444","17.7626862298579","18.4900192451452","18.974080810745","18.5315373080274","-0.0313588850174213","-0.0794701986754964","-0.0598434133819119","-0.0764119601328901","-0.108992386077785","37.8890896376846","0.252331944979163","28968.7935","0.788183014939852","False","False","False","False"
"2022-03-14","16.75","16.79","16.47","16.5","27950","4.6276","0","-0.0107913669064748","114.843154022921","17.5710025655069","18.4069563239265","18.9525579921465","18.5271390255718","-0.0149253731343282","-0.0863787375415278","-0.068462711779842","-0.0787269681742042","-0.118607576156082","35.6265937178389","0.253451183184345","29626.7746","0.94339091505425","False","False","False","False"
"2022-03-15","16.41","16.41","16.09","16.11","73190","11.8279","0","-0.0236363636363637","112.128679473288","17.1556879594131","18.3249583119541","18.9222215230335","18.5176460122542","-0.00678175092478395","-0.0872521246458918","-0.0959211651991859","-0.100502512562814","-0.139440487992393","31.2697249349758","0.254366733761504","31402.66805","2.33067820490495","False","False","False","False"
"2022-03-16","16.26","16.28","16.02","16.15","39218","6.3158","0","0.00248292985723153","112.407087119404","17.1982843292689","18.2461550277209","18.893454875424","18.5093678506914","-0.0164433617539586","-0.0839478162223481","-0.0912055077395603","-0.0982691233947514","-0.137303779086104","32.1857372064531","0.255310840479184","31988.9914","1.22598132306228","False","False","False","False"
"2022-03-17","16.58","16.8","16.57","16.78","27480","4.5781","0","0.0390092879256967","116.792007545734","17.8691771544973","18.1859876552996","18.8760417513028","18.5060785452679","-0.0071005917159761","-0.0630932439977664","-0.0552389448362834","-0.0625698324022341","-0.103650613812064","44.6891550367048","0.290300465842067","32616.01015","0.842535579110371","False","False","False","False"
"2022-03-18","16.8","16.8","16.62","16.73","15468","2.5833","0","-0.00297973778307514","116.443997988089","17.8159316921776","18.1236904643856","18.8584291084143","18.503291397865","0.00299760191846521","-0.0653631284916198","-0.0559940611774704","-0.0637940682708448","-0.106321499944924","43.9958355485375","0.290147056351945","32655.5519","0.473671522911851","False","False","False","False"
"2022-03-21","16.84","16.92","16.82","16.83","12760","2.1533","0","0.00597728631201422","117.140017103379","17.922422616817","18.0683151835731","18.8458588658922","18.5019935922382","0.0199999999999998","-0.0581980973698936","-0.0403827811470842","-0.0571428571428573","-0.100979727679204","45.8067225853692","0.291951977481561","32747.38095","0.389649756097518","False","False","False","False"
"2022-03-22","16.84","16.84","16.77","16.8","11581","1.9452","0","-0.00178253119429572","116.931211368792","17.8904753394252","18.0124074481374","18.8324122159446","18.4993977008927","0.0428305400372442","-0.0588235294117646","-0.0431506209058682","-0.0513833992094859","-0.10258225935892","45.3331431801766","0.291909816118147","32764.0519","0.353479021317263","False","False","False","False"
"2022-03-23","16.92","17","16.88","16.95","12018","2.0376","0","0.0089285714285714","117.975240041728","18.0502117263844","17.9767329883832","18.8173284290834","18.500884568524","0.0495356037151702","-0.0380249716231551","-0.04774549213684","-0.0429136081309991","-0.0945696009603388","48.2159421296596","0.292249374221637","31360.1255","0.383229365584012","True","False","False","False"
"2022-03-24","16.9","16.97","16.82","16.95","14563","2.4629","0","0","117.975240041728","18.0502117263844","17.9362664370202","18.8032765006294","18.5013395777483","0.0101311084624554","-0.042913608130999","-0.0446250513683099","-0.0330861380490587","-0.0945696009603388","48.2159421296596","0.291214286246962","31514.8626","0.462094097786103","True","False","False","False"
"2022-03-25","17.01","17.02","16.93","16.98","12650","2.1465","0","0.00176991150442474","118.184045776315","18.0821590037762","17.9224226168171","18.7925086492174","18.5011149440777","0.0149432157800358","-0.0150812064965193","-0.0344971778788772","-0.0313747860810039","-0.0929670692806226","48.841699142156","0.276586036067794","29621.65035","0.42703623365131","True","False","False","False"
"2022-03-28","16.87","16.87","16.63","16.78","19456","3.2509","0","-0.0117785630153121","116.792007545734","17.8691771544973","17.8984621587732","18.7745795958926","18.4986855206602","-0.00297088532382639","-0.0261172373766683","-0.0567826720506033","-0.0427837992013688","-0.103650613812064","44.9426249037085","0.27940896029838","29144.2481","0.66757899991937","False","False","False","False"
"2022-03-29","16.82","16.82","16.68","16.73","17853","2.9864","0","-0.00297973778307514","116.443997988089","17.8159316921776","17.8558657889174","18.7545592833876","18.4967582552631","-0.00416666666666676","-0.04563605248146","-0.0631650232737895","-0.0412607449856731","-0.106321499944924","43.9970008621578","0.270655908849184","29202.6702","0.611336801660007","False","False","False","False"
"2022-03-30","16.85","16.91","16.8","16.88","12589","2.1224","0","0.00896592946802133","117.488026661025","17.9756680791368","17.8271132392648","18.7353095035856","18.4990857252441","-0.00412979351032472","-0.0309988518943741","-0.0603736148152828","-0.0326647564469914","-0.0983088415463436","47.5616364557479","0.273005535986063","29026.4893","0.433723791736674","True","False","False","False"
"2022-03-31","16.88","16.9","16.8","16.81","10516","1.7708","0","-0.00414691943127965","117.000813280321","17.9011244318892","17.7930361433801","18.7137854712558","18.5009639745659","-0.00825958702064922","-0.0366762177650429","-0.0672886530536002","-0.0238095238095236","-0.102048082132348","46.0873658564145","0.272900730607425","28975.2111","0.362917735567421","True","False","False","False"
"2022-04-01","16.65","16.65","16.56","16.64","24057","3.9936","0","-0.0101130279595478","115.817580784328","17.7200898600021","17.7621537752347","18.6858046680375","18.5040852248742","-0.0200235571260308","-0.0336817653890825","-0.0865433039942706","-0.0200235571260309","-0.111129094984073","42.6312812499087","0.271406288201105","28823.036","0.834645351031029","False","False","False","False"
"2022-04-06","16.47","16.47","16.31","16.41","39821","6.5234","0","-0.0138221153846154","114.21673681916","17.4751607333314","17.744050318046","18.6509900902892","18.5063692339352","-0.0220500595947559","-0.0202985074626865","-0.106771155458431","-0.0335689045936399","-0.123415171195231","38.4321385940437","0.258373212737114","26789.4102","1.48644519243652","False","False","False","False"
"2022-04-07","16.3","16.3","16.11","16.11","64747","10.4826","0","-0.0182815356489946","112.128679473288","17.1556879594131","17.7381933171908","18.6098191079018","18.5062489344819","-0.0370591751344891","-0.00678175092478417","-0.125866994112147","-0.0512367491166082","-0.139440487992393","33.7609726498708","0.241061829990238","25728.4827","2.516531493713","False","False","False","False"
"2022-04-08","16.12","16.13","16.01","16.04","64490","10.3483","0","-0.00434512725015523","111.641466092585","17.0811443121655","17.7179600415093","18.5679216605972","18.5055074379682","-0.0497630331753555","-0.0231425091352014","-0.128290276784342","-0.0553592461719675","-0.143179728578398","32.7604161387179","0.236765317204602","27236.663","2.36776759326207","False","False","False","False"
"2022-04-11","16.01","16.02","15.69","15.69","87889","13.8789","0","-0.0218204488778054","109.205399189068","16.7084260759275","17.6535330321025","18.520156195491","18.498220428129","-0.0666270077334919","-0.0715976331360946","-0.146412387809313","-0.0759717314487636","-0.16187593150842","28.2519412547364","0.218786498201868","30556.38755","2.87630436864256","False","False","False","False"
"2022-04-12","15.65","15.8","15.55","15.7","37991","5.9612","0","0.00063734862970044","109.275001100598","16.7190751683914","17.6013524790292","18.4675808996249","18.4916240781311","-0.0564903846153847","-0.0587529976019187","-0.158729111771823","-0.075382803297998","-0.161341754281848","28.5544736764517","0.216361272927363","31314.3009","1.21321494997833","False","False","False","False"
"2022-04-13","15.81","16.05","15.8","16.04","23876","3.8094","0","0.021656050955414","111.641466092585","17.0811443121655","17.5768595663621","18.4200082310814","18.4901946760127","-0.0225472273004267","-0.0278787878787885","-0.143179728578398","-0.0553592461719675","-0.131491729073171","38.1098330129598","0.230902859687088","31110.5982","0.767441880947182","False","False","False","False"
"2022-04-14","16.07","16.07","15.96","16.03","19756","3.1633","0","-0.000623441396508606","111.571864181056","17.0704952197016","17.5725999293765","18.3775893461","18.4903103072683","-0.00496585971446295","-0.00496585971446317","-0.129750271444082","-0.0559481743227329","-0.132033193082477","37.9490726722458","0.215317746448857","28438.90745","0.69467151769925","False","False","False","False"
"2022-04-15","15.85","15.85","15.68","15.68","53354","8.3894","0","-0.0218340611353712","109.135797277539","16.6977769834635","17.5475745620862","18.3320540657359","18.4870619886202","-0.0224438902743141","-0.0291021671826629","-0.140614089259695","-0.0765606595995293","-0.150984433408187","32.7429706075842","0.228267472130801","29145.7255","1.83060349621422","False","False","False","False"
"2022-04-18","15.6","15.73","15.52","15.65","22036","3.4495","0","-0.00191326530612246","108.926991542952","16.6658297060717","17.487407189665","18.2859863307486","18.4797639618345","-0.00254939451880154","-0.0673420738974974","-0.142258322507285","-0.0783274440518261","-0.152608825436105","32.3335191892117","0.17136262073698","28873.51865","0.763191084090473","False","False","False","False"
"2022-04-19","15.77","15.87","15.7","15.7","15738","2.483","0","0.00319488817891367","109.275001100598","16.7190751683914","17.4325643634756","18.2421818313427","18.4740274938425","-1.11022302462516E-16","-0.0615660490137481","-0.135846543612015","-0.075382803297998","-0.149901505389575","33.8189465210248","0.172969204018161","28887.02485","0.544816542434622","False","False","False","False"
"2022-04-20","15.82","15.85","15.74","15.82","18859","2.9796","0","0.00764331210191083","110.110224038946","16.8468642779587","17.3787864465327","18.1996472684238","18.4673782064833","-0.013715710723192","-0.0600118835412956","-0.131557395984938","-0.0683156654888106","-0.143403937277903","37.3723139037589","0.174227330399977","29191.98715","0.646042179420458","False","False","False","False"
"2022-04-21","15.88","16","15.88","15.9","15239","2.4274","0","0.0050568900126422","110.667039331178","16.9320570176703","17.330865530445","18.1571567732905","18.4614388586217","-0.00810979413599522","-0.0535714285714288","-0.130864227350522","-0.0636042402826859","-0.139072225203455","39.6968683677403","0.176553926866796","29374.885","0.518788822492411","False","False","False","False"
"2022-04-22","15.68","15.72","15.63","15.71","38708","6.0689","0","-0.0119496855345912","109.344603012127","16.7297242608554","17.2648411571685","18.1130138295555","18.454501310058","0.00191326530612246","-0.0731563421828911","-0.136677443488175","-0.0747938751472325","-0.149360041380269","36.2550339477921","0.17386450669534","30709.3717","1.26045740623212","False","False","False","False"
"2022-04-25","15.48","15.49","15.3","15.33","46392","7.1194","0","-0.0241884150222789","106.699730374023","16.3250587472255","17.1785835082106","18.0573111213603","18.4435896314766","-0.0204472843450481","-0.0955752212389384","-0.169935673733897","-0.0971731448763253","-0.167752442996743","30.5499846492713","0.18762970790015","32300.82515","1.43624507375781","False","False","False","False"
"2022-04-26","15.41","15.42","15.26","15.31","20244","3.1012","0","-0.00130463144161774","106.560526550965","16.3037605622976","17.0896635861367","18.0021133254222","18.4323284916197","-0.0248407643312102","-0.0983510011778566","-0.168838219326818","-0.0930094786729857","-0.158791208791209","30.2799143594947","0.186484539723348","32680.57335","0.619465325261804","False","False","False","False"
"2022-04-27","15.04","15.12","14.93","15.09","57371","8.6207","0","-0.0143696930111039","105.029284497326","16.0694805280909","16.9996787548163","17.9469155294841","18.4175672305337","-0.0461441213653605","-0.100715137067939","-0.170879120879121","-0.106042654028436","-0.169510181618052","27.4095017834676","0.187936961799646","34576.29895","1.6592464127801","False","False","False","False"
"2022-04-28","15.18","15.35","15.08","15.23","22303","3.3936","0","0.00927766732935731","106.003711258733","16.2185678225861","16.9198105613368","17.8947349764108","18.403102493362","-0.0421383647798743","-0.0896592946802153","-0.161805173362685","-0.0977488151658767","-0.159492273730684","31.8376703538028","0.194792252186453","34798.8294","0.640920294864861","False","False","False","False"
"2022-04-29","15.49","15.54","15.36","15.4","15819","2.4429","0","0.0111621799080761","107.186943754726","16.3996023944731","16.8410072771036","17.8514286670574","18.3904903304251","-0.0197326543602803","-0.0876777251184836","-0.136771300448431","-0.0838786436644854","-0.150110375275938","36.8733992467876","0.196966860254389","34960.32035","0.452492936037985","False","False","False","False"
"2022-05-03","15.4","15.43","15.25","15.33","12142","1.8592","0","-0.00454545454545452","106.699730374023","16.3250587472255","16.7622039928704","17.8031527812209","18.3782028406343","0","-0.0880428316478287","-0.150692520775624","-0.0787259615384617","-0.153973509933775","35.7037241690864","0.19696235232093","35041.6181","0.34649007832204","False","False","False","False"
"2022-05-04","15.41","15.42","15.32","15.36","7186","1.1043","0","0.00195694716242656","106.90853610861","16.3570060246173","16.6940498011012","17.7596689869931","18.3653216961492","0.00326583932070545","-0.0769230769230771","-0.137563166760247","-0.0639853747714808","-0.152317880794702","36.6314796428462","0.197079632057144","34198.04505","0.210115870351484","False","False","False","False"
"2022-05-05","15.6","15.65","15.53","15.57","11756","1.8329","0","0.013671875","108.37017625072","16.5806369663602","16.6493236127526","17.7220421936205","18.3540461782435","0.0318091451292248","-0.051188299817185","-0.11984171848502","-0.0335195530726256","-0.140728476821192","42.8481872341132","0.202839030295363","32794.79","0.358468189611826","False","False","False","False"
"2022-05-06","15.19","15.29","15.16","15.28","17034","2.5905","0","-0.0186255619781632","106.351720816378","16.2718132849058","16.6051298790272","17.6796233086391","18.3401111414584","0.0032829940906105","-0.0515207945375545","-0.135257498585173","-0.0473815461346632","-0.15673289183223","37.3926611740857","0.203196364861177","30409.16355","0.560160359951762","False","False","False","False"
"2022-05-09","15.06","15.13","15.05","15.07","18106","2.7316","0","-0.0137434554973821","104.890080674268","16.048182343163","16.5534817805771","17.6313474228026","18.3243125134921","-0.0214285714285716","-0.0604738154613467","-0.152894884766723","-0.0604738154613464","-0.16832229580574","34.0152507561941","0.206992656144542","28089.982","0.644587703900985","False","False","False","False"
"2022-05-10","14.89","15.11","14.79","15.08","24967","3.7262","0","0.00066357000663575","104.959682585797","16.0588314356269","16.5210020485621","17.5804092638501","18.3063669347477","-0.0163078930202217","-0.0388782664117271","-0.159888579387186","-0.0598503740648378","-0.167770419426049","34.3194789384242","0.194962827028987","24943.8501","1.00092138542799","False","False","False","False"
"2022-05-11","15.11","15.19","15.01","15.12","11338","1.7121","0","0.00265251989389914","105.238090231913","16.1014278054827","16.4901196804166","17.5271638015303","18.2878304555456","-0.015625","-0.036942675159236","-0.165562913907285","-0.0573566084788028","-0.162790697674419","35.5985543862987","0.195442519700939","23611.1775","0.480176221622153","False","False","False","False"
"2022-05-12","15.03","15.08","14.91","14.92","25866","3.8765","0","-0.0132275132275131","103.846052001332","15.8884459562038","16.4304847626185","17.471433550969","18.2658853517883","-0.0417469492614","-0.0698254364089774","-0.173864894795127","-0.0692451653150342","-0.166945840312674","32.219937456638","0.178376354377459","23710.71965","1.09091665634029","False","False","False","False"
"2022-05-13","15.06","15.12","15","15.11","14401","2.1715","0","0.0127345844504021","105.168488320384","16.0907787130188","16.3814989372844","17.4263523928717","18.245368389736","-0.0111256544502616","-0.0573923892701187","-0.143909348441926","-0.049685534591195","-0.156337241764377","38.2188290737128","0.187361217226439","23442.9599","0.61427840432385","False","False","False","False"
"2022-05-16","15.25","15.35","15.14","15.18","13914","2.1228","0","0.00463269358041041","105.655701701087","16.1653223602664","16.3548762061246","17.3828685986439","18.226762447753","0.00729927007299302","-0.0318877551020408","-0.138967668746455","-0.0452830188679243","-0.152428810720268","40.3147047584776","0.17500417357855","21470.97135","0.648060852635808","False","False","False","False"
"2022-05-17","15.27","15.39","15.22","15.37","9477","1.4531","0","0.0125164690382082","106.978138020139","16.3676551170813","16.339967476675","17.3377874405465","18.2083808126667","0.0192307692307694","-0.0178913738019169","-0.141820212171971","-0.033333333333333","-0.141340782122905","45.6993224869287","0.181975747334721","20843.034","0.454696998527182","True","False","False","False"
"2022-05-18","15.55","15.56","15.47","15.51","13294","2.0629","0","0.00910865322055954","107.952564781546","16.5167424115765","16.3298508388343","17.2953685555652","18.1898657604918","0.0257936507936511","-0.0121019108280253","-0.133519553072626","-0.0245283018867921","-0.132064913262451","49.3269578451431","0.184901893058507","20720.83815","0.641586595279689","True","False","False","False"
"2022-05-19","15.2","15.33","15.19","15.32","14767","2.2536","0","-0.0122501611863314","106.630128462494","16.3144096547616","16.3032281076744","17.2501099125934","18.1693206492078","0.0268096514745313","-0.0316055625790138","-0.142697257974259","-0.0364779874213834","-0.141736694677871","44.9390958769095","0.186694382119897","20516.2074","0.719754860735128","True","False","False","False"
"2022-05-20","15.38","15.49","15.35","15.45","8394","1.2956","0","0.00848563968668392","107.534953312371","16.4528478567928","16.2792676496306","17.2075135427376","18.1494132604038","0.0225016545334213","-0.0283018867924528","-0.134453781512605","-0.0165499681731378","-0.127611518915866","48.3260895712656","0.188687013131371","20173.9194","0.416062037008039","True","False","False","False"
"2022-05-23","15.5","15.56","15.36","15.41","8890","1.3736","0","-0.00258899676375401","107.256545666255","16.4102514869371","16.2632940109346","17.1682893854954","18.1282050316445","0.0151515151515151","-0.019096117122852","-0.125425652667423","-0.0102761721258828","-0.12987012987013","47.3607263989435","0.184605322241759","18683.0222","0.475828316470126","True","False","False","False"
"2022-05-24","15.42","15.44","15.15","15.15","10340","1.5781","0","-0.0168721609344581","105.4468959665","16.1333750828745","16.2537098277171","17.1228532576493","18.1040015939132","-0.0143135979180221","-0.0117416829745595","-0.14455110107284","-0.0269749518304427","-0.135767256132344","41.5506137169695","0.17387849234302","16880.42075","0.612536390717631","False","False","False","False"
"2022-05-25","15.2","15.37","15.16","15.32","8747","1.3367","0","0.0112211221122112","106.630128462494","16.3144096547616","16.2542422823403","17.0887761617647","18.0817367186174","-0.0122501611863314","0.000653167864141491","-0.111368909512761","-0.0160565189466922","-0.126069594980034","46.1981586445018","0.178757649282074","16305.52715","0.536419946410626","True","False","False","False"
"2022-05-26","15.37","15.39","15.13","15.13","9003","1.3713","0","-0.0124020887728459","105.307692143442","16.1120768979466","16.2563721008331","17.0515043381409","18.0598494538289","-0.0124020887728459","0.00265076209410253","-0.12188044109112","-0.0282594733461781","-0.136908157444381","42.1629669733047","0.176771659752477","13887.15625","0.648309980670089","False","False","False","False"
"2022-05-27","15.31","15.45","15.31","15.42","10045","1.5475","0","0.0191672174487771","107.326147577784","16.420900579401","16.2664887386738","17.0140550296427","18.0413956017251","-0.00194174757281551","0.0124753775443203","-0.120365088419851","-0.00963391136801517","-0.116332378223496","49.4242141775899","0.186719479060197","13274.24965","0.756739120090302","True","False","False","False"
"2022-05-30","15.58","15.78","15.58","15.77","16850","2.6456","0","0.0226977950713358","109.762214481301","16.793618815639","16.2861895597321","16.9847700253668","18.0257897703215","0.0233614536015572","0.0240259740259738","-0.0947187141216993","0","-0.0962750716332379","56.5192834294891","0.199365403268942","13325.7982","1.26448477960592","True","False","False","False"
"2022-05-31","15.75","15.95","15.69","15.95","16123","2.5542","0","0.0114140773620799","111.015048888824","16.98530247999","16.3192017463703","16.958147294207","18.0143609488052","0.0528052805280526","0.0404435746901499","-0.0859598853868196","0","-0.0737514518002321","59.6540358194448","0.201238679712995","13524.87765","1.19211148649467","True","False","False","False"
"2022-06-01","15.9","16.09","15.9","15.96","14435","2.3092","0","0.000626959247649106","111.084650800353","16.995951572454","16.3511490237622","16.9357842000327","18.0026769169237","0.0417754569190598","0.0390625","-0.0731707317073172","0","-0.0600706713780922","59.8273162719322","0.201303136956511","13887.37375","1.03946752351214","True","False","False","False"
"2022-06-02","15.91","15.93","15.8","15.8","7217","1.1438","0","-0.0100250626566416","109.971020215888","16.8255660930309","16.3633954800957","16.9189231369648","17.98854114764","0.0442828816920027","0.0147719974309573","-0.0567164179104478","-0.0100250626566416","-0.0694935217903419","55.7049380392179","0.200643703612736","13660.43775","0.528326334198185","True","False","False","False"
"2022-06-06","15.83","15.99","15.75","15.93","9252","1.4703","0","0.00822784810126587","110.875845065766","16.9640042950621","16.3980050306035","16.9137760756072","17.9731513604233","0.0330739299610896","0.0425392670157072","-0.0178791615289765","-0.00187969924812004","-0.0618374558303887","58.2236957058236","0.188414266009342","13271.3178","0.697113062879106","True","False","False","False"
"2022-06-07","15.86","15.86","15.7","15.74","10990","1.732","0","-0.0119271814187069","109.553408746714","16.7616715382472","16.4336794903577","16.9017071041481","17.9550436084928","-0.00190234622701302","0.0444591904445923","-0.0414129110840442","-0.013784461152882","-0.0730270906949353","53.4407186896608","0.186482368503739","12915.4897","0.850908115392636","True","False","False","False"
"2022-06-08","15.91","16","15.87","15.92","9610","1.5334","0","0.0114358322744599","110.806243154236","16.9533552025982","16.4784056787063","16.8843135864569","17.9386192086324","-0.00188087774294654","0.0557029177718833","-0.0579881656804735","-0.00250626566416023","-0.0624263839811545","57.0411517596835","0.189173296446353","12147.65005","0.791102802636301","True","False","False","False"
"2022-06-09","15.88","15.96","15.82","15.94","7094","1.1295","0","0.00125628140703515","110.945446977295","16.9746533875261","16.5220669578085","16.8711797057514","17.9226302582482","-0.00125313283208039","0.0542328042328046","-0.0443645083932858","-0.00125313283208017","-0.0612485276796233","57.4350129181711","0.18925082128651","11935.49505","0.594397297328694","True","False","False","False"
"2022-06-10","15.75","15.87","15.72","15.86","6259","0.989","0","-0.00501882057716441","110.388631685062","16.8894606478145","16.572117692389","16.8598206737899","17.9061893329682","0.00379746835443018","0.0630026809651476","-0.0387878787878797","-0.00626566416040086","-0.0659599528857482","55.2528368888247","0.182192783528705","10955.13255","0.571345802657586","True","False","False","False"
"2022-06-13","15.54","15.54","15.38","15.4","19172","2.9561","0","-0.0290037831021437","107.186943754726","16.3996023944731","16.5875588764617","16.8472192477075","17.8847203853705","-0.0332705586942877","0.0191925876902712","-0.0440720049658602","-0.0350877192982454","-0.0930506478209659","44.7293792548048","0.210954691027206","11193.68345","1.71270896534063","False","False","False","False"
"2022-06-14","15.21","15.37","15.19","15.36","11694","1.7835","0","-0.00259740259740271","106.90853610861","16.3570060246173","16.5971430596793","16.83319794263","17.863326409027","-0.0241423125794155","0.0118577075098811","-0.0489164086687309","-0.037593984962406","-0.0954063604240285","43.9455780969724","0.210880455031803","11082.6425","1.05513436890164","False","False","False","False"
"2022-06-15","15.38","15.4","15.24","15.25","10412","1.593","0","-0.00716145833333326","106.142915081791","16.239866007514","16.5907536042009","16.806042756847","17.8410422540749","-0.0420854271356783","-0.00780741704619403","-0.0911799761620983","-0.0444862155388469","-0.10188457008245","41.7775098116044","0.207768572197612","11129.3713","0.935528227007756","False","False","False","False"
"2022-06-16","15.43","15.51","15.12","15.13","10586","1.6193","0","-0.00786885245901636","105.307692143442","16.1120768979466","16.5705203285194","16.7776451769431","17.8180371426787","-0.0508155583437893","-0.0245003223726626","-0.0956365809922298","-0.0520050125313279","-0.108951707891637","39.4887291459681","0.20629523604198","10993.953","0.962878957186737","False","False","False","False"
"2022-06-17","14.96","14.98","14.83","14.9","35545","5.291","0","-0.0152015862524786","103.706848178274","15.8671477712759","16.5481572343451","16.7433905961841","17.7946247310382","-0.0605296343001261","-0.0274151436031334","-0.114676173499703","-0.0664160401002503","-0.122497055359246","35.4769320824074","0.208652345260981","12032.8897","2.95401810256767","False","False","False","False"
"2022-06-20","14.93","14.93","14.72","14.76","21308","3.1547","0","-0.00939597315436247","102.732421416868","15.7180604767807","16.5114178653445","16.7071836818067","17.7697979488756","-0.0415584415584418","-0.0446601941747573","-0.121428571428572","-0.0751879699248118","-0.130742049469965","33.2618152896338","0.207171015695963","12678.5979","1.68060902065519","False","False","False","False"
"2022-06-21","14.85","15.09","14.85","15.09","10980","1.6433","0","0.0223577235772359","105.029284497326","16.0694805280909","16.4943793174022","16.6741714951685","17.745749962126","-0.0175781249999999","-0.0207657365347176","-0.109734513274336","-0.0545112781954883","-0.111307420494699","42.3924426982768","0.224731884619225","12783.08215","0.858916173045168","False","False","False","False"
"2022-06-22","15.05","15.05","14.67","14.69","27091","4.0046","0","-0.0265076209410205","102.245208036164","15.6435168295331","16.4698864047351","16.6340599135543","17.7186682070918","-0.0367213114754098","-0.0303630363036305","-0.133333333333333","-0.0795739348370922","-0.134864546525324","35.9687806857346","0.236099425814752","13620.6385","1.98896689020856","False","False","False","False"
"2022-06-23","14.75","14.75","14.32","14.4","34591","5.0023","0","-0.0197413206262763","100.226752601822","15.3346931480788","16.420900579401","16.5882688159593","17.6903887325883","-0.0482485128883013","-0.0600522193211489","-0.151943462897527","-0.0977443609022552","-0.14691943127962","32.1635506490323","0.239639922279971","14912.84875","2.31953100174774","False","False","False","False"
"2022-06-24","14.53","14.61","14.42","14.45","10935","1.5876","0","0.0034722222222221","100.574762159467","15.3879386103985","16.3846936650236","16.5469148402243","17.6607472180585","-0.0302013422818792","-0.0449438202247192","-0.1388557806913","-0.0946115288220547","-0.143957345971564","33.4704037656955","0.237983852470013","15009.4597","0.728567264816334","False","False","False","False"
"2022-06-27","14.63","14.84","14.63","14.73","12026","1.7759","0","0.0193771626297579","102.52361568228","15.6861131993889","16.347954296023","16.5114178653445","17.6329885743661","-0.00203252032520318","-0.0447470817120621","-0.119545726240287","-0.077067669172932","-0.127369668246445","40.3953516611859","0.238234773641224","15108.49015","0.795959945739515","False","False","False","False"
"2022-06-28","14.74","14.74","14.5","14.57","7566","1.1037","0","-0.0108621860149355","101.409985097816","15.5157277199658","16.2840597412393","16.4704188593583","17.602864181472","-0.0344599072233266","-0.0760938490805325","-0.136848341232228","-0.0870927318295736","-0.133254015466984","37.9636188144987","0.220909057046956","14644.29135","0.516671842915772","False","False","False","False"
"2022-06-29","14.45","14.54","14.38","14.45","10413","1.5066","0","-0.00823610157858623","100.574762159467","15.3879386103985","16.2041915477598","16.4285324290002","17.571158950128","-0.0163376446562289","-0.0940438871473355","-0.140392623438429","-0.0946115288220547","-0.131610576923077","36.2033493097715","0.213789524354146","14358.78005","0.725196427812125","False","False","False","False"
"2022-06-30","14.38","14.38","14.07","14.09","24864","3.5192","0","-0.0249134948096885","98.0690933444216","15.0045712816965","16.1046225332219","16.3832737860284","17.534539227033","-0.0215277777777778","-0.117167919799499","-0.153245192307692","-0.116060225846926","-0.141377209018891","31.4865955447647","0.224101585198536","14880.18425","1.67091734768002","False","False","False","False"
"2022-07-01","14.09","14.09","13.55","13.58","44080","6.0677","0","-0.0361958836053938","94.5193958564405","14.4614675660354","15.9864176068721","16.3330455665735","17.4920178284313","-0.0602076124567473","-0.140506329113924","-0.172455819622182","-0.148055207026348","-0.157045313469894","26.2657923782302","0.248122275615678","16723.3379","2.63585190131212","False","False","False","False"
"2022-07-04","13.58","13.66","13.41","13.45","30234","4.08","0","-0.00957290132547872","93.6145710065629","14.3230293640041","15.8543688603192","16.2858345899833","17.4478268489426","-0.0868974881194841","-0.155681104833647","-0.165114835505897","-0.156210790464241","-0.16147132169576","25.1223110879512","0.241176250055953","17772.45605","1.7011701655045","False","False","False","False"
"2022-07-05","13.66","13.79","13.31","13.56","19109","2.5765","0","0.00817843866171009","94.3801920333824","14.4401693811075","15.7382937524622","16.2418183411323","17.4048700008648","-0.0693205216197667","-0.138500635324015","-0.154613466334164","-0.14930991217064","-0.154613466334164","27.9794351292302","0.247655045587699","18178.42395","1.0512051568695","False","False","False","False"
"2022-07-06","13.56","13.58","13.23","13.24","16213","2.1647","0","-0.023598820058997","92.152930864453","14.0993984222613","15.5955959134454","16.1983345469046","17.3592453711978","-0.0837370242214532","-0.168341708542714","-0.156150414276609","-0.169385194479297","-0.174563591022443","24.9918699262009","0.24367469382705","18508.5862","0.875987221541535","False","False","False","False"
"2022-07-07","13.32","13.77","13.24","13.74","19085","2.5936","0","0.0377643504531722","95.6330264409051","14.6318530454585","15.478455896342","16.1635475115224","17.3155642055737","-0.0248403122782115","-0.13801756587202","-0.12484076433121","-0.133669609079445","-0.143391521197007","36.4161753936387","0.293535916172482","19108.13335","0.998808656524265","False","False","False","False"
"2022-07-08","13.91","14.03","13.82","13.9","13974","1.9477","0","0.0116448326055314","96.7466570253698","14.8022385248816","15.3740947901954","16.125565748401","17.2727869897412","0.0235640648011783","-0.123581336696091","-0.133416458852868","-0.0974025974025972","-0.132875857766687","39.5870992879576","0.301068526095195","19493.8891","0.716854596243702","False","False","False","False"
"2022-07-11","13.96","14.01","13.75","13.8","9347","1.2976","0","-0.0071942446043165","96.0506379100794","14.6957476002421","15.2889020504838","16.08598662141","17.231787983755","0.0260223048327139","-0.103896103896104","-0.139114160948222","-0.1015625","-0.135338345864661","38.301459813032","0.289068232124865","19002.66805","0.491883612101512","False","False","False","False"
"2022-07-12","13.67","13.69","13.43","13.48","13379","1.8101","0","-0.0231884057971015","93.82337674115","14.354976641396","15.1888005813227","16.0469399490422","17.1894970073891","-0.00589970501474923","-0.122395833333333","-0.140306122448979","-0.116065573770491","-0.155388471177944","34.4462970175243","0.295668105725121","19086.9252","0.700941605827637","False","False","False","False"
"2022-07-13","13.86","13.91","13.71","13.85","22095","3.0553","0","0.0274480712166172","96.3986474677246","14.7489930625619","15.1142569340751","16.0149926716504","17.1504895011995","0.0460725075528701","-0.0918032786885244","-0.115015974440895","-0.0846001321877063","-0.132205513784461","41.747260533603","0.318998478611555","19671.0771","1.12321653195086","False","False","False","False"
"2022-07-14","13.74","14.04","13.65","13.96","7836","1.0898","0","0.00794223826714813","97.1642684945441","14.8661330796652","15.0519597431611","15.9841103035049","17.1131460674238","0.0160116448326058","-0.0773298083278254","-0.110828025477707","-0.0748840291583829","-0.125313283208019","43.7529261423499","0.321782288036019","19533.6012","0.40117169997307","False","False","False","False"
"2022-07-15","14.05","14.25","13.98","14.21","13211","1.8691","0","0.0179083094555874","98.9043162827702","15.1323603912638","15.0152203741605","15.9555352387267","17.0775912535752","0.0223021582733816","-0.0463087248322145","-0.101769911504425","-0.0583167660702449","-0.109649122807017","48.1244875248662","0.32766073049752","18416.9001","0.717349387153379","True","False","False","False"
"2022-07-18","14.28","14.38","14.26","14.31","9152","1.311","0","0.00703729767769179","99.6003353980606","15.2388513159033","14.9912599161166","15.9273151436972","17.0422359584939","0.0369565217391308","-0.0304878048780484","-0.1","-0.0516898608349899","-0.103383458646616","49.8050001470651","0.328043331803415","17809.10755","0.513889591283871","True","False","False","False"
"2022-07-19","14.26","14.34","14.2","14.27","8250","1.1781","0","-0.00279524807826703","99.3219277519444","15.1962549460475","14.9475986370144","15.9017573217838","17.0073855756697","0.058605341246291","-0.054340622929092","-0.0916613621896881","-0.0312287847929394","-0.105889724310776","49.1195460169137","0.315863771387124","17672.64855","0.466846606305652","True","False","False","False"
"2022-07-20","14.49","14.53","14.38","14.39","14819","2.1448","0","0.00840925017519267","100.157150690293","15.3240440556148","14.9316249983185","15.8850737435902","16.9711924324753","0.0389891696750904","-0.0204220558202859","-0.0613176777560338","-0.0230821452817379","-0.0983709273182952","51.28559747753","0.304941981341051","17059.05975","0.868701043150986","True","False","False","False"
"2022-07-21","14.46","14.7","14.45","14.7","13057","1.9033","0","0.0215427380125086","102.314809947693","15.6541659219971","14.9475986370144","15.8742471662519","16.9381802458371","0.0530085959885387","0.0208333333333333","-0.0398432397126058","-0.00203665987780044","-0.0789473684210522","56.4441665733409","0.306240010743087","15982.37385","0.816968563152463","True","False","False","False"
"2022-07-22","14.71","14.81","14.65","14.68","12475","1.8368","0","-0.00136054421768705","102.175606124635","15.6328677370692","14.9598450933479","15.8669702864015","16.9069429079428","0.0330752990851511","0.0159169550173011","-0.0271703114645456","-0.00339443312966725","-0.0802005012531324","56.0319168839785","0.306246650495587","16059.3476","0.776798429844062","True","False","False","False"
"2022-07-25","14.6","14.68","14.54","14.63","5750","0.8402","0","-0.00340599455040869","101.82759656699","15.5796222747495","14.954520547116","15.8563211939376","16.8755280851742","0.0223619846261356","-0.0067888662593345","-0.0393959290873276","-0.00476190476190474","-0.0833333333333329","54.951367869008","0.298665238775646","15745.5371","0.365153818728737","True","False","False","False"
"2022-07-26","14.58","14.61","14.41","14.46","8293","1.2","0","-0.0116199589883801","100.644364070996","15.3985877028624","14.9486635462608","15.8396376157441","16.8455331414008","0.0133146461107216","-0.00754975978037042","-0.0610389610389608","-0.0163265306122449","-0.0939849624060147","51.3271075583045","0.29903684440677","15781.8533","0.525452672912629","True","False","False","False"
"2022-07-27","14.44","14.58","14.37","14.56","7274","1.0518","0","0.0069156293222683","101.340383186287","15.5050786275019","14.954520547116","15.8259712804154","16.8145620308181","0.0118137595552463","0.00761245674740474","-0.050228310502283","-0.00952380952380949","-0.0877192982456136","53.2791418759064","0.298479401556067","15624.88455","0.465511343570215","True","False","False","False"
"2022-07-28","14.71","14.77","14.59","14.59","8127","1.1905","0","0.00206043956043955","101.549188920874","15.5370259048937","14.9811432782758","15.8123049450866","16.7859869660399","-0.00748299319727885","0.0354861603974448","-0.050130208333333","-0.00748299319727896","-0.0858395989974935","53.8767630953645","0.282913332687231","14788.0672","0.549578987577227","True","False","False","False"
"2022-07-29","14.7","14.79","14.65","14.68","6655","0.979","0","0.00616860863605218","102.175606124635","15.6328677370692","15.0397132868275","15.7965087912651","16.7592754924428","0","0.0810014727540505","-0.057161207450224","-0.00136054421768705","-0.0802005012531324","55.7071980113269","0.244636801389147","12916.829","0.515256337294548","True","False","False","False"
"2022-08-01","14.69","14.72","14.57","14.66","7144","1.0459","0","-0.00136239782016345","102.036402301577","15.6115695521413","15.1041402962344","15.7855047290524","16.7325640188458","0.00205058099794941","0.0899628252788103","-0.040575916230366","-0.002721088435374","-0.0814536340852126","55.1830996831672","0.240286006224017","11762.3163","0.607339389436416","True","False","False","False"
"2022-08-02","14.5","14.51","14.33","14.43","13686","1.9704","0","-0.0156889495225102","100.435558336409","15.3666404254706","15.1504638484525","15.7741456970908","16.7027465599467","-0.00207468879668049","0.0641592920353988","-0.042468480424684","-0.0183673469387753","-0.0958646616541348","49.4243886156729","0.250076902939856","11491.15185","1.19100018680895","True","False","False","False"
"2022-08-03","14.4","14.51","14.4","14.51","8925","1.292","0","0.00554400554400547","100.992373628641","15.4518331651821","15.2180855855986","15.7640290592501","16.6722191615501","-0.00343406593406592","0.0959214501510575","-0.0377984084880635","-0.0129251700680271","-0.090852130325814","51.3270171011259","0.229125669542546","11126.72405","0.802098529620675","True","False","False","False"
"2022-08-04","14.53","14.62","14.39","14.55","12192","1.7692","0","0.00275671950379053","101.270781274758","15.4944295350379","15.2612144100776","15.7539124214093","16.6405381114698","-0.0027416038382454","0.0589519650655022","-0.0376984126984121","-0.010204081632653","-0.0883458646616536","52.2933929569072","0.192938575209594","10782.06525","1.13078456838313","True","False","False","False"
"2022-08-05","14.72","14.92","14.71","14.9","13331","1.9789","0","0.0240549828178693","103.706848178274","15.8671477712759","15.3144598723973","15.7535574516605","16.6124955013148","0.0149863760217983","0.0719424460431652","-0.00134048257372654","0","-0.06641604010025","59.8121436674072","0.205017204308159","10749.9082","1.24011691560306","True","False","False","False"
"2022-08-08","14.83","14.89","14.76","14.85","8079","1.199","0","-0.00335570469798663","103.358838620629","15.8139023089562","15.370367607833","15.7489428449262","16.5876476188989","0.0129604365620737","0.0760869565217395","-0.0172071475843812","-0.00335570469798685","-0.0695488721804508","58.3962241573107","0.202787635158621","10686.5079","0.7560088922968","True","False","False","False"
"2022-08-09","14.8","14.92","14.7","14.86","7493","1.1105","0","0.000673400673400604","103.428440532158","15.8245514014202","15.4438463458342","15.7432633289454","16.5630659637947","0.0297990297990296","0.102373887240356","-0.0210803689064561","-0.00268456375838944","-0.0689223057644106","58.6072753891343","0.176764378025804","10392.22975","0.721044201317816","True","False","False","False"
"2022-08-10","14.74","14.78","14.69","14.72","8507","1.253","0","-0.00942126514131891","102.454013770751","15.675464106925","15.4901698980523","15.7317268121095","16.534757126328","0.0144727773949","0.0628158844765341","-0.0422901756668832","-0.0120805369127519","-0.077694235588972","54.4432630366223","0.162369726643918","9712.8528","0.875884786393551","True","False","False","False"
"2022-08-11","14.92","14.98","14.88","14.96","8342","1.2471","0","0.0163043478260869","104.124459647448","15.9310423260596","15.5434153603721","15.7219651440175","16.5086668497913","0.0281786941580755","0.0716332378223494","-0.0354609929078011","0","-0.0626566416040095","59.72593704492","0.168282583322614","9738.1194","0.856598657026119","True","False","False","False"
"2022-08-12","14.99","15.1","14.99","15.06","9195","1.3837","0","0.00668449197860954","104.820478762739","16.037533250699","15.5886740033438","15.7173505372831","16.4837302249383","0.0107382550335569","0.0598170302603791","-0.0169712793733683","0","-0.0563909774436087","61.717852648985","0.160068762529139","9537.3026","0.964110753914844","True","False","False","False"
"2022-08-15","15.14","15.24","15.12","15.22","12980","1.9718","0","0.0106241699867198","105.934109347204","16.2079187301221","15.6371273740548","15.713268385172","16.4603909639548","0.0249158249158248","0.0635918937805724","-0.0148867313915858","0","-0.0463659147869669","64.724122624405","0.161778655093502","9728.70175","1.33418603360926","True","False","False","False"
"2022-08-16","15.04","15.05","14.96","14.98","10440","1.5658","0.26","0.00131406044678051","106.073313170262","16.22921691505","15.6887754725049","15.7102511423072","16.4392702639013","0.02557200538358","0.0679747722494741","-0.0110317975340686","0","-0.0451127819548868","65.0931318893123","0.160432290882053","9838.18825","1.06118583368233","True","False","False","False"
"2022-08-17","14.98","15","14.91","14.98","6944","1.0381","0","0","106.073313170262","16.22921691505","15.7340341154766","15.7118485061768","16.417350881913","0.0353260869565215","0.0590687977762325","0.00594059405940617","0","-0.0451127819548868","65.0931318893123","0.159684625906989","9444.40855","0.735210570703234","True","True","False","True"
"2022-08-18","14.9","14.91","14.79","14.9","8370","1.2436","0","-0.00534045393858473","105.506833527163","16.1425455296559","15.7584530958596","15.7089841040917","16.3988801329282","0.0132761685812812","0.0311980599983652","-0.0105344985655376","-0.00534045393858484","-0.0502123131594001","62.0306852068388","0.146034937388597","9210.0465","0.908774564818972","True","True","False","False"
"2022-08-19","14.9","14.99","14.86","14.92","5054","0.7546","0","0.00134228187919461","105.648453437937","16.1642133760044","15.7850203778063","15.7098530453926","16.3806786917668","0.00789897818605412","0.0339890062317418","0.00323586328367287","-0.00400534045393885","-0.0489374303582719","62.505609471777","0.145628359435212","8838.9802","0.571734508467391","True","True","False","True"
"2022-08-22","14.79","14.79","14.68","14.72","9673","1.4249","0","-0.0134048257372653","104.23225433019","15.9475349125191","15.8034160096948","15.7019636176113","16.358009323627","-0.0160652223113077","0.0236149908695755","-0.0288270222813299","-0.0173564753004004","-0.0616862583695549","55.0854508237692","0.154353143283499","9035.13465","1.0705575926309","True","True","False","False"
"2022-08-23","14.55","14.62","14.53","14.54","10273","1.496","0","-0.0122282608695653","102.957675133218","15.7525242953823","15.8211128393208","15.6846120422737","16.3346910338202","-0.0293724966622162","0.0229850035178301","-0.0619934590445258","-0.0293724966622162","-0.0731602035797098","49.4013683827357","0.155037477906615","9134.1721","1.12471780556883","False","True","False","False"
"2022-08-24","14.57","14.61","14.46","14.5","9659","1.4032","0","-0.00275103163686374","102.674435311668","15.7091886026853","15.83131833808","15.6633434776519","16.3107453859294","-0.0320427236315085","0.0131640722428439","-0.0751304769996357","-0.0320427236315085","-0.0757099691819663","48.2108384628781","0.154090272839734","9253.4455","1.04383053858155","False","True","False","False"
"2022-08-25","14.55","14.66","14.55","14.61","4793","0.6993","0","0.00758620689655176","103.453344820929","15.8283617576022","15.8458851307154","15.6438836474044","16.2898339237185","-0.019463087248322","0.0187510695091737","-0.068698113775761","-0.0246995994659543","-0.067529604508227","51.6608290527033","0.155974801692752","9086.7516","0.527507872010059","False","True","False","False"
"2022-08-26","14.72","14.75","14.65","14.67","6607","0.9717","0","0.0041067761806981","103.878204553254","15.8933652966478","15.8589100086944","15.6283469674647","16.2736350522147","-0.0167560321715816","0.016663453178261","-0.0554038295786793","-0.0206942590120158","-0.0637001572988153","53.4811632399142","0.155234181975236","9084.32725","0.72729557381368","True","True","False","False"
"2022-08-29","14.32","14.34","14.23","14.28","19578","2.7944","0","-0.0265848670756647","101.116616293147","15.4708422928514","15.8518736457299","15.6034609340945","16.2586185048508","-0.0298913043478262","-0.0090142928178909","-0.088019430804161","-0.0467289719626166","-0.0885915641599919","42.3243479312221","0.183325738819091","9706.02755","2.01706866162769","False","True","False","False"
"2022-08-30","14.3","14.44","14.3","14.38","7978","1.1448","0","0.00700280112044838","101.82471584702","15.5791815245941","15.862500700686","15.5837527672003","16.2427299356742","-0.0110041265474551","0.0138313315883412","-0.0705472608119594","-0.0400534045393856","-0.0822091521443055","45.4657862122625","0.175746703818775","9420.65325","0.846913455815816","False","True","False","False"
"2022-08-31","14.3","14.49","14.25","14.49","7437","1.069","0","0.00764951321279561","102.603625356281","15.698354679511","15.8748267764025","15.5628360918155","16.2235748391362","-0.000689655172413595","0.0159541920815167","-0.0740266754332405","-0.0327102803738315","-0.0751884989270506","48.7712124087618","0.176665703694685","9346.2717","0.795728846615918","False","True","False","False"
"2022-09-01","14.28","14.32","14.12","14.16","23338","3.3106","0","-0.0227743271221532","100.266896828498","15.3408352147602","15.8671470603886","15.5356057889361","16.2033927473437","-0.0308008213552361","-0.00991287352208436","-0.0962504585788161","-0.0547396528704935","-0.0916918228087211","40.7846316008679","0.195276777701126","9903.56535","2.35653173127191","False","True","False","False"
"2022-09-02","14.16","14.17","14.03","14.03","15100","2.1273","0","-0.00918079096045199","99.3463674084627","15.1999942134948","15.8337893824995","15.5074480150307","16.1836343444103","-0.0436264485344238","-0.0420462182238508","-0.100030810311184","-0.0634178905206938","-0.073148613736063","38.1352869857074","0.174551718921677","9991.99005","1.51117414293262","False","True","False","False"
"2022-09-05","14.05","14.12","13.98","14.03","12459","1.7484","0","0","99.3463674084627","15.1999942134948","15.8030939777265","15.4874545453478","16.1673368965277","-0.0175070028011203","-0.038820784615177","-0.0731486137360634","-0.0634178905206938","-0.0707349382510005","38.1352869857074","0.174634804576073","10210.98505","1.220156031861","False","True","False","False"
"2022-09-06","14.12","14.19","13.99","14.03","9033","1.2712","0","0","99.3463674084627","15.1999942134948","15.7718661183302","15.4681710151624","16.1506844788962","-0.0243393602225312","-0.0394676077749244","-0.070734938251001","-0.0634178905206938","-0.0640320427236308","38.1352869857074","0.17451849518949","10287.99435","0.878056761374485","False","True","False","False"
"2022-09-07","13.88","13.91","13.75","13.81","14682","2.0288","0","-0.0156806842480398","97.7885483899408","14.9616479036609","15.736175308167","15.4468673800982","16.1264550684726","-0.0469289164941338","-0.0455371654960234","-0.0787086607279648","-0.0781041388518018","-0.0781041388518018","33.5313783734198","0.179416583005617","10596.7341","1.38553396371435","False","True","False","False"
"2022-09-08","13.86","13.98","13.84","13.95","13157","1.828","0","0.010137581462708","98.7798877653638","15.1133228281007","15.695289333269","15.4302214789341","16.1039333279386","-0.0148305084745763","-0.0513286878047737","-0.0619879160316864","-0.0687583444592786","-0.0687583444592786","38.6104481205379","0.172138380544696","10837.5242","1.21406529362121","False","True","False","False"
"2022-09-12","14.19","14.27","14.18","14.19","16971","2.4136","0","0.0172043010752689","100.47932669466","15.373336984283","15.6620795199482","15.4219912991508","16.0826909476675","0.0114041339985744","-0.04141511391018","-0.0311215849320341","-0.0527369826435242","-0.0527369826435242","46.2000235083502","0.183329919359278","11226.32355","1.5117151153193","False","True","False","False"
"2022-09-13","14.3","14.34","14.24","14.28","6431","0.9191","0","0.00634249471458781","101.116616293147","15.4708422928514","15.6252256980847","15.4178709960854","16.062527338946","0.0178189593727727","-0.0454763162096108","-0.0157282881240021","-0.0467289719626162","-0.0467289719626162","48.7583842522499","0.180004122989802","10898.88105","0.590064977358387","False","True","False","False"
"2022-09-14","13.9","14.1","13.86","14.04","13715","1.9215","0","-0.0168067226890757","99.41717736385","15.2108281366691","15.5743062591657","15.403560122895","16.0388658090317","0.000712758374910916","-0.0627503337783708","-0.0534337366986328","-0.0627503337783707","-0.0627503337783707","42.8998510378459","0.186599734963323","11062.626","1.23976395839469","False","True","False","False"
"2022-09-15","14.05","14.14","14","14.07","5099","0.7176","0","0.00213675213675213","99.6296072300121","15.2433299061919","15.5250119087228","15.3968903408393","16.0154751271968","0.0188269370021725","-0.0607476635514015","-0.0255816468702087","-0.0569705093833773","-0.0607476635514014","43.8087239950048","0.187234100755301","10970.41875","0.464839503049963","False","True","False","False"
"2022-09-16","13.97","13.98","13.88","13.89","16139","2.2451","0","-0.0127931769722814","98.3550280330397","15.0483192890551","15.4703005966927","15.3921174431889","15.9901931295741","-0.00430107526881707","-0.0677852348993286","-0.0186748998664887","-0.0690348525469162","-0.0727636849132173","39.7232141990206","0.19028098739506","11358.8784","1.42083121516646","False","True","False","False"
"2022-09-19","13.9","13.94","13.81","13.84","9486","1.3143","0","-0.00359971202303822","98.0009782561029","14.9941496731837","15.4117974115517","15.3855542942353","15.9662345672298","-0.0246652572233969","-0.0723860589812328","-0.0255907530686825","-0.0597826086956519","-0.0761014686248327","38.6451060266085","0.189442198196641","11580.49485","0.819125531582962","False","True","False","False"
"2022-09-20","13.87","13.98","13.86","13.96","5103","0.7103","0","0.00867052023121384","98.8506977207512","15.1241567512749","15.3706285034895","15.3761883534334","15.943803109389","-0.0224089635854343","-0.0516304347826086","-0.0358250919759947","-0.0483980913428764","-0.0680907877169556","42.6668955591411","0.190617579165311","11351.99615","0.449494338491297","False","False","False","False"
"2022-09-21","13.93","13.93","13.79","13.82","8968","1.2412","0","-0.010028653295129","97.8593583453281","14.9724818268352","15.3316263800621","15.3671342552146","15.9187765572865","-0.0156695156695158","-0.0495185694635486","-0.0350125951508893","-0.0579413769597816","-0.0774365821094789","39.4203460172087","0.189295966525376","11286.7219","0.79455142772677","False","False","False","False"
"2022-09-22","13.69","13.7","13.53","13.65","13610","1.8528","0","-0.0123010130246021","96.6555891037431","14.7883051328727","15.2855822065715","15.3571403639225","15.8928363964613","-0.0298507462686568","-0.0586206896551722","-0.0389677586262658","-0.0695296523517381","-0.0887850467289717","35.8528743104658","0.192493560791544","11484.27115","1.18510037095389","False","False","False","False"
"2022-09-23","13.63","13.65","13.49","13.52","21441","2.9055","0","-0.0095238095238096","95.7350596837074","14.6474641316072","15.2265373252717","15.3511885780877","15.867231182058","-0.0266378689704826","-0.07460643394935","-0.0237998902724333","-0.0783912747102931","-0.0974632843791721","33.3661623759784","0.189637564549664","12316.6581","1.7408189645209","False","False","False","False"
"2022-09-26","13.44","13.44","13.15","13.17","33387","4.4167","0","-0.025887573964497","93.2567112451499","14.2682768205079","15.1452829014647","15.3479687323289","15.8405071494512","-0.0484104046242777","-0.102249488752556","-0.0133590000216285","-0.0910973084886129","-0.12082777036048","27.779683414596","0.202500061921651","13655.66105","2.44492374830876","False","False","False","False"
"2022-09-27","13.23","13.25","13.14","13.2","14164","1.8687","0","0.00227790432801811","93.469141111312","14.3007785900307","15.0867797163237","15.347597886096","15.8167162380397","-0.0544412607449859","-0.0756302521008406","-0.00155349635945823","-0.0890269151138717","-0.118825100133511","28.8788626000166","0.187636102546914","13384.9831","1.05821314036624","False","False","False","False"
"2022-09-28","13.23","13.25","12.85","12.85","28476","3.6901","0","-0.0265151515151515","90.9907926727545","13.9215912789314","15.0039002040406","15.3389549177264","15.7903866294294","-0.0701881331403765","-0.106397774687066","-0.0359121897042661","-0.113181504485852","-0.14218958611482","24.2430323779001","0.199265235208637","14409.86625","1.97615581615825","False","False","False","False"
"2022-09-29","12.96","13.03","12.76","12.82","20844","2.6809","0","-0.00233463035019454","90.7783628065924","13.8890895094086","14.9134369455355","15.3354497691788","15.7668921580417","-0.060805860805861","-0.115251897860594","-0.0149161621336","-0.102240896358544","-0.144192256341789","23.8890479367956","0.193574752472413","15080.19765","1.38219183088757","False","False","False","False"
"2022-09-30","12.63","12.77","12.56","12.74","18152","2.2937","0","-0.00624024960998437","90.2118831634935","13.8024181240145","14.8365160909982","15.3216258538214","15.7425866826719","-0.0576923076923077","-0.100282485875706","-0.0566869362935153","-0.107843137254902","-0.149532710280374","22.9276351161147","0.183229633047517","14820.88535","1.22474599670255","False","False","False","False"
"2022-10-03","12.62","12.75","12.54","12.6","11350","1.4326","0","-0.0109890109890111","89.2205437880705","13.6507431995748","14.7590535403022","15.3024342650663","15.7140000067336","-0.0432801822323463","-0.10192444761226","-0.0777919720298533","-0.11764705882353","-0.158878504672897","21.311257332627","0.183861204088537","14633.40335","0.775622507528298","False","False","False","False"
"2022-10-04","12.85","12.99","12.85","12.98","12939","1.6754","0","0.0301587301587303","91.9113220927901","14.0624322801969","14.7021754436373","15.2918790097322","15.6889328155711","-0.0166666666666666","-0.0748396293656453","-0.0430951413478847","-0.0910364145658267","-0.133511348464619","34.756306487511","0.222491557591417","14657.39505","0.882750922374846","False","False","False","False"
"2022-10-05","13.21","13.41","13.21","13.32","13764","1.8339","0","0.0261941448382126","94.3188605759603","14.4307856681219","14.6637150163686","15.293142493511","15.6700412212766","0.0365758754863812","-0.0506058446186746","0.00528102752235382","-0.0672268907563028","-0.110814419225634","43.9794170709601","0.246536455978056","14893.9327","0.924147857872354","False","False","False","True"
"2022-10-06","13.37","13.43","13.34","13.39","8030","1.075","0","0.00525525525525539","94.8145302636718","14.5066231303418","14.6409637777027","15.2891029946407","15.6520478331455","0.0444617784711387","-0.0304127443881246","-0.0164329816409848","-0.0623249299719889","-0.106141522029372","45.6819170573719","0.242840109695024","14561.30205","0.551428846982815","False","False","False","False"
"2022-10-07","13.34","13.34","13.17","13.18","10551","1.3941","0","-0.0156833457804332","93.3275212005373","14.2791107436822","14.5992531734818","15.279319289041","15.6317147962729","0.034536891679749","-0.0551971326164875","-0.0394872246089341","-0.0770308123249303","-0.120160213618157","41.5976491729951","0.243818630874447","14430.99755","0.731160265493912","False","False","False","False"
"2022-10-11","12.74","12.74","12.54","12.56","31370","3.9603","0","-0.047040971168437","88.9373039665211","13.6074075068777","14.5109566996115","15.2539034076345","15.6047193231806","-0.00317460317460283","-0.114869626497534","-0.100774290656367","-0.120448179271709","-0.161548731642189","32.3901789330358","0.278376169846319","15150.9244","2.07047036681141","False","False","False","False"
"2022-10-12","12.55","12.62","12.42","12.53","10735","1.3441","0","-0.00238853503184722","88.724874100359","13.5749057373549","14.4161598718367","15.2261709813254","15.5767430625113","-0.0346687211093989","-0.122549019607844","-0.109191010795667","-0.109452736318408","-0.163551401869159","32.0208455363177","0.27497311301299","15366.1409","0.698638524133278","False","False","False","False"
"2022-10-13","12.54","12.63","12.42","12.42","13367","1.6683","0","-0.00877893056664003","87.9459645910981","13.455732582438","14.3284050941251","15.1971622752652","15.5494597985245","-0.0675675675675675","-0.115384615384616","-0.11453627027113","-0.11727078891258","-0.170894526034713","30.6412012274914","0.272397075609364","15348.7549","0.870906147572921","False","False","False","False"
"2022-10-14","12.75","12.89","12.72","12.82","10199","1.3073","0","0.0322061191626408","90.7783628065924","13.8890895094086","14.260693074286","15.1732463661618","15.529160054876","-0.0425690814040329","-0.0888415067519548","-0.093640721796308","-0.0816618911174785","-0.144192256341789","40.6544397565197","0.303412772763545","15603.716","0.653607512466902","False","False","False","False"
"2022-10-17","12.69","12.69","12.51","12.65","18133","2.2841","0","-0.0132605304212169","89.5745935650073","13.7049128154461","14.1935227506055","15.1407588143859","15.5075029903189","-0.0402124430955995","-0.0892728581713466","-0.124519767853737","-0.0938395415472778","-0.155540720961281","38.1346387292167","0.303587355557399","15703.4191","1.1547237505748","False","False","False","False"
"2022-10-18","12.77","12.86","12.62","12.74","10798","1.3712","0","0.00711462450592881","90.2118831634935","13.8024181240145","14.133936173147","15.110251320835","15.4886108036183","0.0143312101910824","-0.0794797687861274","-0.117089816394612","-0.0873925501432664","-0.149532710280374","40.2461923963351","0.306373773934819","15769.03845","0.68477643923812","False","False","False","False"
"2022-10-19","12.74","12.78","12.6","12.6","9583","1.214","0","-0.0109890109890111","89.2205437880705","13.6507431995748","14.060265495562","15.0781033362488","15.4672122650932","0.00558659217877078","-0.0974212034383957","-0.123807820315445","-0.0882778581765556","-0.158878504672897","38.0694768032376","0.303563397706181","15993.05935","0.599202178287421","False","False","False","False"
"2022-10-20","12.45","12.53","12.29","12.52","12709","1.5739","0","-0.00634920634920633","88.6540641449717","13.5640718141807","13.9898449949293","15.0475280714374","15.4435828435908","0.00805152979066004","-0.0940665701881335","-0.119135333972267","-0.0827838827838827","-0.164218958611482","36.8432208919559","0.303025468234863","16180.12285","0.785479264763432","False","False","False","False"
"2022-10-21","12.52","12.62","12.45","12.45","11421","1.4296","0","-0.00559105431309903","88.1583944572602","13.4882343519608","13.9248414558837","15.0139140001784","15.4199426402969","-0.028861154446178","-0.0879120879120884","-0.130076365557006","-0.0791420118343193","-0.168891855807743","35.7578738426198","0.301742260515609","16070.68555","0.710689532469883","False","False","False","False"
"2022-10-24","12.66","12.73","12.52","12.52","8752","1.1034","0","0.00562248995983938","88.6540641449717","13.5640718141807","13.8706718400124","14.9810314319998","15.3966681885432","-0.0102766798418972","-0.0739644970414204","-0.126984025307676","-0.064973861090366","-0.164218958611482","37.7332593207993","0.303129804685966","15436.2428","0.566991405447445","False","False","False","False"
"2022-10-25","12.52","12.53","12.24","12.25","20489","2.5231","0","-0.0215654952076677","86.742195349513","13.2715558884755","13.8208357934108","14.9416762345233","15.3690925128942","-0.0384615384615384","-0.0698557327258923","-0.151047900379434","-0.0851381628080657","-0.182242990654205","33.459572040321","0.299290484909514","14791.32165","1.38517892348044","False","False","False","False"
"2022-10-26","12.25","12.34","12.21","12.29","7967","0.9777","0","0.00326530612244902","87.0254351710625","13.3148915811726","13.7715414429679","14.9033982683405","15.3444514986964","-0.0246031746031745","-0.0689393939393937","-0.14711384164789","-0.0821508588498882","-0.179572763684913","34.6406192538144","0.299561295609064","14481.4707","0.550161386577953","False","False","False","False"
"2022-10-27","12.4","12.49","12.4","12.46","6762","0.8419","0","0.0138323840520751","88.2292044126475","13.4990682751351","13.750415292778","14.8722720658349","15.3232088814629","-0.00479233226837028","-0.0303501945525291","-0.121534186954748","-0.0694548170276325","-0.16822429906542","39.5513057284333","0.292411481992404","13395.7832","0.504814903245075","False","False","False","False"
"2022-10-28","12.43","12.43","12.26","12.3","6314","0.7785","0","-0.0128410914927769","87.0962451264498","13.3257255043468","13.7222470925249","14.8368369381543","15.3004329987022","-0.012048192771084","-0.0405616224648986","-0.13759582038629","-0.0814040328603435","-0.17890520694259","36.7524751163643","0.295231974759193","12669.2828","0.498348493728469","False","False","False","False"
"2022-10-31","12.4","12.56","12.38","12.52","5489","0.6856","0","0.0178861788617886","88.6540641449717","13.5640718141807","13.7103297770333","14.8046643094733","15.2792883654413","2.22044604925031E-16","-0.0172684458398741","-0.124583981390996","-0.0649738610903658","-0.164218958611481","42.7513327085049","0.302854216619574","12036.15295","0.456061253359197","False","False","False","False"
"2022-11-01","12.5","12.62","12.48","12.57","6522","0.82","0","0.0039936102236422","89.0081139219085","13.618241430052","13.7087046885571","14.7671825371196","15.2603699943901","0.0261224489795921","-0.00238095238095215","-0.141733497011675","-0.0612397311426436","-0.160881174899866","44.0501730587712","0.300763623880056","11794.76705","0.552980739030365","False","False","False","False"
"2022-11-02","12.57","12.66","12.53","12.66","4170","0.5264","0","0.00715990453460624","89.6454035203947","13.7157467386204","13.6913704114783","14.732213277614","15.2405780612701","0.0301057770545159","-0.0246533127889057","-0.132677913986325","-0.0545182972367436","-0.154873164218958","46.4071453144123","0.280635280472854","11356.30785","0.367165548440112","True","False","False","False"
"2022-11-03","12.48","12.56","12.43","12.56","7643","0.9572","0","-0.00789889415481826","88.9373039665211","13.6074075068777","13.6502015034161","14.6952608793716","15.2192621041585","0.00802568218298561","-0.057057057057057","-0.140107851293874","-0.0619865571321879","-0.161548731642189","44.180121785412","0.262144369965589","11050.2613","0.691681833804238","False","False","False","False"
"2022-11-04","12.5","12.58","12.42","12.58","5616","0.7009","0","0.00159235668789814","89.0789238772959","13.6290753532263","13.6063241145603","14.6611544001433","15.1964406061264","0.0227642276422766","-0.0604929051530994","-0.130547251407674","-0.0455235204855838","-0.160213618157543","44.7511764263114","0.260970878831161","10929.59275","0.513848148642135","True","False","False","False"
"2022-11-07","12.74","12.79","12.64","12.76","7962","1.0141","0","0.0143084260731319","90.3535030742683","13.824085970363","13.5835728758943","14.6260384608817","15.1740018024496","0.0191693290734825","-0.031866464339909","-0.132254771067306","-0.00468018720748797","-0.148197596795727","49.7351983774348","0.263320531240411","10800.13885","0.737239966132472","True","False","False","False"
"2022-11-08","12.88","12.93","12.84","12.84","4988","0.6428","0","0.00626959247648906","90.9199827173671","13.9107573557572","13.5987403683383","14.590592195966","15.1539713666246","0.0214797136038187","0.0222929936305729","-0.132612407512806","0","-0.142857142857142","51.8156842580872","0.201808050418566","9481.03745","0.526051291992312","True","False","False","False"
"2022-11-09","12.95","13.25","12.95","13.23","11261","1.4815","0","0.030373831775701","93.6815709774741","14.3332803595535","13.6366590994482","14.5593482231232","15.1363083041476","0.0450236966824644","0.05586592178771","-0.115661881194198","0","-0.116822429906541","60.4170637674674","0.226164115853842","9507.33545","1.18448939339781","True","False","False","False"
"2022-11-10","13.18","13.19","13.11","13.15","6379","0.8388","0","-0.00604686318972036","93.1150913343752","14.2466089741594","13.6762029190343","14.5263047574417","15.1182779498744","0.0469745222929936","0.0587761674718192","-0.122162883845126","-0.00604686318972025","-0.122162883845126","58.1249555858385","0.224507997806149","9157.91775","0.696552554209171","True","False","False","False"
"2022-11-11","13.66","13.81","13.64","13.74","25919","3.5594","0","0.0448669201520913","97.2928787022293","14.8858104414411","13.7260389656359","14.5039146495482","15.1078815778625","0.0922098569157392","0.0717628705148208","-0.0827770360480635","0","-0.0790884718498651","67.8210026072997","0.249494859213964","9943.9272","2.60650490281144","True","False","False","False"
"2022-11-14","13.81","13.91","13.78","13.86","11888","1.6463","0","0.00873362445414849","98.1425981668776","15.0158175195323","13.7915842008402","14.4851358493795","15.0970599767356","0.086206896551724","0.0956521739130438","-0.0697986577181205","0","-0.0710455764075058","69.3742481272542","0.241895620684332","9631.6491","1.23421740935309","True","False","False","False"
"2022-11-15","14","14.38","13.98","14.33","21963","3.1225","0","0.0339105339105339","101.470666070083","15.5250119087228","13.8777138900757","14.4744824915915","15.0921677684921","0.116043613707165","0.124803767660911","-0.0395442359249323","0","-0.0264945652173906","74.554787497259","0.26322269011969","10189.90995","2.15541482778265","True","False","True","False"
"2022-11-16","14.41","14.46","14.2","14.36","18448","2.6445","0","0.00209351011863212","101.683095936245","15.5575136782456","13.9730524140092","14.4679821376869","15.0849728776491","0.0854119425547994","0.13968253968254","-0.0244565217391305","0","-0.0211315610088613","74.8472577094773","0.256003381937462","10633.17835","1.73498867344777","True","False","True","False"
"2022-11-17","14.32","14.42","14.19","14.4","12401","1.7736","0","0.00278551532033422","101.966335757795","15.6008493709426","14.0748912918473","14.4654542222796","15.0750331322766","0.0950570342205321","0.150159744408946","-0.00962861072902266","0","-0.0184049079754598","75.2556476807767","0.251856718866097","10617.7489","1.16790876454048","True","False","True","False"
"2022-11-18","14.42","14.61","14.33","14.34","10728","1.5522","0","-0.00416666666666665","101.541476025471","15.535845831897","14.1772718658441","14.4625651760998","15.0629543268758","0.0436681222707422","0.151807228915663","-0.0110344827586204","-0.00416666666666643","-0.0224948875255618","73.3322862839193","0.2509510642447","10583.08155","1.01368594291896","True","False","True","False"
"2022-11-21","14.35","14.41","14.26","14.26","5235","0.7495","0","-0.00557880055788007","100.974996382372","15.4491744465029","14.2715269974602","14.4562453875814","15.0500645174929","0.0288600288600287","0.138977635782748","-0.0239561943874059","-0.00972222222222219","-0.027948193592365","70.7363855450283","0.255007198523055","10407.2393","0.503050986826064","True","False","True","False"
"2022-11-22","14.21","14.34","14.16","14.32","5076","0.7238","0","0.00420757363253865","101.399856114696","15.5141779855485","14.3836581023139","14.4499255990631","15.0391362832639","-0.000697836706210708","0.168979591836735","-0.0238582140422627","-0.0055555555555552","-0.011732229123533","71.549822290744","0.232613828957205","9636.6059","0.526737219792292","True","False","True","False"
"2022-11-23","14.4","14.47","14.33","14.34","4012","0.5775","0","0.00139664804469275","101.541476025471","15.535845831897","14.4947058148501","14.4510089913806","15.0272349627375","-0.00139275766016711","0.16680227827502","0.00420168067226845","-0.00416666666666632","-0.0103519668737055","71.8309037266254","0.233205441126005","9438.8683","0.425092698877894","True","True","True","True"
"2022-11-24","14.41","14.56","14.41","14.53","10193","1.4761","0","0.0132496513249651","102.886865177831","15.7416903722081","14.6068369197037","14.4537174721741","15.0187351196872","0.00902777777777786","0.166131621187801","0.0104311543810847","0","0","74.4167958594799","0.233016068481264","9610.37675","1.06057860842969","True","True","True","True"
"2022-11-25","14.54","14.55","14.46","14.49","6926","1.0043","0","-0.00275292498279411","102.603625356281","15.698354679511","14.725468378462","14.4537174721741","15.0082767819948","0.0104602510460252","0.178048780487805","-1.11022302462516E-16","-0.00275292498279411","-0.00275292498279411","72.8995587234222","0.223721376552772","9640.98925","0.718387690350344","True","True","True","False"
"2022-11-28","14.38","14.38","14.18","14.24","7787","1.1114","0","-0.0172532781228434","100.833376471597","15.4275066001544","14.8186401177606","14.455161995264","14.9953838921","-0.00140252454417933","0.137380191693291","0.00564971751412435","-0.0199587061252581","-0.0199587061252581","64.1027729733715","0.238100634692576","9755.8543","0.798138610987661","True","True","True","True"
"2022-11-29","14.15","14.31","14.1","14.29","4190","0.5952","0","0.0035112359550562","101.187426248534","15.4816762160257","14.9118118570593","14.4598566953062","14.9836523551685","-0.00209497206703879","0.136833731105808","0.0185317177476834","-0.0165175498967655","-0.0165175498967655","65.0121236152552","0.238175798357483","9639.227","0.434654459325421","True","True","True","True"
"2022-11-30","14.29","14.45","14.27","14.45","5495","0.79","0","0.0111966410076978","102.320385534732","15.655018986814","15.008775469469","14.4674404415282","14.977447493438","0.00767085076708529","0.141390205371249","0.029935851746258","-0.00550584996558834","-0.00550584996558834","67.821268016471","0.238745919732221","9705.48085","0.566146292483798","True","True","True","True"
"2022-12-01","14.71","14.8","14.65","14.69","17005","2.5008","0","0.0166089965397924","104.019824464028","15.9150331429963","15.1241567512749","14.4793577570199","14.9737643860911","0.0110116999311771","0.169585987261147","0.0470420527441198","0","0","71.5156269512711","0.234629232551111","10173.55915","1.67147315401415","True","True","True","True"
"2022-12-02","14.59","14.72","14.52","14.67","4415","0.6468","0","-0.00136147038801904","103.878204553254","15.8933652966478","15.237371248446","14.4948863802363","14.9708768801672","0.0124223602484475","0.166136724960255","0.0622737146994934","-0.00136147038801893","-0.00136147038801893","70.7862990880256","0.235924058893016","10113.4889","0.436520576000237","True","True","True","True"
"2022-12-05","14.65","14.82","14.65","14.69","5911","0.8711","0","0.00136332651670079","104.019824464028","15.9150331429963","15.3419186070777","14.5082482188179","14.969234848876","0.0316011235955058","0.151253918495298","0.0530465949820793","0","0","71.1036570667985","0.235675133659758","10010.92925","0.590464766295297","True","True","True","True"
"2022-12-06","14.63","14.63","14.42","14.42","6636","0.9627","0","-0.0183798502382573","102.10795566857","15.6225172172912","15.4275066001544","14.5124012227014","14.9671962609261","0.00909727081875489","0.123052959501558","0.0162085976039459","-0.0183798502382572","-0.0183798502382572","61.4055124732498","0.252561782160385","10093.33955","0.657435328230883","True","True","True","True"
"2022-12-07","14.33","14.44","14.25","14.25","7315","1.0468","0","-0.0117891816920943","100.904186426985","15.4383405233286","15.4827596083431","14.5118595265427","14.964865261314","-0.0138408304498269","0.077097505668934","-0.00210084033613489","-0.0299523485364193","-0.0299523485364193","56.2072424367057","0.242604340392073","9896.0448","0.739228969537405","False","True","True","False"
"2022-12-08","14.23","14.23","14.02","14.1","7278","1.0263","0","-0.0105263157894737","99.8420370961743","15.2758316757147","15.5342207434209","14.5129429188601","14.9582515208775","-0.0401633764465622","0.0722433460076048","0.0042735042735047","-0.0401633764465621","-0.0401633764465621","52.0224912350245","0.245526504812003","9940.973","0.732074717434601","False","True","True","True"
"2022-12-09","14.2","14.35","14.18","14.29","5801","0.8282","0","0.0134751773049646","101.187426248534","15.4816762160257","15.5640140321501","14.5169153573573","14.9569028490983","-0.0259032038173141","0.0400291120815144","0.0156361051883447","-0.0272294077603812","-0.0272294077603812","56.4458663321744","0.195809548904524","8935.0985","0.649282713559341","False","True","True","True"
"2022-12-12","14.2","14.2","14.09","14.18","5436","0.7686","0","-0.00769769069279214","100.408516739273","15.3625030611088","15.5813483092289","14.5221517535582","14.9571345983736","-0.0347174948944858","0.0230880230880239","0.0208783297336215","-0.0347174948944858","-0.0347174948944858","53.3775610436259","0.197038255212547","8612.5414","0.631219839477347","False","True","True","True"
"2022-12-13","14.28","14.28","14.12","14.14","4634","0.6577","0","-0.00282087447108592","100.125276917724","15.3191673684117","15.5710560822134","14.5275687151454","14.9565615046903","-0.0194174757281551","-0.0132588974180038","0.0216763005780352","-0.0374404356705238","-0.0374404356705238","52.2649861515107","0.154811919458647","7746.06455","0.598232298490206","False","True","True","True"
"2022-12-14","14.2","14.33","14.19","14.33","3792","0.5416","0","0.0134370579915133","101.470666070083","15.5250119087228","15.5694309937373","14.5342496344362","14.9552189939348","0.0056140350877194","-0.00208913649025055","0.02650429799427","-0.0245064669843429","-0.0245064669843429","56.8642294320714","0.162496567592125","7013.25135","0.540716396824991","False","True","True","True"
"2022-12-15","14.24","14.31","14.19","14.26","7119","1.0141","0","-0.00488485694347529","100.974996382372","15.4491744465029","15.5618472475153","14.5421945114306","14.9546643833226","0.0113475177304965","-0.0097222222222223","0.0318379160636761","-0.0292716133424097","-0.0292716133424097","54.77047864167","0.162998615866137","6749.1888","1.05483950900885","False","True","True","True"
"2022-12-16","14","14.07","13.93","14.03","12856","1.7981","0","-0.0161290322580645","99.3463674084628","15.1999942134948","15.5450546665952","14.5490559961077","14.9530981800151","-0.0181945416375089","-0.0216178521617849","0.027838827838828","-0.044928522804629","-0.044928522804629","48.4571528334443","0.171914712076637","6855.5731","1.87520529829957","False","True","True","True"
"2022-12-19","14","14.04","13.9","13.96","4440","0.6208","0","-0.00498930862437619","98.8506977207513","15.1241567512749","15.5288037818338","14.5570008731021","14.9540947255949","-0.0155148095909733","-0.0210378681626923","0.0325443786982251","-0.0496936691626954","-0.0496936691626954","46.6930699660139","0.171720752885658","6815.82355","0.651481213887939","False","True","True","True"
"2022-12-20","13.96","13.99","13.68","13.68","9546","1.3171","0","-0.020057306590258","96.8680189699053","14.8208069023955","15.4941352276761","14.5662097078003","14.9570892200646","-0.0325318246110325","-0.0446927374301669","0.0387243735763099","-0.0687542545949622","-0.0687542545949622","40.3632432743191","0.183167541422441","7039.3274","1.35610058426889","False","True","False","True"
"2022-12-21","13.69","13.78","13.66","13.69","3751","0.5147","0","0.000730994152046804","96.9388289252926","14.8316408255698","15.4589249773598","14.5750574117259","14.9613276489109","-0.0446615491974877","-0.045327754532775","0.0371212121212126","-0.0680735194009527","-0.0680735194009527","40.6725729290005","0.183008381945973","7026.26715","0.533880781917038","False","True","False","True"
"2022-12-22","13.86","13.9","13.83","13.85","3057","0.4237","0","0.0116873630387144","98.0717882114903","15.004983596358","15.4220896385672","14.5931139503497","14.966034434038","-0.0287517531556801","-0.046799724707501","0.0778210116731524","-0.0571817562968002","-0.0571817562968002","45.5399011295016","0.181329384099098","6669.5074","0.458409417163253","False","True","True","True"
"2022-12-23","13.68","13.7","13.6","13.67","6881","0.9394","0","-0.0129963898916967","96.7972090145179","14.8099729792212","15.3776705535528","14.6084620081799","14.9719558886794","-0.0256593014967924","-0.0565907522429255","0.066302652106085","-0.0694349897889717","-0.0694349897889717","41.4226254668312","0.185248314710827","6667.24795","1.03202686499757","False","True","False","True"
"2022-12-26","13.68","13.7","13.64","13.68","4062","0.5553","0","0.000731528895391298","96.8680189699053","14.8208069023955","15.3473355686648","14.6254351544862","14.9735305041538","-0.0200573065902578","-0.0393258426966289","0.0737833594976469","-0.0687542545949622","-0.0687542545949622","41.7377753160882","0.177533322463908","6481.0223","0.626754671095639","False","True","False","True"
"2022-12-27","13.73","13.84","13.72","13.74","3796","0.523","0","0.00438596491228083","97.2928787022294","14.8858104414411","15.3175422799356","14.6460196085173","14.9742269367918","0.00438596491228105","-0.0384884534639605","0.0904761904761917","-0.0646698434309051","-0.0646698434309051","43.6951281081056","0.177916589196049","6461.3526","0.587545555090122","False","True","False","True"
"2022-12-28","13.67","13.67","13.44","13.5","9318","1.2597","0","-0.017467248908297","95.5934397729328","14.6257962852587","15.2660811448578","14.6554090086017","14.973644009167","-0.0138787436084733","-0.0657439446366781","0.040061633281973","-0.0810074880871339","-0.0810074880871339","38.1710387043522","0.179019918172722","6652.4927","1.40060642231144","False","True","False","True"
"2022-12-29","13.46","13.49","13.36","13.48","3482","0.467","0","-0.00148148148148142","95.4518198621581","14.6041284389102","15.2005359096535","14.6582980547815","14.9757202741463","-0.0267148014440431","-0.0823689584751529","0.0120120120120131","-0.0823689584751528","-0.0823689584751528","37.7428201639445","0.163099895986888","5976.3327","0.582569809073715","False","True","False","True"
"2022-12-30","13.65","13.65","13.55","13.55","3157","0.4292","0","0.00519287833827886","95.9474895498696","14.67996590113","15.1398659398776","14.6611871009613","14.975145047801","-0.00877834674469646","-0.0763462849352418","0.0119492158327115","-0.0776038121170862","-0.0776038121170862","40.2685521174571","0.166262053085815","5913.46165","0.533921615945544","False","True","False","True"
"2023-01-03","13.54","13.69","13.39","13.67","4970","0.6733","0","0.00885608856088549","96.7972090145179","14.8099729792212","15.0846129316889","14.670034804887","14.974677046964","-0.000730994152046804","-0.069434989788972","0.0371775417298945","-0.0520110957004161","-0.069434989788972","44.4305495328974","0.171460509950228","5866.38855","0.847137716440552","False","True","False","True"
"2023-01-04","13.65","13.69","13.6","13.65","5702","0.7782","0","-0.00146305779078271","96.6555891037432","14.7883051328727","15.042902327468","14.6897164319869","14.9718099198107","-0.00655021834061142","-0.0533980582524273","0.0867834394904459","-0.0474528960223307","-0.0707964601769909","43.8817470010931","0.162307027968732","5819.6903","0.979734780732232","False","True","False","True"
"2023-01-05","13.72","13.76","13.63","13.66","6687","0.9155","0","0.00073260073260073","96.7263990591305","14.799139056047","15.0109422541039","14.7101203206317","14.9681456509786","0.0118518518518518","-0.0414035087719299","0.0901835594573028","-0.04675505931612","-0.0701157249829815","44.2525253005511","0.159050082170429","5788.2837","1.15531845821586","False","True","False","True"
"2023-01-06","13.66","13.86","13.66","13.83","5856","0.8077","0","0.0124450951683748","97.9301683007156","14.9833157500095","14.9963164578186","14.7355800400913","14.9663711576782","0.0259643916913948","-0.0191489361702126","0.113526570048309","-0.0348918353105373","-0.0585432266848195","50.2681209811853","0.163674683250841","5717.2258","1.0243389372517","False","True","True","True"
"2023-01-09","14.03","14.24","14.02","14.23","11551","1.6332","0","0.0289226319595084","100.76256651621","15.4166726769801","14.9930662808663","14.7610397595508","14.9671430628563","0.0501845018450184","-0.00419874037788681","0.109984399375976","-0.00697836706210742","-0.0313138189244382","60.9465738181408","0.188925636344403","6004.71495","1.92368631919822","True","True","True","True"
"2023-01-10","14.25","14.36","14.25","14.33","9224","1.3194","0","0.00702740688685877","101.470666070083","15.5250119087228","15.001191723247","14.7913747444387","14.9660667794123","0.0482809070958303","0.0105782792665723","0.132806324110673","0","-0.0245064669843429","63.0808464378689","0.188345830643604","6194.0885","1.48914210702672","True","True","True","True"
"2023-01-11","14.36","14.43","14.3","14.34","5320","0.7628","0","0.000697836706210708","101.541476025471","15.535845831897","15.0120256464213","14.8202652062368","14.9652582635359","0.0505494505494506","0.014144271570014","0.12558869701727","0","-0.0238257317903334","63.2968588316136","0.187913572359358","6228.3767","0.854108583380964","True","True","True","True"
"2023-01-12","14.36","14.4","14.28","14.3","4046","0.5795","0","-0.00278940027893992","101.258236203921","15.4925101392","15.0104005579452","14.8509613218972","14.964532329073","0.0468521229868231","-0.0020935101186319","0.134920634920636","-0.00278940027893992","-0.0265486725663714","61.7407376205181","0.18214376024271","6241.0727","0.64830201385092","True","True","True","True"
"2023-01-13","14.5","14.58","14.31","14.34","7733","1.1154","0","0.00279720279720275","101.541476025471","15.535845831897","15.0147341272149","14.8838242221925","14.9656761468149","0.0368763557483731","0.00561009817671843","0.145367412140576","0","-0.0238257317903333","62.7275484491439","0.181474910378687","6271.73915","1.23293393029587","True","True","True","True"
"2023-01-16","14.41","14.5","14.4","14.4","9609","1.3882","0","0.00418410041841","101.966335757795","15.6008493709426","15.0347768850873","14.9190344725088","14.9664742363436","0.01194659170766","0.0263720598717041","0.156626506024097","0","-0.0197413206262762","64.2183954231556","0.171047421864479","6109.40475","1.57280772729946","True","True","True","True"
"2023-01-17","14.41","14.46","14.38","14.41","8827","1.2732","0","0.000694444444444331","102.037145713182","15.6116832941169","15.0591532122294","14.9531613305078","14.9670963812538","0.00558269364968589","0.0322349570200571","0.150958466453675","0","-0.0190605854322667","64.4734490997509","0.169432525876162","6328.71365","1.39468452645191","True","True","True","True"
"2023-01-30","14.5","14.71","14.5","14.67","18653","2.7262","0.35","0.0423317140874393","106.356552991811","16.2725526077471","15.1317404974969","15.0031779424956","14.9724270885095","0.0474198047419803","0.0979532163742691","0.226122448979593","0","0","75.8036240936836","0.20455055915972","6784.0387","2.74947384955219","True","True","True","True"
"2023-01-31","14.65","14.71","14.52","14.53","9244","1.3515","0","-0.00954328561690532","105.341562029381","16.1172589904953","15.1960214057432","15.0498840659844","14.9766411671624","0.0403258636387467","0.0866807779425915","0.210468661516199","-0.00954328561690498","-0.00954328561690498","70.1426828483577","0.210402790564917","7058.65565","1.30953094446532","True","True","True","True"
"2023-02-01","14.6","14.65","14.56","14.64","9170","1.3396","0","0.00757054370268428","106.139054928433","16.2392754040503","15.2577359961278","15.0955541847996","14.9839131253172","0.0452778419510969","0.0822587908721111","0.202992315696528","-0.00204498977505085","-0.00204498977505085","71.917231577602","0.208974631386475","7364.27075","1.24515614801371","True","True","True","True"
"2023-02-02","14.79","14.9","14.79","14.88","15554","2.311","0","0.0163934426229508","107.879039435457","16.5054930336249","15.342511998848","15.1485503102876","14.9926936242209","0.0579868211770052","0.114485020113305","0.238618717475518","0","0","75.3584233800132","0.203152717061788","7797.9438","1.99465915617396","True","True","True","True"
"2023-02-03","14.88","14.94","14.79","14.88","9522","1.4166","0","0","107.879039435457","16.5054930336249","15.4267463054095","15.1975739972783","15.0011191533758","0.0572526179700819","0.113670338081058","0.216853851832977","0","0","75.3584233800132","0.20339742550253","8070.95385","1.17981247036867","True","True","True","True"
"2023-02-06","14.8","14.8","14.7","14.7","7311","1.078","0","-0.0120967741935485","106.574051055189","16.3058298114439","15.4977472739096","15.2423671369682","15.0047748370439","0.00204498977505119","0.0953941591281851","0.197352088020785","-0.0120967741935483","-0.0120967741935483","68.0999334504973","0.212766469257014","8246.68505","0.886533553260895","True","True","True","True"
"2023-02-07","14.61","14.71","14.61","14.66","3849","0.5643","0","-0.00272108843537411","106.284053637352","16.2614602065148","15.5795304699724","15.2847956947664","15.0085044861902","0.00894700619408129","0.111834179100709","0.185605167287487","-0.0147849462365592","-0.0147849462365592","66.5655421829149","0.198388321887804","7973.28355","0.482799084700807","True","True","True","True"
"2023-02-08","14.76","14.98","14.76","14.94","14283","2.1303","0","0.0190995907230558","108.314035562213","16.5720474410185","15.6779264200778","15.3342063603354","15.0147336198535","0.0204918032786885","0.13475086927236","0.217869563518424","0","0","71.4199392974607","0.202348621337317","8513.3552","1.67772442996388","True","True","True","True"
"2023-02-09","14.92","14.97","14.88","14.96","6001","0.8965","0","0.00133868808567605","108.459034271131","16.5942322434831","15.7736397371955","15.3836256418397","15.0223900209915","0.00537634408602128","0.130399917496107","0.217561119401611","0","0","71.7356121592935","0.203118794973501","8655.5234","0.693278583245468","True","True","True","True"
"2023-02-10","14.96","14.99","14.91","14.97","7578","1.1333","0","0.000668449197861021","108.531533625591","16.6053246447154","15.8634073204702","15.4299796197456","15.0280090403136","0.00604838709677402","0.121225856928506","0.201187889044881","0","0","71.9027185618878","0.203789682483199","8785.9253","0.862479106213207","True","True","True","True"
"2023-02-13","14.96","14.96","14.81","14.87","4740","0.7042","0","-0.00668002672010692","107.806540080997","16.4944006323926","15.9487120954462","15.4730403410228","15.0318162684944","0.0115646258503403","0.115367885920033","0.1857298787234","-0.00668002672010692","-0.00668002672010692","67.5986776579206","0.207075556350036","8737.82595","0.54244225361344","True","True","True","True"
"2023-02-14","14.92","15","14.92","14.97","6388","0.9563","0","0.00672494956287828","108.531533625591","16.6053246447154","16.0390213748796","15.5109077457755","15.0351279844494","0.0211459754433834","0.122046666487019","0.158515303417436","0","0","69.5608972563398","0.206316259574114","8722.84975","0.732305058905778","True","True","True","True"
"2023-02-15","14.76","14.84","14.69","14.71","10969","1.6178","0","-0.0173680694722779","106.646550409648","16.3169222126762","16.1057016980129","15.5454129664175","15.0358588619296","-0.0153949129852744","0.0890060975098834","0.14531972080317","-0.017368069472278","-0.017368069472278","59.4757383029524","0.220346455416346","8978.5014","1.22174174857287","True","True","True","True"
"2023-02-16","14.75","14.89","14.75","14.86","5625","0.8342","0","0.010197144799456","107.734040726538","16.4833082311603","16.159033475722","15.5720379295795","15.0379762895638","-0.00668449197860965","0.0691871441087857","0.107316816642506","-0.00734802939211787","-0.00734802939211787","62.8244486567807","0.201918962720378","8682.20565","0.647908288143347","True","True","True","True"
"2023-02-17","14.78","14.78","14.68","14.74","7059","1.0389","0","-0.00807537012113047","106.864048473026","16.350199416373","16.2002928511045","15.5942776278602","15.0397067386198","-0.0153640614562459","0.0531521336345393","0.088865084775106","-0.0153640614562459","-0.0153640614562459","58.649048396648","0.205432686215111","8573.95535","0.823292367623538","True","True","True","True"
"2023-02-20","14.75","14.81","14.68","14.76","6360","0.9387","0","0.00135685210312064","107.009047181945","16.3723842188376","16.2421197704515","15.6084004996954","15.0414414956434","-0.00739744451916624","0.0538456931146303","0.054581105321968","-0.0140280561122247","-0.0140280561122247","59.1365076748336","0.205362031113459","8625.96795","0.737304153790648","True","True","True","True"
"2023-02-21","14.76","14.83","14.75","14.81","3384","0.5007","0","0.00338753387533886","107.371543954242","16.427846224999","16.2888865747414","15.6229060421413","15.0454440899141","-0.0106880427521712","0.0603734370605533","0.0559429073792423","-0.0106880427521713","-0.0106880427521713","60.3935318812746","0.204338406690525","8592.87205","0.393835958490735","True","True","True","True"
"2023-02-22","14.68","14.68","14.56","14.61","9586","1.3996","0","-0.0135043889264012","105.921556865055","16.2059982003535","16.3223941931643","15.6329918559648","15.0492230391222","-0.00679809653297103","0.0431358791602132","0.0387894796637127","-0.024048096192385","-0.024048096192385","53.3270910125595","0.212593152479372","8685.5161","1.1036213495707","False","True","True","True"
"2023-02-23","14.67","14.88","14.66","14.84","8580","1.2715","0","0.0157426420260096","107.589042017619","16.4611234286958","16.3654078960519","15.6484131492448","15.0554891626723","-0.00134589502018845","0.0551427705824434","0.0595575938903201","-0.00868403473613932","-0.00868403473613932","59.2343640694872","0.217917828874829","8634.06675","0.993730098276111","True","True","True","True"
"2023-02-24","14.88","14.93","14.7","14.7","5940","0.8809","0","-0.00943396226415094","106.574051055189","16.3058298114439","16.4001152219183","15.6626907386605","15.059468063121","-0.00271370420624162","0.0444632717849598","0.0554499120912528","-0.0180360721442889","-0.0180360721442889","54.6963541780009","0.222125991450759","8489.7261","0.699639296961535","False","True","True","True"
"2023-03-01","14.69","14.93","14.49","14.93","12306","1.8187","0","0.0156462585034014","108.241536207753","16.5609550397863","16.4145353435202","15.6801370228978","15.0650313109804","0.0115176151761518","0.0177232447171096","0.0674722860091472","-0.0026720106880429","-0.0026720106880429","60.1039704748365","0.173071732058109","8172.39835","1.50579811127293","True","True","True","True"
"2023-03-02","14.92","14.92","14.77","14.9","5560","0.8267","0","-0.00200937709310112","108.024038144375","16.5276778360894","16.4350562857999","15.696667556301","15.0738382738408","0.00607697501688054","0.0254645560908462","0.0638415194720869","-0.00467601870407486","-0.00467601870407486","59.1128359328347","0.169041161057013","7988.2361","0.69605892094251","True","True","True","True"
"2023-03-03","14.93","15.03","14.91","14.92","9201","1.3768","0","0.00134228187919461","108.169036853294","16.549862638554","16.4505856475251","15.7101370940734","15.0819272831238","0.0212183436002737","0.0191256830601094","0.0513396113909546","-0.00334001336005363","-0.00334001336005363","59.5912438477855","0.167420630674736","7989.80135","1.1515895823868","True","True","True","True"
"2023-03-06","15.02","15.18","15.02","15.12","17701","2.6752","0","0.0134048257372654","109.61902394248","16.7717106631995","16.4638965290038","15.7280263604682","15.0908719163212","0.0188679245283023","0.0161290322580641","0.0683737885658411","0","0","64.1132410392549","0.164078936959832","8097.1274","2.18605440245389","True","True","True","True"
"2023-03-07","15.12","15.28","15.1","15.25","13700","2.0845","0","0.00859788359788372","110.561515550451","16.915911879219","16.4844174712836","15.7528331151193","15.1039975551917","0.0374149659863945","0.0248655913978491","0.0964773710775646","0","0","66.7201964325019","0.166310689398296","8306.03105","1.64943821152703","True","True","True","True"
"2023-03-08","15.18","15.18","15.08","15.15","9195","1.3909","0","-0.00655737704918036","109.836522005858","16.8049878668963","16.5093753740562","15.7748883093005","15.1173725023033","0.0147354320160753","0.0306122448979591","0.0854759931938616","-0.00655737704918036","-0.00655737704918036","62.9329893316677","0.161493536562551","8400.23055","1.09460721884592","True","True","True","True"
"2023-03-09","15.17","15.21","15.13","15.13","4145","0.6287","0","-0.00132013201320125","109.69152329694","16.7828030644317","16.535442516952","15.7936847105941","15.1305625760611","0.0154362416107383","0.0320600272851299","0.0720397770560168","-0.00786885245901647","-0.00786885245901647","62.172877685134","0.161077237587274","8415.02725","0.492622053006424","True","True","True","True"
"2023-03-10","15","15.01","14.84","14.87","11637","1.7338","0","-0.017184401850628","107.806540080997","16.4944006323926","16.5315601765207","15.8033408354174","15.1413492962186","-0.00335120643431641","-0.00468540829986608","0.0364037878018013","-0.0249180327868854","-0.0249180327868854","53.1804125385929","0.160368281351394","8282.7335","1.40499377409644","False","True","True","True"
"2023-03-13","14.8","14.93","14.73","14.93","9899","1.4695","0","0.0040349697377271","108.241536207753","16.5609550397863","16.5298963163359","15.8144673311363","15.1546768556863","-0.0125661375661374","-0.00200534759358273","0.0420043037253577","-0.020983606557377","-0.020983606557377","54.8049554901256","0.160992721056984","8477.67205","1.16770971342304","True","True","True","True"
"2023-03-14","14.77","14.83","14.71","14.75","5738","0.8476","0","-0.0120562625586068","106.936547827486","16.3612918176053","16.5176946749804","15.8219049757131","15.1650765972655","-0.0327868852459016","-0.014696058784235","0.0280400719621097","-0.0327868852459015","-0.0327868852459015","49.2805551292544","0.166480709979541","8385.66775","0.684213967337306","False","True","True","True"
"2023-03-15","14.8","14.96","14.77","14.77","5693","0.8471","0","0.00135593220338981","107.081546536404","16.3834766200699","16.5121484743642","15.8345876324261","15.1734944275638","-0.025082508250825","-0.00672494956287795","0.0487091415675611","-0.0314754098360656","-0.0314754098360656","49.885025479754","0.165082228152801","8433.34805","0.675102221116085","False","True","True","True"
"2023-03-16","14.73","14.83","14.7","14.74","8819","1.3018","0","-0.00203114421123896","106.864048473026","16.350199416373","16.4993922129471","15.8497852806435","15.1808224035931","-0.0257766027759417","-0.0153640614562457","0.0590645666654706","-0.0334426229508196","-0.0334426229508196","48.942777816587","0.163063743857917","8554.92945","1.03091615793512","False","True","True","True"
"2023-03-17","14.84","14.97","14.84","14.97","9576","1.4301","0","0.0156037991858888","108.531533625591","16.6053246447154","16.5138123345491","15.8719434967935","15.1924432078268","0.0067249495628785","0.0176750509857242","0.0870324442704038","-0.0183606557377046","-0.0183606557377046","55.830952732428","0.16040658497901","8485.2503","1.12852616734241","True","True","True","True"
"2023-03-20","14.97","15","14.9","14.91","5498","0.8215","0","-0.00400801603206413","108.096537498835","16.5387702373217","16.5165854348572","15.8895617304818","15.2032385439196","-0.00133958472873386","0.00336473755047151","0.068280333895741","-0.0222950819672129","-0.0222950819672129","53.7921555291676","0.157413144694482","8478.90775","0.648482347269317","True","True","True","True"
"2023-03-21","15","15.03","14.95","15.01","6402","0.9602","0","0.00670690811535879","108.821531043428","16.6496942496445","16.5315601765207","15.9110149169574","15.2165833352578","0.017627118644068","0.0183175033921299","0.0837878556258369","-0.0157377049180325","-0.0157377049180325","56.6345004379279","0.155825312137321","8446.05185","0.757958169532194","True","True","True","True"
"2023-03-22","15.11","15.24","15.11","15.24","14083","2.1424","0","0.0153231179213857","110.489016195992","16.9048194779868","16.5581819394782","15.937442452117","15.2325055836312","0.0318212593094114","0.0325203252032524","0.103507721499581","-0.000655737704917891","-0.000655737704917891","62.3681272008019","0.163977384851165","8832.2194","1.59453840107278","True","True","True","True"
"2023-03-23","15.15","15.38","15.15","15.34","11963","1.8307","0","0.00656167979002631","111.214009740585","17.0157434903095","16.5875768027437","15.9622879784768","15.2482688064565","0.0407055630936231","0.0357866306549635","0.0960212842573842","0","0","64.561998441951","0.164807933272032","9261.1761","1.29177070717833","True","True","True","True"
"2023-03-24","15.36","15.47","15.36","15.47","16273","2.5099","0","0.00847457627118642","112.156501348556","17.1599447063291","16.6352741280425","15.9908008161405","15.2664976637856","0.0334001336005345","0.0588637919233403","0.110735383676985","0","0","67.2361058829737","0.155946608406689","9595.57345","1.69593491048729","True","True","True","True"
"2023-03-27","15.45","15.45","15.32","15.33","6320","0.9712","0","-0.00904977375565619","111.141510386126","17.0046510890772","16.6624505110616","16.0208784307336","15.2849672134206","0.0281690140845068","0.0330188679245293","0.118727471223656","-0.00904977375565608","-0.00904977375565608","61.8254916001466","0.153702678149237","9482.58475","0.666501609700878","True","True","True","True"
"2023-03-28","15.3","15.3","15.15","15.16","7058","1.0722","0","-0.0110893672537508","109.909021360317","16.8160802681286","16.6879630338958","16.0490771560145","15.3030390145583","0.00999333777481692","0.0312925170068026","0.111868948773689","-0.0200387847446671","-0.0200387847446671","55.9389048210027","0.155391893996181","9538.4954","0.739944687712488","True","True","True","True"
"2023-03-29","15.16","15.25","15.09","15.17","5615","0.8509","0","0.000659630606860251","109.981520714777","16.8271726693609","16.7012739153745","16.0825165854639","15.3243631466321","-0.00459317585301822","0.0160750167448098","0.135374934723767","-0.0193923723335486","-0.0193923723335486","56.2030698991175","0.146244990305909","9203.9575","0.610087997472826","True","True","True","True"
"2023-03-30","15.21","15.35","15.21","15.32","7456","1.1409","0","0.00988793671720511","111.069011031667","16.993558687845","16.7245679579623","16.1185485498351","15.3468029807805","-0.00130378096479788","0.0281879194630879","0.14576390351552","-0.00969618616677403","-0.00969618616677403","60.0702358091936","0.149239647828579","9298.7257","0.801792335911145","True","True","True","True"
"2023-03-31","15.33","15.46","15.33","15.38","8501","1.3105","0","0.00391644908616184","111.504007158422","17.0601130952386","16.7500804807965","16.1528007081498","15.3729573292498","-0.00581771170006451","0.030831099195711","0.136963128662095","-0.0058177117000644","-0.0058177117000644","61.5333498460793","0.149498427484452","9263.711","0.917632037527941","True","True","True","True"
"2023-04-06","15.35","15.35","15.18","15.24","7393","1.128","0","-0.00910273081924584","110.489016195992","16.9048194779868","16.7567359215359","16.1877148164626","15.3980884123212","-0.0058708414872799","0.00793650793650835","0.14144836737411","-0.0148674854557205","-0.0148674854557205","56.3453387711681","0.147179762602054","8748.33205","0.845096180362747","True","True","True","True"
"2023-04-07","15.27","15.33","15.22","15.24","7549","1.1513","0","0","110.489016195992","16.9048194779868","16.7561813014743","16.2224483593891","15.4239417569377","0.00527704485488134","-0.000655737704917669","0.140613975292697","-0.0148674854557205","-0.0148674854557205","56.3453387711681","0.143985692427593","8440.74565","0.894299782626432","True","True","True","True"
"2023-04-10","15.24","15.3","15.21","15.24","4215","0.6424","0","0","110.489016195992","16.9048194779868","16.7611728820288","16.2560985099982","15.4510590592578","0.00461437046802904","0.00594059405940595","0.135633128239017","-0.0148674854557205","-0.0148674854557205","56.3453387711681","0.141887156650494","8191.75215","0.514552066861544","True","True","True","True"
"2023-04-11","15.24","15.31","15.19","15.25","5146","0.7853","0","0.000656167979002698","110.561515550451","16.9159118792191","16.7678283227682","16.2942671032309","15.4748380559163","-0.0045691906005223","0.007931262392598","0.156580575121816","-0.0142210730446022","-0.0142210730446022","56.6712449253525","0.141754905948294","8241.78685","0.624393968645282","True","True","True","True"
"2023-04-12","15.25","15.28","15.2","15.23","5466","0.8321","0","-0.001311475409836","110.416516841533","16.8937270767545","16.7877946449863","16.3324270805283","15.4953625676549","-0.00975292587776333","0.0242098184263619","0.15677749257149","-0.0155138978668385","-0.0155138978668385","55.77441184858","0.125901629375102","7933.20915","0.688956372718347","True","True","True","True"
"2023-04-13","15.21","15.21","15.08","15.1","10125","1.5324","0","-0.00853578463558768","109.474025233562","16.7495258607349","16.7972231860337","16.3669197465217","15.5140534237415","-0.00918635170603666","0.0113864701942399","0.140978526349681","-0.0239172592113766","-0.0239172592113766","50.2121005112475","0.130022538181832","7944.5013","1.27450454316119","False","True","True","True"
"2023-04-14","15.12","15.26","15.12","15.22","6305","0.9586","0","0.00794701986754975","110.344017487073","16.8826346755222","16.8232903289296","16.4014641081267","15.5357494565068","-0.00131233595800506","0.0318644067796612","0.139950403637399","-0.0161603102779569","-0.0161603102779569","54.7028022143661","0.123421838461319","7972.88425","0.790836766506425","True","True","True","True"
"2023-04-17","15.22","15.22","15.09","15.15","6399","0.9679","0","-0.004599211563732","109.836522005858","16.8049878668963","16.8443658912709","16.4350754870271","15.562395959507","-0.0059055118110235","0.0257278266756942","0.136370105695259","-0.0206851971557849","-0.0206851971557849","51.7694422065927","0.125371731961805","8008.18265","0.799100155389188","False","True","True","True"
"2023-04-18","15.16","15.17","15.06","15.09","8328","1.2574","0","-0.00396039603960396","109.401525879102","16.7384334595027","16.8637775934274","16.467397060418","15.5887586905249","-0.0104918032786886","0.0237449118046136","0.131041028543028","-0.0245636716224948","-0.0245636716224948","49.3277817370293","0.126235763597095","7983.58955","1.04308380933737","False","True","True","True"
"2023-04-19","15.09","15.12","14.99","15.01","9797","1.4717","0","-0.00530152418820407","108.821531043428","16.6496942496445","16.8659960736738","16.4951700354119","15.6153750377516","-0.0144451739986868","0.00267201068804312","0.111215603237482","-0.0297349709114412","-0.0297349709114412","46.1990505131627","0.116003494437647","7994.63025","1.22540263822708","False","True","True","True"
"2023-04-20","15","15.05","14.94","14.98","8334","1.2478","0","-0.00199866755496336","108.60403298005","16.6164170459476","16.8698784141051","16.5151657748947","15.6381027672228","-0.00794701986754953","0.00469483568075124","0.0778212260262197","-0.0316742081447959","-0.0316742081447959","45.0452217762521","0.115263139185347","8136.39605","1.02425422125316","False","True","True","True"
"2023-04-21","14.99","15.03","14.86","14.88","10446","1.5612","0","-0.00667556742323094","107.879039435457","16.5054930336249","16.8626683533041","16.5315071269764","15.6614409357076","-0.0223390275952694","-0.00866089273817405","0.0631549354465368","-0.0381383322559788","-0.0381383322559788","41.3389977045713","0.115122915955167","8338.58905","1.25268362997215","False","True","True","True"
"2023-04-24","14.82","14.9","14.78","14.86","6738","1.0003","0","-0.00134408602150549","107.734040726538","16.4833082311603","16.8415927909628","16.5472981669642","15.6837816866005","-0.0191419141914192","-0.0249343832020994","0.0609855690842425","-0.0394311570782155","-0.0394311570782155","40.6191698220674","0.09898302350648","7971.33105","0.845298352023656","False","True","True","True"
"2023-04-25","14.86","14.88","14.55","14.57","13652","2.0011","0","-0.0195154777927321","105.631559447218","16.1616285954244","16.7988870462186","16.5584501412346","15.7047057315659","-0.0344599072233267","-0.0501955671447197","0.0431898026990052","-0.0581771170006459","-0.0581771170006459","31.9356284951887","0.113872525488829","8055.76085","1.69467692179566","False","True","True","True"
"2023-04-26","14.55","14.55","14.44","14.52","6348","0.9197","0","-0.00343170899107759","105.269062674922","16.106166589263","16.7461981403653","16.5679554871907","15.7258898546916","-0.0326449033977348","-0.0614091790562378","0.0367099907875639","-0.0559167750325096","-0.0614091790562376","30.716379120292","0.106170354651919","7559.4827","0.839727432672079","False","True","True","True"
"2023-04-27","14.52","14.67","14.5","14.6","3861","0.5634","0","0.00550964187327829","105.849057510596","16.1949057991212","16.7057108758674","16.5778564276603","15.7484454500846","-0.0253671562082777","-0.0476190476190477","0.0380784670150729","-0.050715214564369","-0.056237879767291","34.9928254926507","0.107988828754818","7436.50695","0.519147366627553","False","True","True","True"
"2023-04-28","14.64","14.81","14.64","14.79","4871","0.7189","0","0.013013698630137","107.226545245323","16.4056614225344","16.6851899335877","16.5910893964673","15.7721253634875","-0.00604838709677413","-0.0244063324538255","0.050857944877521","-0.0383615084525355","-0.0439560439560435","43.8562608930975","0.115910383238905","7327.17365","0.664825652112121","False","True","True","True"
"2023-05-02","14.79","14.9","14.76","14.85","4940","0.733","0","0.00405679513184598","107.661541372079","16.4722158299281","16.6674420916161","16.5944171168369","15.7987975296663","-0.000672947510093835","-0.0210942649967036","0.0122699386503071","-0.0344603381014299","-0.0400775694893335","46.3442002972939","0.117256333659042","7293.41675","0.677334940444751","False","True","True","True"
"2023-05-03","14.8","14.84","14.74","14.83","4268","0.6319","0","-0.00134680134680132","107.51654266316","16.4500310274635","16.640265708597","16.5999633174531","15.8249236917187","0.0178448867536036","-0.0319843342036551","0.020646937370957","-0.0357607282184651","-0.0413703943115702","45.6185236942371","0.109922128175722","7134.0149","0.598205927492526","False","True","True","True"
"2023-05-04","14.83","14.86","14.77","14.86","4056","0.6013","0","0.00202292650033709","107.734040726538","16.4833082311603","16.6114254653931","16.6040305312383","15.8497923580189","0.0234159779614327","-0.0338101430429127","0.0150273224043727","-0.025573770491803","-0.0394311570782153","46.960133106365","0.108861885193035","6911.7966","0.586867964256934","False","True","True","True"
"2023-05-05","14.86","14.93","14.83","14.88","6532","0.9717","0","0.00134589502018856","107.879039435457","16.5054930336249","16.591459143175","16.6040305312383","15.8762904207629","0.0191780821917809","-0.023622047244094","-3.33066907387547E-16","-0.0242622950819669","-0.0381383322559787","47.8832273473521","0.105705178907258","6868.76045","0.951038989866068","False","False","True","False"
"2023-05-08","14.95","15.06","14.95","15","6590","0.9889","0","0.00806451612903225","108.749031688969","16.6386018484122","16.5781482616963","16.6062490114847","15.9019115043815","0.0141987829614607","-0.0157480314960625","0.00806451612903181","-0.0163934426229504","-0.030381383322559","53.1515762950992","0.110652906200897","6820.8346","0.966163290339865","True","False","True","True"
"2023-05-09","15","15.02","14.93","15.01","3827","0.5737","0","0.000666666666666593","108.821531043428","16.6496942496445","16.5653920002792","16.6119800854547","15.9271736112115","0.0107744107744108","-0.0150918635170599","0.0210884353741505","-0.0157377049180323","-0.0297349709114407","53.5727616934055","0.110739722163618","6801.4181","0.562640458759623","True","False","True","True"
"2023-05-10","14.98","14.99","14.85","14.88","4506","0.6715","0","-0.0086608927381745","107.879039435457","16.5054930336249","16.5448710579995","16.6160472992399","15.9504214970032","0.0033715441672284","-0.024262295081967","0.0150068212824019","-0.0229809586342741","-0.0381383322559785","47.5836291854274","0.114073558923552","6769.43435","0.66570510429723","False","False","True","True"
"2023-05-11","14.88","14.93","14.79","14.79","2936","0.4357","0","-0.00604838709677435","107.226545245323","16.4056614225344","16.5204677752885","16.6132741989318","15.9737402796336","-0.00471063257065951","-0.0288903479973733","-0.01004016064257","-0.0282522996057814","-0.043956043956043","43.9226888873511","0.115365354605997","6642.97375","0.442034412675498","False","False","True","False"
"2023-05-12","14.76","14.83","14.66","14.8","4894","0.7208","0","0.000676132521974404","107.299044599782","16.4167538237667","16.5038291734401","16.6103162252699","15.9969709335548","-0.00537634408602172","-0.0198675496688737","-0.0106951871657748","-0.0275952693823911","-0.0433096315449247","44.4342347282727","0.11244720823286","6381.3986","0.766885177804126","False","False","True","False"
"2023-05-15","14.79","14.79","14.7","14.74","3469","0.5112","0","-0.00405405405405412","106.864048473026","16.3501994163731","16.4772074104826","16.6060641381308","16.0180218789382","-0.0173333333333334","-0.0315374507227331","-0.015364061456245","-0.0270627062706267","-0.0471881060116346","41.960925762429","0.107784790984876","6239.58185","0.555953120480341","False","False","True","False"
"2023-05-16","14.8","14.93","14.8","14.89","3380","0.5031","0","0.0101763907734058","107.951538789916","16.5165854348572","16.4627872888806","16.6064338848386","16.0397371129307","-0.00799467021985334","-0.017161716171617","0.00134498991257659","-0.0132538104705097","-0.0374919198448601","49.5250894287052","0.114824363757894","6088.6078","0.555111958434899","True","False","True","True"
"2023-05-17","14.88","15.08","14.88","15.05","10057","1.5105","0","0.0107454667562121","109.111528461265","16.6940638545736","16.4605688086342","16.6079128716696","16.0594103087225","0.0114247311827955","-0.00265076209410198","0.00534402137608625","0","-0.0271493212669673","56.0977423819669","0.121212184517464","6175.07355","1.62862319267436","True","False","True","True"
"2023-05-18","15.1","15.25","15.1","15.2","14519","2.208","0","0.00996677740863783","110.199018778155","16.8604498730577","16.4711065898048","16.6169716660092","16.0811923162134","0.0277214334009466","0.0126582278481013","0.0333106730115567","0","-0.017453135100193","61.198862609205","0.124599541092702","6411.18185","2.26460695386452","True","False","True","True"
"2023-05-19","15.25","15.3","15.21","15.28","13544","2.0679","0","0.00526315789473686","110.779013613829","16.9491890829159","16.4877451916533","16.6247363468718","16.0983871382257","0.0324324324324323","0.0200267022696932","0.0282637954239584","0","-0.0122818358112468","63.6263081748178","0.125210437687227","6671.67755","2.030021969512","True","False","True","True"
"2023-05-22","15.28","15.31","15.21","15.24","5558","0.8473","0","-0.00261780104712039","110.489016195992","16.9048194779868","16.5077115138713","16.6339800145654","16.1141288212128","0.033921302578019","0.0241935483870965","0.0339213025780187","-0.00261780104712017","-0.0148674854557197","61.5527917196326","0.122705415249746","6427.2784","0.864694300467831","True","False","True","True"
"2023-05-23","15.23","15.32","15.2","15.27","5866","0.8952","0","0.00196850393700787","110.70651425937","16.9380966816836","16.5304509363975","16.6434085556128","16.1259045276541","0.0255204835460039","0.0275908479138631","0.0345528455284554","-0.000654450261779904","-0.0129282482223648","62.5388394461673","0.122348613427455","6383.66875","0.918901062966339","True","False","True","True"
"2023-05-24","15.24","15.26","15.16","15.25","4498","0.6838","0","-0.00130975769482644","110.561515550451","16.9159118792191","16.5681651005872","16.6515429831832","16.1372245126622","0.0132890365448506","0.046671242278655","0.0297096556380838","-0.00196335078534027","-0.0142210730446015","61.4081264155149","0.095128857603695","5925.985","0.759069926771668","True","False","True","True"
"2023-05-25","15.35","15.5","15.35","15.5","24347","3.764","0","0.0163934426229508","112.373999411934","17.1932219100259","16.6225178666254","16.6679967116777","16.1504942838213","0.0197368421052633","0.0674931129476586","0.0609171800136892","0","0","68.9622978574866","0.10482048667529","6825.9534","3.56686774333971","True","False","True","True"
"2023-05-26","15.79","15.93","15.79","15.91","43435","6.8916","0","0.0264516129032257","115.346472944766","17.6480103605492","16.6951730946968","16.6877781605419","16.1680956548934","0.0412303664921465","0.0897260273972602","0.0721024258760123","0","0","76.9359198544237","0.133211902385827","8804.6886","4.93320649636604","True","True","True","True"
"2023-05-29","16.05","16.22","16.05","16.12","26113","4.2144","0","0.0131992457573853","116.868959388412","17.880950786427","16.7689375628914","16.7140301767917","16.1883604577261","0.0577427821522309","0.0899256254225831","0.096598639455783","0","0","79.7985702426436","0.133373692955388","9866.79355","2.64659353291121","True","True","True","True"
"2023-05-30","16.16","16.23","16.11","16.18","21674","3.5034","0","0.00372208436724564","117.303955515167","17.9475051938206","16.8427020310861","16.7371393460256","16.2086381844617","0.0595939751146037","0.0895622895622894","0.0837240455458816","0","0","80.5416819602709","0.133388676424555","10703.5038","2.02497157986715","True","True","True","True"
"2023-05-31","16.17","16.2","15.99","16.13","11437","1.8406","0","-0.00309023485784921","116.941458742871","17.8920431876592","16.9148026390958","16.7598787685517","16.2282731624263","0.0577049180327869","0.0876601483479429","0.0825503355704706","-0.00309023485784943","-0.00309023485784943","77.9677879920142","0.134511820445371","11061.96045","1.03388030102747","True","True","True","True"
"2023-06-01","16.01","16.06","15.95","16.01","7714","1.2338","0","-0.00743955362678228","116.071466489359","17.758934372872","16.9785839461814","16.7800299641237","16.2450835290985","0.0329032258064517","0.0773889636608347","0.0730563002680968","-0.0105067985166871","-0.0105067985166871","72.0191963914933","0.140638318103706","11244.84605","0.686005301068573","True","True","True","True"
"2023-06-02","16.05","16.26","16.05","16.18","22076","3.5759","0","0.0106183635227981","117.303955515167","17.9475051938206","17.0506845541912","16.799626539634","16.2638264500511","0.0169704588309239","0.0873655913978491","0.0701058201058204","-2.22044604925031E-16","-2.22044604925031E-16","74.9365685221148","0.142358659465951","12022.00385","1.83626750377392","True","True","True","True"
"2023-06-05","16.19","16.21","16.12","16.13","9986","1.6147","0","-0.00309023485784921","116.941458742871","17.8920431876592","17.1133566211536","16.8158953947747","16.284364254947","0.000620347394540977","0.075333333333333","0.0577049180327875","-0.00309023485784943","-0.00309023485784943","72.5409340366709","0.143876791017682","12191.7984","0.819069564011163","True","True","True","True"
"2023-06-06","16.14","16.21","16.09","16.15","10265","1.6583","0","0.00123992560446373","117.08645745179","17.9142279901238","17.1765833081775","16.8343827301618","16.3046355197311","-0.00185414091470948","0.0759493670886076","0.0660066006600661","-0.00185414091470981","-0.00185414091470981","72.9139412622718","0.143732033790128","12513.72895","0.820328140478063","True","True","True","True"
"2023-06-07","16.15","16.39","16.15","16.38","21767","3.5514","0","0.0142414860681115","118.753942604354","18.1693532184661","17.2597763174196","16.8574918993957","16.3255883049949","0.0154990700557966","0.100806451612903","0.0826173165895578","0","0","76.814528075127","0.140552668112048","13376.73945","1.62720198605648","True","True","True","True"
"2023-06-08","16.34","16.36","16.13","16.17","12966","2.1075","0","-0.0128205128205127","117.231456160708","17.9364127925883","17.3363138859223","16.881525435399","16.3424331354082","0.00999375390381019","0.0933062880324547","0.0874243443174181","-0.0128205128205127","-0.0128205128205127","67.2867847150041","0.149301051395692","13878.24145","0.934301586171064","True","True","True","True"
"2023-06-09","16.2","16.39","16.2","16.37","13236","2.1636","0","0.0123685837971552","118.681443249894","18.1582608172338","17.4233892355956","16.9081471983565","16.3613072647464","0.0117428924598271","0.106081081081082","0.0964501004688554","-0.000610500610500497","-0.000610500610500497","70.9787543262369","0.151075022742539","14295.3419","0.925882647129972","True","True","True","True"
"2023-06-12","16.38","16.58","16.38","16.51","17232","2.8449","0","0.00855222968845459","119.696434212325","18.3135544344857","17.5215569865013","16.9406849086378","16.3812949421755","0.0235585864848111","0.120081411126187","0.119322033898306","0","0","73.2542325007652","0.147533238495279","14983.4981","1.15006782027756","True","True","True","True"
"2023-06-13","16.65","16.96","16.65","16.92","49949","8.4236","0","0.0248334342822532","122.668907745157","18.768342885009","17.6341448590089","16.9804326797201","16.4075101560731","0.0476780185758516","0.136333109469442","0.145565335138796","0","0","78.5568050874656","0.161872877067928","17311.95565","2.88523209103762","True","True","True","True"
"2023-06-14","16.91","16.98","16.87","16.97","27365","4.6352","0","0.00295508274231659","123.031404517453","18.8238048911703","17.7406319108387","17.0216594376334","16.4357223591385","0.0360195360195359","0.127574750830565","0.151289009497964","0","0","79.1009675361499","0.161498891057745","18177.37015","1.5054519864085","True","True","True","True"
"2023-06-15","16.98","17.14","16.98","17.11","29421","5.0259","0","0.00824985268120226","124.046395479884","18.9790985084222","17.8465643426069","17.0612223353619","16.4665829160777","0.0581323438466295","0.125657894736842","0.142952571810288","0","0","80.5865110683041","0.161063882213839","18922.49","1.55482729809872","True","True","True","True"
"2023-06-16","17.11","17.12","16.97","17.05","16988","2.8972","0","-0.00350672121566331","123.611399353128","18.9125441010285","17.9447320935126","17.1007852330903","16.4951734817861","0.0415394013439216","0.115837696335078","0.143527833668679","-0.00350672121566342","-0.00350672121566342","78.0266861472523","0.164555294617355","19094.7107","0.889673913729418","True","True","True","True"
"2023-06-19","17.03","17.13","16.97","17.11","20710","3.5363","0","0.00351906158357762","124.046395479884","18.9790985084222","18.0484460450343","17.1396086374033","16.5253117771803","0.0363416111447603","0.122703412073491","0.139906728847436","0","0","78.7534948119409","0.161938293062262","19852.3284","1.04320181405018","True","True","True","True"
"2023-06-20","17.08","17.1","16.9","16.96","13254","2.2501","0","-0.00876680303915833","122.958905162994","18.8127124899381","18.142176835447","17.1714068542691","16.554424653193","0.00236406619385354","0.110674525212836","0.112860892388452","-0.00876680303915833","-0.00876680303915833","72.3137301917769","0.169653302101834","20221.7057","0.655409894527344","True","True","True","True"
"2023-06-21","16.95","17.03","16.9","16.98","16185","2.7456","0","0.00117924528301883","123.103903871912","18.8348972924026","18.2381261061062","17.201726084304","16.5820070313904","0.000589275191514638","0.11344262295082","0.106910039113429","-0.00759789596727067","-0.00759789596727067","72.6350359145469","0.16859074748197","20806.0295","0.777885708563472","True","True","True","True"
"2023-06-26","16.76","16.88","16.74","16.82","9876","1.6605","0","-0.00942285041224966","121.943914200563","18.6574188726862","18.3113359542392","17.2266839870766","16.6087424016086","-0.0169491525423728","0.0851612903225805","0.0872656755009695","-0.0169491525423728","-0.0169491525423728","66.032836503101","0.171230223377857","20082.47895","0.491785004460318","True","True","True","True"
"2023-06-27","16.77","16.83","16.66","16.67","11987","2.0041","0","-0.00891795481569546","120.856423883674","18.4910328542021","18.3534870789219","17.2514570164954","16.6361677236145","-0.0222873900293254","0.0477686989314901","0.0874103065883884","-0.0257159555815313","-0.0257159555815313","60.482396265032","0.155429208815627","18510.0594","0.647591438847571","True","True","True","True"
"2023-06-28","16.75","16.83","16.71","16.73","8096","1.3572","0","0.00359928014397104","121.29142001043","18.5575872615957","18.3873189026803","17.2804821330532","16.6647796445338","-0.0222092343658679","0.0378411910669982","0.103562005277046","-0.022209234365868","-0.022209234365868","61.8632750181628","0.150215209749448","17609.18825","0.459758217418114","True","True","True","True"
"2023-06-29","16.8","16.93","16.73","16.76","11004","1.8518","0","0.00179318589360444","121.508918073808","18.5908644652926","18.4194868662539","17.3098769963187","16.6961967908913","-0.0117924528301886","0.0358467243510512","0.104812129202374","-0.020455873758036","-0.020455873758036","62.5675907888754","0.150061055609223","17075.65335","0.644402458544873","True","True","True","True"
"2023-06-30","16.75","16.82","16.64","16.82","8032","1.3439","0","0.00357995226730301","121.943914200563","18.6574188726862","18.4577556505053","17.3376079993994","16.7280782746173","-0.00942285041224966","0.0427774333539992","0.0979112271540474","-0.0169491525423728","-0.0169491525423728","63.9996006717488","0.14903964790519","16905.41005","0.475106902242812","True","True","True","True"
"2023-07-03","16.9","17.13","16.9","17.08","18281","3.1189","0","0.0154577883472056","123.828897416506","18.9458213047253","18.5170999970979","17.3690364695575","16.7609185888536","0.0154577883472056","0.0668332292317302","0.110533159947985","-0.00175336060783193","-0.00175336060783193","69.4530669214935","0.151662324032551","17433.74615","1.04858392698347","True","True","True","True"
"2023-07-04","17.14","17.34","17.14","17.3","31038","5.3512","0","0.0128805620608901","125.42388321461","19.1898541318354","18.5792174439987","17.407120380455","16.7974175984588","0.0377924415116975","0.0692212608158225","0.135170603674541","0","0","73.1582536204766","0.153317035427317","17881.85045","1.73570968434086","True","True","True","True"
"2023-07-05","17.3","17.33","17.18","17.22","9459","1.6314","0","-0.00462427745664751","124.843888378936","19.1011149219772","18.6396710307146","17.4437253045215","16.8330868319553","0.0292887029288702","0.0675759454432736","0.12992125984252","-0.00462427745664729","-0.00462427745664729","69.8408086204605","0.154271563198878","17855.51025","0.529759545796234","True","True","True","True"
"2023-07-06","17.08","17.16","16.91","16.93","12180","2.072","0","-0.0168408826945412","122.741407099616","18.7794352862412","18.6829313955204","17.4749689013257","16.8655337056619","0.0101431980906919","0.0482972136222912","0.110892388451444","-0.0213872832369943","-0.0213872832369943","59.3367558656489","0.170047831660507","17951.25425","0.678517714159166","True","True","True","True"
"2023-07-07","16.85","16.96","16.75","16.84","12627","2.1276","0","-0.00531600708800939","122.088912909482","18.6796036751508","18.7084439183547","17.5043637645912","16.899315433911","0.00118906064209279","0.0280830280830282","0.104262295081968","-0.0265895953757226","-0.0265895953757226","56.496867933167","0.166134041253012","17494.2933","0.721803263696282","False","True","True","True"
"2023-07-10","16.84","16.95","16.76","16.79","8346","1.4065","0","-0.00296912114014258","121.726416137185","18.6241416689894","18.7428303621747","17.5332040077952","16.9328155441617","-0.0169789227166275","0.038342609771181","0.102429415627052","-0.0294797687861272","-0.0294797687861272","54.9241426497273","0.158421587125468","17263.24605","0.483426927695328","False","True","True","True"
"2023-07-11","16.92","17.11","16.92","17.11","12788","2.1817","0","0.0190589636688505","124.046395479883","18.9790985084222","18.7838722467341","17.5703635519233","16.9686416492225","-0.0109826589595377","0.0452046426389734","0.133112582781457","-0.0109826589595378","-0.0109826589595378","62.1803636653209","0.165873159725114","17240.84415","0.741713740275299","True","True","True","True"
"2023-07-12","17.11","17.32","17.11","17.31","23420","4.0447","0","0.0116890707188777","125.49638256907","19.2009465330677","18.8282418516632","17.6090020828824","17.0052330955045","0.00522648083623678","0.0484554815263472","0.137319316688568","0","0","65.8775505693673","0.167812586472756","17550.2227","1.3344337790084","True","True","True","True"
"2023-07-13","17.5","17.82","17.49","17.59","46445","8.2328","0","0.0161756210283075","127.52636449393","19.5115337675714","18.8654013957914","17.654111181227","17.044593334127","0.0389840519787359","0.0395981087470454","0.161056105610561","0","0","70.260798884327","0.154785074056203","17375.0258","2.67309369980907","True","True","True","True"
"2023-07-14","17.7","17.88","17.61","17.83","39623","7.0397","0","0.0136441159749856","129.266349000954","19.777751397146","18.9130987210901","17.7047664801877","17.0860817703028","0.0587885985748215","0.0506776664702413","0.181577203445991","0","0","73.4133191801404","0.16022502890215","17987.918","2.20275642795347","True","True","True","True"
"2023-07-17","17.82","17.91","17.78","17.85","21964","3.9209","0","0.00112170499158748","129.411347709873","19.7999361996105","18.9541406056496","17.7572705126871","17.1262202740495","0.0631328171530674","0.0432495616598483","0.189207195203198","0","0","73.66386323366","0.15883777386467","17615.04285","1.24687184624135","True","True","True","True"
"2023-07-18","17.9","18.1","17.75","17.9","25028","4.4931","0","0.00280112044817904","129.773844482169","19.8553982057719","19.0012833108867","17.8112535320175","17.1632096534561","0.0461718293395674","0.0498533724340169","0.194926568758345","0","0","74.3155149343397","0.157421346324385","18017.03995","1.38912984982308","True","True","True","True"
"2023-07-19","18","18.08","17.66","17.68","17542","3.1278","0","-0.012290502793296","128.178858684064","19.6113653786618","19.0328966543987","17.8630180711015","17.1972625990389","0.0213749277874062","0.0333138515488018","0.188172043010752","-0.012290502793296","-0.012290502793296","66.516653318107","0.165818813238213","17858.6627","0.982293035860966","True","True","True","True"
"2023-07-20","17.66","17.78","17.64","17.73","8977","1.5908","0","0.00282805429864252","128.541355456361","19.6668273848232","19.075602399143","17.9160767236625","17.2316874453133","0.00795906765207488","0.0454009433962257","0.19313593539704","-0.00949720670391052","-0.00949720670391052","67.3551444636273","0.161161874015035","17644.854","0.508779046854114","True","True","True","True"
"2023-07-21","17.44","17.67","17.27","17.65","12508","2.1891","0","-0.00451212633953757","127.961360620686","19.578088174965","19.1127619432711","17.9730177166549","17.2657339289447","-0.010095344924285","0.0394581861012955","0.211393273850378","-0.0139664804469274","-0.0139664804469274","64.5690324926472","0.162929929681543","17461.00895","0.716328136353198","True","True","True","True"
"2023-07-24","17.63","17.89","17.63","17.88","16258","2.8934","0","0.0130311614730878","129.628845773251","19.8332134033073","19.1715516698021","18.0351351635556","17.3015453253731","0.00168067226890734","0.0630202140309148","0.231404958677685","-0.00111731843575424","-0.00111731843575424","68.5915408726955","0.161564325268531","17780.09575","0.914393163490135","True","True","True","True"
"2023-07-25","17.93","18.14","17.93","17.98","33679","6.0897","0","0.00559284116331105","130.353839317844","19.9441374156301","19.2442068978735","18.0976223571641","17.3377393924122","0.00446927374301676","0.0785842831433707","0.231506849315068","0","0","70.176885860306","0.155327234540716","18864.71605","1.78530977676709","True","True","True","True"
"2023-07-26","17.99","18.07","17.85","17.91","12931","2.3226","0","-0.00389321468298109","129.846343836628","19.8664906070042","19.309652065144","18.1553028435719","17.3731961200196","0.0130090497737556","0.0705319784817688","0.210953346855985","-0.00389321468298098","-0.00389321468298098","67.6045036071654","0.157736286113886","19106.46655","0.676785472926704","True","True","True","True"
"2023-07-27","17.99","18.07","17.91","17.92","18901","3.4011","0","0.000558347292015648","129.918843191088","19.8775830082364","19.3739879922912","18.2120589632104","17.4032380400237","0.0107163000564017","0.0692124105011929","0.206734006734006","-0.00333704115684075","-0.00333704115684075","67.7861682635517","0.157970122435125","19501.3504","0.969228777100482","True","True","True","True"
"2023-07-28","17.92","18.09","17.83","18.06","21303","3.8364","0","0.00781249999999978","130.933834153518","20.0328766254883","19.4427608799313","18.2717730565108","17.4358681869819","0.0232294617563737","0.0737217598097495","0.217801753202966","0","0","70.2974330411919","0.158747082906514","20164.8992","1.05643240706108","True","True","True","True"
"2023-07-31","18.15","18.39","17.79","17.84","24513","4.4441","0","-0.0121816168327795","129.338848355413","19.7888437983782","19.4849120046139","18.3268653159644","17.4654479236013","-0.00223713646532453","0.0444964871194382","0.200538358008076","-0.0121816168327793","-0.0121816168327793","62.1042814663186","0.16167865297059","20476.51975","1.19713492816571","True","True","True","True"
"2023-08-01","17.84","18","17.73","17.92","15677","2.8012","0","0.00448430493273544","129.918843191088","19.8775830082364","19.519298448434","18.3830668155413","17.4935486733898","-0.00333704115684108","0.0358381502890168","0.204301075268817","-0.00775193798449569","-0.00775193798449569","63.7584154706102","0.157021538553786","19708.4733","0.795433099325862","True","True","True","True"
"2023-08-02","17.92","17.99","17.43","17.47","19433","3.4293","0","-0.0251116071428573","126.656372240419","19.3784249527841","19.5331639499743","18.4287305339475","17.5174897727161","-0.0245672808486881","0.0145180023228804","0.164666666666667","-0.0326688815060908","-0.0326688815060908","50.4251882103448","0.182866853990002","20207.1553","0.961677520239576","False","True","True","True"
"2023-08-04","17.35","17.53","17.29","17.44","11808","2.0539","0","-0.0017172295363479","126.438874177041","19.3451477490872","19.5614495731166","18.4736547589382","17.5428174221964","-0.0267857142857144","0.0301240401653868","0.161892071952031","-0.0343300110741969","-0.0343300110741969","49.679311987068","0.171030717560441","20188.5476","0.584890514858038","False","True","True","True"
"2023-08-07","17.53","17.81","17.53","17.76","8680","1.5369","0","0.0183486238532111","128.758853519739","19.70010458852","19.6124746187851","18.5268982848531","17.5714727920465","-0.016611295681063","0.0546318289786223","0.193548387096774","-0.0166112956810628","-0.0166112956810628","56.9877533916188","0.178895872447069","19991.17715","0.434192990981524","True","True","True","True"
"2023-08-08","17.77","17.82","17.48","17.62","8452","1.4902","0","-0.00788288288288297","127.743862557308","19.5448109712682","19.658508083899","18.5792174439987","17.5962458214652","-0.0123318385650224","0.0494341870160806","0.19134550371873","-0.024363233665559","-0.024363233665559","53.3378887317033","0.18179649733043","19996.5148","0.422687207472774","False","True","True","True"
"2023-08-09","17.57","17.67","17.41","17.55","5424","0.9531","0","-0.00397275822928489","127.236367076093","19.4671641626423","19.68291136661","18.6300576163133","17.6201869207916","-0.0206473214285714","0.0257159555815309","0.185810810810811","-0.028239202657807","-0.028239202657807","51.5597694994828","0.172056954558265","19628.33955","0.276348693998418","False","True","True","True"
"2023-08-10","17.43","17.43","17.15","17.2","11404","1.9661","0","-0.0199430199430201","124.698889670017","19.0789301195126","19.6768105459323","18.6755364613656","17.6408002997482","-0.0154550658271321","-0.00635470826112072","0.166892808683853","-0.0476190476190474","-0.0476190476190474","43.7130082168051","0.183073144590137","19027.56175","0.599343949048017","False","True","True","True"
"2023-08-11","17.24","17.38","17.19","17.23","6576","1.1366","0","0.00174418604651172","124.916387733395","19.1122073232095","19.6568442237142","18.7187968261715","17.662615355505","-0.0120412844036697","-0.0204661739624793","0.157152451309603","-0.0459579180509413","-0.0459579180509413","44.4927788105185","0.172771392771613","17034.12645","0.38607004704958","False","True","True","True"
"2023-08-14","17.18","17.23","17.05","17.12","11141","1.9071","0","-0.00638421358096342","124.118894834343","18.9901909096544","19.6174661993396","18.7570656104228","17.6824892410462","-0.0360360360360361","-0.0398205272013461","0.137541528239203","-0.0520487264673309","-0.0520487264673309","42.1851068064287","0.164731361019145","15610.0494","0.71373643442794","False","True","True","True"
"2023-08-15","17.27","17.42","17.24","17.25","10160","1.7595","0","0.00759345794392519","125.061386442314","19.134392125674","19.5841889956428","18.7949646479664","17.7059681569878","-0.0209988649262203","-0.0336134453781515","0.134868421052631","-0.0448504983388703","-0.0448504983388703","45.7652279342794","0.16791766024413","15019.8798","0.676457410797655","False","True","True","True"
"2023-08-16","16.81","16.92","16.73","16.92","9788","1.647","0.46","0.00753623188405816","126.003878050285","19.2785933416936","19.5553487524388","18.8337880522794","17.7292621995756","-0.0096866096866095","-0.0290502793296091","0.137434554973821","-0.0376522702104095","-0.0376522702104095","49.1558813519451","0.170406942235788","14257.86165","0.686473556853457","False","True","True","True"
"2023-08-17","16.86","17.05","16.79","17.02","10524","1.7853","0","0.00591016548463341","126.748581821268","19.3925330186539","19.5444071344385","18.8752499446238","17.7546149795946","0.0164371323327286","-0.011158445920649","0.147160018118302","-0.0319646358735918","-0.0319646358735918","51.7240702914428","0.167222113715222","13906.9527","0.756762550864216","False","True","True","True"
"2023-08-18","16.98","17.06","16.71","16.79","14999","2.5295","0","-0.0135135135135135","125.035763148007","19.1304717616451","19.5175893532796","18.9117895292899","17.7775990424513","0.000955642544410384","-0.027272096952048","0.129434559334655","-0.0450461948482729","-0.0450461948482729","45.9723769132361","0.172863916092692","14208.0583","1.05569977848416","False","True","True","True"
"2023-08-21","16.89","16.93","16.72","16.74","6953","1.168","0","-0.00297796307325793","124.663411262516","19.0735019231649","19.4923600406895","18.9477493633556","17.7996461732694","0.00438705508053294","-0.0257730094629621","0.127547959539588","-0.0478900120166819","-0.0478900120166819","44.8059289472807","0.17257429694761","13930.3173","0.499126606398262","False","True","True","True"
"2023-08-22","16.93","16.99","16.85","16.87","6274","1.0615","0","0.0077658303464756","125.631526164794","19.2216235032134","19.4617805456849","18.9815560565754","17.8247763841266","0.00455887895295848","-0.0308366520168604","0.11797681689926","-0.0404960873788185","-0.0404960873788185","48.4670292076948","0.167740261414665","13431.117","0.467123620470285","False","True","True","True"
"2023-08-23","16.88","17.02","16.88","17.02","5310","0.9018","0","0.00889152341434496","126.748581821268","19.392533018654","19.434200325836","19.0106314342105","17.8492047973762","0.00591016548463341","-0.0276574707384356","0.0988509538732196","-0.0319646358735917","-0.0319646358735917","52.3911258581477","0.169986910353535","12012.6265","0.441997593115877","False","True","True","True"
"2023-08-24","17.3","17.46","17.21","17.33","16811","2.9182","0","0.0182138660399529","129.057163511314","19.7457460172311","19.4281630963474","19.0417113547239","17.8778707657578","0.0182138660399529","-0.00607780166923388","0.104289489584617","-0.0143329694294563","-0.0143329694294563","59.2904416667162","0.183194160180885","12206.64175","1.37722432953355","True","True","True","True"
"2023-08-25","17.1","17.1","16.87","16.88","9851","1.6704","0","-0.0259665320253895","125.705996541892","19.2330174709094","19.395934819481","19.063136559342","17.9001379526838","0.00536033353186416","-0.0324267561634582","0.0716262379203232","-0.0399273239451368","-0.0399273239451368","48.3394114949706","0.204603135408811","11754.141","0.838109309731779","False","True","True","True"
"2023-08-28","16.9","17","16.89","16.92","4431","0.7506","0","0.00236966824644558","126.003878050285","19.2785933416936","19.3582206552913","19.0862457285759","17.9230622485638","0.010752688172043","-0.03765227021041","0.0774953502789837","-0.0301339285714287","-0.0376522702104095","49.2369440492927","0.202191586870615","10910.55155","0.406126489544885","False","True","True","True"
"2023-08-29","17","17","16.86","16.99","5226","0.885","0","0.00413711583924337","126.525170689973","19.3583511155658","19.3366960211507","19.1129026742875","17.9464663192056","0.00711321873147575","-0.0217543120355354","0.0900626529223016","-0.026121480285377","-0.0336709261746373","50.8463635013204","0.199399231358136","9946.2084","0.525455911420477","True","True","True","True"
"2023-08-30","17.14","17.21","17.07","17.09","4944","0.8475","0","0.00588581518540332","127.269874460956","19.4722907925262","19.3164314103652","19.1383157675993","17.9689711536166","0.00411280846063478","-0.0203894113053021","0.0849580809276258","-0.0138488170802075","-0.027983291837819","53.132388382242","0.199973935129757","9409.5707","0.525424395822861","True","True","True","True"
"2023-08-31","17.08","17.11","17","17.07","3115","0.5314","0","-0.00117027501462841","127.120933706759","19.4495028571341","19.3199853055827","19.1642734287572","17.9900844117659","-0.0150028851702249","0.00366788861959955","0.0870476140225915","-0.0150028851702249","-0.0291208187051827","52.6054369241508","0.178520644443813","8593.68455","0.362480607925037","True","True","True","True"
"2023-09-01","17.07","17.11","16.99","17.01","3189","0.5439","0","-0.00351493848857642","126.674111444169","19.3811390509579","19.3217848706762","19.1887219464377","18.0115523382998","0.00770142180094813","0.00186048213937151","0.0818852513009687","-0.0184650894402768","-0.0325333993072735","50.9721949032352","0.178896161541423","8162.7232","0.390661660559554","True","True","True","True"
"2023-09-04","17.01","17.12","16.96","17.12","6519","1.1117","0","0.00646678424456204","127.49328559225","19.5064726956143","19.3121032760309","19.2110072710569","18.0342495852263","0.011820330969267","-0.00982897791408432","0.0735920239466334","-0.0121177149451815","-0.0262770015367737","53.8039204063717","0.16747513782822","8054.66545","0.809328958535453","True","True","True","True"
"2023-09-05","17.11","17.16","17.08","17.16","6288","1.0771","0","0.00233644859813076","127.791167100644","19.5520485663985","19.3124651557874","19.2379345339537","18.0597299846764","0.0100058858151855","0.000370307757947552","0.0900757466107003","-0.00980957876514676","-0.0240019478020465","54.8256882606812","0.165367254792389","7946.4717","0.791344415157232","True","True","True","True"
"2023-09-06","17.18","17.25","17.16","17.18","7803","1.3426","0","0.00116550116550118","127.94010785484","19.5748365017905","19.3178487727449","19.2615441286963","18.0848456635264","0.00526623756582811","0.00553097196123242","0.0780127402516559","-0.0086555106751296","-0.022864420934683","55.3573697935435","0.164705532778321","8065.4195","0.967491151576183","True","True","True","True"
"2023-09-07","17.11","17.13","17.04","17.04","4093","0.6993","0","-0.00814901047729921","126.897522575464","19.415320954046","19.3346683144715","19.2799069040223","18.1102959063301","-0.00175746924428821","0.0176315355434602","0.060161260529831","-0.0167339873052508","-0.030827109006228","50.8460847191763","0.150129780660948","7699.88395","0.531610999150188","True","True","True","True"
"2023-09-08","16.98","16.98","16.85","16.9","5839","0.9874","0","-0.00821596244131462","125.854937296088","19.2558054063015","19.3418482186261","19.2880312793772","18.1342319795487","-0.00646678424456215","0.00751342221563611","0.0259725924808165","-0.0248124639353718","-0.038789797077773","46.7437329294812","0.153526489168448","7662.9925","0.761913443083756","False","True","True","True"
"2023-09-11","16.9","16.92","16.64","16.7","9043","1.5136","0","-0.0118343195266272","124.365529754123","19.0279260523808","19.3437349757624","19.2914332987307","18.1565463681821","-0.024532710280374","0.00198708601224018","0.0108437779923121","-0.0363531448355451","-0.0501650657514089","41.5822974046953","0.157886661534102","7558.07845","1.19649194697099","False","True","True","True"
"2023-09-12","16.72","16.93","16.69","16.89","6196","1.0419","0","0.011377245508982","125.78046691899","19.2444114386055","19.349235941409","19.2958551809004","18.1785387581311","-0.0157342657342658","0.00574982012539804","0.0139792166664592","-0.0253894979803805","-0.0393585605114548","47.5117855173179","0.160798146701954","7359.88355","0.841916989298017","False","True","True","True"
"2023-09-13","16.91","16.97","16.82","16.86","5538","0.935","0","-0.00177619893428071","125.557055787695","19.2102295355174","19.3458177511002","19.3008166048086","18.2008009189494","-0.0186263096623983","-0.00354609929078054","0.0157401052390744","-0.0271206001154066","-0.0410648508125003","46.7056747590944","0.158650627581971","7147.3852","0.774783762878766","False","True","True","True"
"2023-09-14","16.93","17.15","16.93","17.14","10057","1.7192","0","0.0166073546856467","127.642226346447","19.5292606310064","19.3526541317178","19.3099859735183","18.2247973054608","0.005868544600939","0.00705052878965939","0.02898779003334","-0.010963646855164","-0.0251394746694099","54.4701337420147","0.168302582974385","7124.00235","1.41165085382096","True","True","True","True"
"2023-09-15","17.14","17.3","17.14","17.28","13080","2.2538","0","0.00816802800466743","128.684811625823","19.6887761787509","19.3805693525731","19.3245870349985","18.2479969446338","0.0224852071005919","0.0291840381179269","0.0465676435166584","-0.00288517022504287","-0.0171767865978649","57.7820691907795","0.161999859129893","7028.0311","1.86112138860626","True","True","True","True"
"2023-09-18","17.1","17.18","17.06","17.06","5185","0.8872","0","-0.0127314814814816","127.046463329661","19.4381088894381","19.3987997008868","19.3346405616158","18.2681833229599","0.0215568862275448","0.0191158900836319","0.0320262748275677","-0.0155799192152334","-0.0296895821388643","51.4486426337531","0.169110380702281","6939.6368","0.74717253214174","True","True","True","True"
"2023-09-19","17.07","17.15","16.97","16.98","5011","0.8537","0","-0.00468933177022268","126.450700312875","19.3469571478698","19.4050663831196","19.3461328662022","18.2864084266394","0.00532859680284203","0.00652045050385297","0.0369578600281657","-0.0201961915753025","-0.0342396896083186","49.3311641655953","0.168279676959672","6876.4698","0.728666328179032","False","True","True","True"
"2023-09-20","16.94","16.99","16.83","16.85","5476","0.925","0","-0.00765606595995283","125.482585410597","19.1988355678213","19.395381510578","19.3579295780958","18.3046932972956","-0.000593119810201381","-0.00998824911868368","0.0382781599708424","-0.0276976341604152","-0.0416336142461819","46.0168048402481","0.167426049047277","6884.8086","0.795421967140815","False","True","True","True"
"2023-09-21","16.75","16.75","16.59","16.61","11151","1.8544","0","-0.0142433234421366","123.695296360238","18.9253803431165","19.3543632268722","19.3640594627879","18.3222707979205","-0.0309218203033841","-0.0415464512406233","0.0198190139879801","-0.0387731481481483","-0.055283936654545","40.5943450776625","0.1588621778753","6601.78545","1.68906140383584","False","False","True","True"
"2023-09-22","16.5","16.67","16.48","16.65","7788","1.2897","0","0.00240818783865127","123.993177868631","18.9709562139006","19.3412601640218","19.3703943252647","18.3401356607917","-0.0364583333333337","-0.0136255924170618","0.0204450820088351","-0.0364583333333335","-0.0530088829198179","41.8247597357628","0.131896392162692","6498.64555","1.19847388814735","False","False","True","True"
"2023-09-25","16.65","16.84","16.65","16.81","4160","0.6989","0","0.00960960960960966","125.184703902204","19.1532596970372","19.334993481789","19.3786583390038","18.3581331692016","-0.0146541617819462","-0.00650118203309735","0.0265760675543851","-0.0271990740740742","-0.0439086679809092","46.590062034432","0.136519587346874","6485.10995","0.641523741629084","False","False","True","True"
"2023-09-26","16.77","16.79","16.58","16.58","5313","0.8847","0","-0.0136823319452707","123.471885228943","18.8911984400284","19.3116358480121","19.3777479579256","18.3733922137415","-0.0235571260306243","-0.0241318422601533","-0.00288310883009169","-0.0405092592592593","-0.0569902269555903","41.3469591216853","0.143336796126686","6489.426","0.818657150878984","False","False","True","False"
"2023-09-27","16.58","16.62","16.51","16.61","3376","0.5593","0","0.00180940892641734","123.695296360238","18.9253803431165","19.2842903255416","19.3733400614469","18.3902302209509","-0.0142433234421367","-0.0280866003510827","-0.0137819593052654","-0.0387731481481485","-0.0552839366545452","42.2597097865735","0.14138799292234","6411.00605","0.526534988997554","False","False","True","False"
"2023-09-28","16.69","16.8","16.64","16.71","5748","0.9595","0","0.00602046959662861","124.440000131221","19.0393200200768","19.2637811836887","19.3723101464152","18.4080177254684","0.00602046959662839","-0.0210896309314589","-0.00323514633322608","-0.032986111111111","-0.0495963023177269","45.3146055924761","0.143816437648876","6542.66715","0.878581451296968","False","False","True","False"
"2023-10-02","16.84","17.12","16.84","17.05","9660","1.6461","0","0.0203470975463793","126.971992952562","19.4267149217421","19.266059977228","19.3830981403403","18.429033520833","0.0240240240240239","0.00235155790711294","0.034467470700519","-0.0133101851851855","-0.0302583455725464","54.1892068896143","0.162118052944135","6866.20915","1.40684660035443","True","False","True","True"
"2023-10-03","17.04","17.12","16.95","16.95","6386","1.0896","0","-0.00586510263929629","126.22728918158","19.3127752447817","19.2563751046863","19.3936509998341","18.4490073822127","0.00832837596668634","-0.00992990654205683","0.0338964134701225","-0.0190972222222224","-0.0359459799093642","51.5399314976405","0.161671272057973","6859.5685","0.930971241121071","True","False","True","True"
"2023-10-04","16.8","16.85","16.68","16.83","5066","0.849","0","-0.00707964601769917","125.3336446564","19.1760476324293","19.2375750579879","19.4028494325581","18.4680267201766","0.0150784077201445","-0.0192307692307698","0.0296339006247379","-0.026041666666667","-0.0427711411135457","48.4771413447386","0.162968851118167","6798.44755","0.745166740309705","False","False","True","True"
"2023-10-05","16.91","17.05","16.91","17.03","6245","1.0614","0","0.0118835412953062","126.823052198366","19.40392698635","19.2290295822158","19.4099299071902","18.4901467295568","0.0252859723058398","-0.00873108265424938","0.0223840177519119","-0.0144675925925926","-0.0313958724399096","53.4429738805676","0.169113447982696","6720.5378","0.929245126781372","True","False","True","True"
"2023-10-06","17.09","17.17","17.07","17.09","6217","1.0635","0","0.00352319436288884","127.269874460956","19.4722907925262","19.2318780741398","19.4144523115145","18.5117271971985","0.0227408737283061","0.00293427230046861","0.0141318168347189","-0.0109953703703705","-0.027983291837819","54.8489122208998","0.167068737130576","6826.7227","0.910691890268225","True","False","True","True"
"2023-10-11","17.28","17.39","17.2","17.21","10857","1.8776","0","0.00702165008777067","128.163518986135","19.6090184048786","19.2495387240687","19.4160770554697","18.5350941183483","0.0093841642228738","0.0183431952662718","0.00499625700719042","-0.00405092592592593","-0.0211581306336375","57.6062952172929","0.16563869011831","7077.6607","1.53402338148253","True","False","True","True"
"2023-10-12","17.22","17.29","17.19","17.28","9080","1.5666","0","0.00406740267286465","128.684811625823","19.6887761787509","19.2825812303872","19.4145941351631","18.5596803076754","0.0194690265486728","0.0347305389221555","-0.0044987529981747","-2.22044604925031E-16","-0.017176786597865","59.172620153602","0.158824015767281","7079.4787","1.2825153354865","True","False","True","False"
"2023-10-13","17.23","17.31","17.2","17.27","7788","1.3444","0","-0.000578703703703831","128.610341248725","19.6773822110549","19.3042297690097","19.4125515686872","18.5849110406871","0.0261437908496731","0.0224985198342209","-0.00618961532603635","-0.000578703703703942","-0.0177455500315469","58.8381739120137","0.154838028144183","7159.03805","1.08779949842563","True","False","True","False"
"2023-10-16","17.17","17.19","17.1","17.13","7256","1.2441","0","-0.00810654313839032","127.567755969349","19.5178666633104","19.3196116253993","19.4069260429795","18.6090897874985","0.00587199060481502","0.0160142348754446","-0.016999484924126","-0.00868055555555591","-0.0257082381030921","54.2179665873","0.158026840543608","7244.93315","1.00146955807315","True","False","True","False"
"2023-10-17","17.21","17.3","17.1","17.1","4699","0.808","0","-0.0017513134851137","127.344344838054","19.4836847602222","19.3173328318601","19.4047980326721","18.6339080518868","0.00058513750731426","-0.00233372228704831","-0.00651054202368395","-0.0104166666666667","-0.0274145284041372","53.2529738461228","0.146770224857048","6977.035","0.67344380528405","True","False","True","False"
"2023-10-18","17.1","17.1","16.81","16.82","10272","1.7362","0","-0.016374269005848","125.259174279302","19.1646536647332","19.2911267061592","19.3964284706706","18.6562525971666","-0.0226612434631031","-0.026620370370371","-0.0255340482866859","-0.0266203703703703","-0.0433399045472274","45.1718753215597","0.154154515124756","6836.65675","1.50255517801153","False","False","True","False"
"2023-10-19","16.75","16.88","16.74","16.85","7605","1.2798","0","0.00178359096313918","125.482585410597","19.1988355678213","19.2791630400784","19.3901075938849","18.6815626552699","-0.0248842592592593","-0.0123094958968349","-0.0193712789397201","-0.0248842592592593","-0.0416336142461821","46.1153697719089","0.148384958999112","6957.6727","1.09309898983894","False","False","True","False"
"2023-10-20","16.81","16.91","16.69","16.86","13674","2.2951","0","0.000593471810088841","125.557055787695","19.2102295355174","19.2723266594608","19.3797245294217","18.7074298464887","-0.0237405906195716","-0.007067137809188","-0.0314111412569221","-0.0243055555555557","-0.0410648508125004","46.4461882615223","0.147626385759671","7390.84035","1.85012858517503","False","False","True","False"
"2023-10-23","16.8","16.8","16.62","16.63","7922","1.32","0","-0.0136417556346382","123.844237114435","18.9481682785085","19.2597932949951","19.363125043803","18.7303737004836","-0.0291885580852308","-0.0130563798219593","-0.0499379399753346","-0.0376157407407408","-0.0541464097871815","40.3154975004512","0.153005984573347","7513.1019","1.05436597365996","False","False","True","False"
"2023-10-24","16.6","16.67","16.46","16.67","9343","1.5485","0","0.00240529164161174","124.142118622828","18.9937441492927","19.2632114853039","19.3485792695079","18.7519410565399","-0.0251461988304095","0.00361228175797645","-0.0439305801399961","-0.0353009259259258","-0.0518713560524542","41.7553959631455","0.144511731125233","7422.69825","1.25867274747428","False","False","True","False"
"2023-10-25","16.73","16.81","16.71","16.71","4883","0.8181","0","0.00239952009598077","124.440000131221","19.0393200200768","19.2666296756128","19.3346082197052","18.7733335914578","-0.00653983353151011","0.00360360360360334","-0.0421712734295849","-0.032986111111111","-0.0495963023177272","43.2303258459364","0.144509993379465","7277.4012","0.670914776555125","False","False","True","False"
"2023-10-26","16.45","16.46","16.36","16.36","10862","1.7807","0","-0.0209455415918612","121.833536932781","18.6405311507155","19.2409932482967","19.3114024617923","18.7915877591516","-0.0290801186943621","-0.0267697798929213","-0.0695030224965907","-0.0532407407407408","-0.0622335148598449","34.9019842153214","0.158226628511338","7612.49835","1.42690277233361","False","False","False","False"
"2023-10-27","16.4","16.43","16.33","16.35","10473","1.7161","0","-0.000611246943765131","121.759066555683","18.6291371830195","19.2278901854462","19.292074018203","18.8094696670837","-0.0302491103202844","-0.0138721351025337","-0.0586040613173044","-0.0538194444444445","-0.0628067217578523","34.6963146597984","0.151321103262173","7870.5221","1.33067284062388","False","False","False","False"
"2023-10-30","16.36","16.48","16.36","16.4","3748","0.6154","0","0.00305810397553508","122.131418441174","18.6861070214997","19.2159265193654","19.2722160850907","18.827641450316","-0.0138304269392662","-0.0126429861529203","-0.0599406872678153","-0.050925925925926","-0.0536641661858048","36.704695515049","0.15165536969373","7889.14225","0.475086122322107","False","False","False","False"
"2023-10-31","16.45","16.49","16.2","16.22","7310","1.1949","0","-0.0109756097560976","120.790951653405","18.481015602971","19.1880112985101","19.2572592625938","18.8429948982707","-0.0269946010797841","-0.0293237582286061","-0.046309715676046","-0.0613425925925928","-0.0640507789959608","32.7945152306125","0.153810404373473","7967.21955","0.917485950289898","False","False","False","False"
"2023-11-01","16.32","16.35","16.2","16.28","4121","0.671","0","0.00369913686806433","121.237773915995","18.5493794091473","19.1441445228804","19.2439964569282","18.8588256079332","-0.025733093955715","-0.0451612903225809","-0.0411352939900672","-0.0578703703703703","-0.0605885747259086","35.2699117923811","0.132390988427771","7690.30815","0.535931060187751","False","False","False","False"
"2023-11-02","16.51","16.71","16.51","16.71","5991","0.9972","0","0.0264127764127764","124.440000131221","19.0393200200768","19.1304717616451","19.2329833807875","18.8799408328203","0.0213936430317851","-0.014159292035398","-0.0335421858028248","-0.0329861111111108","-0.0357761107905362","49.5980379520566","0.16607442214334","7670.5402","0.781001317221439","False","False","True","False"
"2023-11-03","16.72","16.82","16.72","16.79","3924","0.6585","0","0.00478755236385386","125.035763148007","19.1304717616451","19.1281929681059","19.2260777272937","18.9026475856462","0.0269113149847096","-0.00237670825906144","-0.0211994482951089","-0.0283564814814813","-0.0311598384304671","51.7384183430512","0.165331737755368","7613.4392","0.515398743842336","True","False","True","False"
"2023-11-06","16.95","17.06","16.94","16.98","8538","1.4527","0","0.01131625967838","126.450700312875","19.3469571478698","19.1253444761819","19.2240742770475","18.9270659466804","0.0353658536585366","-0.00293599530240751","-0.00617486007556911","-0.017361111111111","-0.0201961915753027","56.4667988811238","0.164799273398126","7728.0834","1.10479022521936","True","False","True","False"
"2023-11-07","16.97","17.03","16.92","16.99","3319","0.5637","0","0.000588928150765389","126.525170689973","19.3583511155658","19.1196474923339","19.2287312936484","18.952133877507","0.0474722564734893","-0.00585137507314248","0.0146455275166302","-0.0167824074074077","-0.0196191575302943","56.7072116393656","0.164272931590049","7583.177","0.437667879834534","True","False","True","True"
"2023-11-08","16.99","17.2","16.99","17.13","8885","1.5214","0","0.00824014125956452","127.567755969349","19.5178666633104","19.1150899052555","19.2354922826501","18.9771445544108","0.052211302211302","-0.00464846019755993","0.0212251433463808","-0.00868055555555569","-0.011540680900173","60.034814295348","0.165042715940434","7484.5627","1.18711157299811","True","False","True","True"
"2023-11-09","17.11","17.19","17.1","17.18","7944","1.3627","0","0.00291885580852314","127.94010785484","19.5748365017905","19.1093929214074","19.2452363758524","19.0011509931376","0.028126870137642","-0.00578703703703731","0.0307867148317533","-0.00521134916039367","-0.0086555106751296","61.1823643430948","0.164700531597886","7427.80565","1.0695485819557","True","False","True","True"
"2023-11-10","17.13","17.13","17.02","17.07","4659","0.7951","0","-0.00640279394644938","127.120933706759","19.4495028571341","19.0979989537114","19.2504882213767","19.0227264346716","0.0166765932102442","-0.011580775911986","0.0164682906773559","-0.00640279394644938","-0.0150028851702249","57.2852766454825","0.1661509204849","7271.35515","0.640676724475492","True","False","True","True"
"2023-11-13","17.36","17.42","17.26","17.28","12510","2.1682","0","0.0123022847100176","128.684811625823","19.6887761787509","19.1065444294834","19.2573246019943","19.0455563271368","0.0176678445229681","0.00875656742556896","0.0212765957446803","0","-0.00288517022504309","62.2313109756742","0.169566241112179","7534.0764","1.66045635003117","True","False","True","True"
"2023-11-14","17.32","17.39","17.3","17.33","11236","1.9502","0","0.00289351851851838","129.057163511314","19.7457460172311","19.1196474923339","19.2632114853039","19.0692307149639","0.0200117716303707","0.0134502923976605","0.0182138660399533","0","0","63.3203418709655","0.16955345667095","7860.95385","1.42936725165992","True","False","True","True"
"2023-11-15","17.6","17.63","17.41","17.46","14341","2.5142","0","0.00750144258511276","130.025278413592","19.8938675972796","19.1561081889612","19.2759347492312","19.0938621392605","0.0192644483362523","0.0380499405469681","0.039904705181655","0","0","66.0604774399665","0.158439514374519","8064.365","1.77827727291609","True","False","True","True"
"2023-11-16","17.53","17.54","17.37","17.44","9447","1.6476","0","-0.00114547537227949","129.876337659395","19.8710796618875","19.1897203936645","19.2892277115432","19.1184885374494","0.0151338766006985","0.0350148367952523","0.0418160095579454","-0.00114547537227971","-0.00114547537227971","65.2528380299839","0.158812731270764","8156.43965","1.15821588896327","True","False","True","True"
"2023-11-17","17.45","17.58","17.44","17.53","17946","3.1472","0","0.00516055045871555","130.54657105328","19.9736253711518","19.2278901854462","19.3017610760089","19.1416585662921","0.0269478617457528","0.0397390272835116","0.0391227030231174","0","0","67.1963835518487","0.159191062534112","8370.01855","2.14403144901035","True","False","True","True"
"2023-11-20","17.54","17.6","17.51","17.58","8430","1.4806","0","0.0028522532800912","130.918922938771","20.030595209632","19.2820115320024","19.3123954458585","19.1615134400345","0.0173611111111109","0.0571256764882744","0.0329024676850767","0","0","68.2586014500457","0.148077083709411","8395.4259","1.00408318772726","True","False","True","True"
"2023-11-21","17.68","17.82","17.68","17.79","24067","4.2805","0","0.0119453924914676","132.482800857835","20.2698685312488","19.3458177511002","19.3211308210921","19.181421087908","0.0265435660703983","0.0671865626874621","0.0265435660703977","0","0","72.3136134315588","0.151551765278509","9131.62555","2.63553743725289","True","True","True","True"
"2023-11-22","17.73","17.76","17.65","17.67","7400","1.3093","0","-0.00674536256323766","131.589156332656","20.1331409188963","19.4005087960412","19.3361328785586","19.1996347189503","0.0120274914089347","0.0574506283662481","0.0468009478672984","-0.00674536256323743","-0.00674536256323743","67.0429438160122","0.155692170539567","9257.48745","0.799326387420595","True","True","True","True"
"2023-11-23","17.69","17.75","17.59","17.63","5963","1.0535","0","-0.0022637238256934","131.291274824263","20.0875650481122","19.472860490911","19.3496157403322","19.2179307344541","0.010894495412844","0.0776283618581912","0.0419621749408978","-0.00899381675098354","-0.00899381675098354","65.3335373894703","0.129804298695919","9012.5361","0.661663701962869","True","True","True","True"
"2023-11-24","17.66","17.7","17.63","17.64","5027","0.8879","0","0.000567214974475316","131.365745201361","20.0989590158082","19.5463515825504","19.3619592053363","19.2374309398119","0.00627495721620086","0.0788990825688076","0.0382577987051198","-0.00843170320404696","-0.00843170320404696","65.5698872734057","0.129342521042244","8740.25095","0.57519938829674","True","True","True","True"
"2023-11-27","17.64","17.72","17.46","17.46","7424","1.3043","0","-0.0102040816326531","130.025278413592","19.8938675972796","19.6067396113394","19.3689854854155","19.2536506265074","-0.00682593856655289","0.0646341463414632","0.0216500877706254","-0.0185497470489038","-0.0185497470489038","57.9156956467195","0.138633173739311","8924.03455","0.831876429702976","True","True","True","True"
"2023-11-28","17.43","17.66","17.43","17.61","7253","1.2761","0","0.00859106529209619","131.142334070066","20.0647771127201","19.6859276868269","19.3792400563419","19.2717567425495","-0.0101180438448568","0.0856966707768185","0.0316344463971872","-0.0101180438448567","-0.0101180438448567","61.9064066002112","0.129227811614001","8921.17275","0.812962174732016","True","True","True","True"
"2023-11-29","17.62","17.76","17.62","17.66","10023","1.772","0","0.00283929585462817","131.514685955557","20.1217469512003","19.7645460639295","19.391583521346","19.2901527338918","-0.000565930956423322","0.0847665847665846","0.0382128159905932","-0.00730747611017413","-0.00730747611017413","63.1604368719608","0.129303690804158","9216.2278","1.08749221671799","True","True","True","True"
"2023-11-30","17.67","17.71","17.56","17.69","5309","0.9374","0","0.00169875424688559","131.738097086852","20.1559288542884","19.8203765056401","19.4024077906572","19.306707530857","0.0034032898468519","0.0586475164572116","0.0332943925233635","-0.0056211354693646","-0.0056211354693646","63.9277372251671","0.0989585517430632","9182.14285","0.57818780286129","True","True","True","True"
"2023-12-01","17.64","17.7","17.59","17.69","6113","1.0792","0","0","131.738097086852","20.1559288542884","19.8716493602723","19.412472462122","19.3252034980379","0.00283446712018143","0.0536033353186423","0.0308857808857803","-0.0056211354693646","-0.0056211354693646","63.9277372251671","0.0991884100040034","9291.5955","0.657907460564765","True","True","True","True"
"2023-12-04","17.72","17.77","17.6","17.63","4526","0.7991","0","-0.00339174674957621","131.291274824263","20.0875650481122","19.9086797552844","19.421017937894","19.3412810332952","0.00973654066437568","0.0382803297997643","0.0261932479627465","-0.00899381675098365","-0.00899381675098365","60.9816250264299","0.0957923142461909","9091.02385","0.497906294679889","True","True","True","True"
"2023-12-05","17.54","17.54","17.45","17.5","7412","1.2955","0","-0.00737379466817922","130.323159921985","19.9394434680637","19.9377343729093","19.4297533131277","19.354830108575","-0.00624645088018194","0.030017657445556","0.0269953051643181","-0.0163012928611579","-0.0163012928611579","55.0608366160655","0.101249354800812","9295.66595","0.797334482528387","True","True","True","True"
"2023-12-06","17.48","17.63","17.48","17.55","7983","1.4032","0","0.00285714285714289","130.695511807476","19.9964133065439","19.961661705071","19.4420967781317","19.3650640287545","-0.0062287655719141","0.0245183887915932","0.0384615384615379","-0.0134907251264754","-0.0134907251264754","56.7982117724106","0.0982547194593117","9250.5848","0.863014411802376","True","True","True","True"
"2023-12-07","17.5","17.57","17.48","17.49","4474","0.7841","0","-0.00341880341880352","130.248689544887","19.9280495003677","19.9793223549998","19.4570988355982","19.3742660671644","-0.011305822498587","0.0180442374854479","0.047305389221556","-0.0168634064080944","-0.0168634064080944","54.0955239492903","0.0993788993320087","9077.08735","0.492938960205114","False","True","True","True"
"2023-12-08","17.63","17.72","17.58","17.58","7405","1.3079","0","0.00514579759862777","130.918922938771","20.030595209632","20.0083769726247","19.4702018984486","19.3830285396745","-0.00621820237422299","0.0298769771528993","0.0408525754884539","-0.0118043844856661","-0.0118043844856661","57.3721760198959","0.0965165649021061","9214.3985","0.803613062751736","True","True","True","True"
"2023-12-11","17.6","17.66","17.59","17.62","5109","0.9005","0","0.00227531285551774","131.216804447164","20.0761710804161","20.027746717708","19.4846342575303","19.3927254311694","-0.000567214974475205","0.0196759259259258","0.0450771055753265","-0.00955593029792001","-0.00955593029792001","58.7804297761718","0.0877870873949837","8844.3654","0.577694698140807","True","True","True","True"
"2023-12-12","17.71","17.77","17.62","17.65","7776","1.3759","0","0.00170261066969335","131.440215578459","20.1103529835042","20.0459770660216","19.4943191300719","19.4021525517951","0.00857142857142845","0.0184650894402771","0.0297549591598589","-0.00786958965711082","-0.00786958965711082","59.8517043923109","0.0875459069173836","8671.3404","0.896711424222258","True","True","True","True"
"2023-12-13","17.66","17.78","17.66","17.78","12577","2.2323","0","0.00736543909348453","132.408330480737","20.2584745635527","20.0642074143353","19.5038141031519","19.4142005690752","0.0131054131054129","0.0183276059564719","0.028935185185184","-0.000562113546936471","-0.000562113546936471","64.1943616740324","0.087411727832768","8583.14925","1.4652959693087","True","True","True","True"
"2023-12-14","17.95","18.04","17.94","18.01","33721","6.0664","0","0.0129358830146231","134.121149153997","20.5205358205616","20.096680222269","19.521854552004","19.4282475568099","0.0297312750142937","0.0326834862385323","0.0556858147713939","0","0","70.3126395318969","0.0967812307653689","9796.83655","3.44199516118292","True","True","True","True"
"2023-12-15","18.1","18.13","18.03","18.03","16580","2.9994","0","0.00111049416990561","134.270089908194","20.5433237559536","20.1251651415091","19.541793995472","19.4439634308371","0.0255972696245734","0.0285225328009122","0.0618374558303878","0","0","70.7802043159944","0.0958835720755056","9728.57425","1.70429258943056","True","True","True","True"
"2023-12-18","18.03","18.05","17.89","18.03","10699","1.925","0","0","134.270089908194","20.5433237559536","20.1508015688252","19.5642021319409","19.4610658550184","0.0232690124858115","0.025597269624573","0.0700296735905037","0","0","70.7802043159944","0.0958547758956364","9842.0335","1.08706102250109","True","True","True","True"
"2023-12-19","18.02","18.04","17.89","17.98","6790","1.2192","0","-0.00277315585135884","133.897738022702","20.4863539174734","20.1616258381364","19.5902183581802","19.477138910484","0.0186968838526913","0.010680157391793","0.0824804334738098","-0.00277315585135884","-0.00277315585135884","67.6892044027441","0.0880590174277774","8978.2155","0.756317444151346","True","True","True","True"
"2023-12-20","18.02","18.09","18","18.05","27500","4.9626","0","0.00389321468298109","134.41903066239","20.5661116913457","20.1832743767589","19.6168042828043","19.4935993040345","0.0151856017997749","0.0215053763440858","0.0840840840840829","0","0","69.6851785621088","0.0843968865578828","9983.2252","2.75461561259782","True","True","True","True"
"2023-12-21","17.88","17.96","17.84","17.95","6760","1.2102","0","-0.00554016620498621","133.674326891407","20.4521720143853","20.2015047250725","19.6384528214267","19.5085555802153","-0.00333148250971693","0.0181508791832101","0.067816775728732","-0.0055401662049861","-0.0055401662049861","63.6372670771041","0.0868822118240767","10023.0389","0.674400455534499","True","True","True","True"
"2023-12-22","18.03","18.06","17.98","18.04","15647","2.8201","0","0.00501392757660168","134.344560285292","20.5547177236497","20.2242926604646","19.6661781428204","19.521963050373","0.000554631170271769","0.0226757369614508","0.0880579010856435","-0.000554016620498698","-0.000554016620498698","66.4587141619122","0.0880724356022586","10554.0255","1.48257354504213","True","True","True","True"
"2023-12-25","18.06","18.17","18.06","18.14","20531","3.7238","0","0.00554323725055439","135.089264056275","20.66865740061","20.2630321506311","19.6952327604453","19.5342864109461","0.00610094287298946","0.0389461626575027","0.092113184828416","0","0","69.3082805961152","0.0783847369247868","11209.38545","1.8315806064105","True","True","True","True"
"2023-12-26","18.15","18.27","18.15","18.26","15454","2.8179","0","0.00661521499448736","135.982908581454","20.8053850129625","20.3000625456433","19.7246671769934","19.5484886617043","0.0155728587319246","0.0369108461101644","0.0927588270496702","0","0","72.3445842354886","0.076445460136442","11619.46885","1.33003015882262","True","True","True","True"
"2023-12-27","18.3","18.52","18.3","18.49","26793","4.9431","0","0.0125958378970425","137.695727254714","21.0674462699713","20.3473475115818","19.7520126994639","19.5675554199021","0.0243767313019392","0.0469988674971682","0.0844574780058642","0","0","77.0341961604329","0.0854741254197415","12458.00355","2.15068729852786","True","True","True","True"
"2023-12-28","18.54","18.59","18.45","18.46","9389","1.7376","0","-0.00162249864791764","137.47231612342","21.0332643668832","20.3912142872115","19.7806875181656","19.5871692589998","0.0284122562674094","0.0435274166195589","0.0890855457227138","-0.00162249864791775","-0.00162249864791775","75.2419612890125","0.0865962324553596","12661.9834","0.74147941151147","True","True","True","True"
"2023-12-29","18.46","18.54","18.44","18.52","12459","2.3046","0","0.00325027085590457","137.919138386009","21.1016281730594","20.4384992531501","19.8127805271761","19.6078149798671","0.0266075388026605","0.0469191633691348","0.100415923945335","0","0","76.423389703925","0.0862956188167963","12979.3044","0.959945896638344","True","True","True","True"
"2024-01-02","18.56","18.59","18.26","18.29","9445","1.7394","0","-0.0124190064794817","136.206319712749","20.8395669160506","20.476099346547","19.8367078593378","19.623318883264","0.00826901874310915","0.0374361883153715","0.0739870816206691","-0.0124190064794817","-0.0124190064794817","63.8461059849588","0.0991911119318166","13225.2481","0.7141909118514","True","True","True","True"
"2024-01-03","18.18","18.18","17.95","17.98","23383","4.2165","0","-0.0169491525423728","133.897738022702","20.4863539174734","20.5034448690175","19.8536089114202","19.6340306114674","-0.0153340635268349","0.0274285714285714","0.0520772381509644","-0.0291576673866091","-0.0291576673866091","51.5353589413768","0.115494443984808","14023.8109","1.66737922856618","False","True","True","True"
"2024-01-04","17.98","18.06","17.95","17.97","11838","2.1291","0","-0.000556173526140236","133.823267645604","20.4749599497774","20.5273722011792","19.8680412705019","19.6420591629858","-0.0281233098972419","0.0239316239316236","0.0441603718768149","-0.0296976241900648","-0.0296976241900648","51.1924499309985","0.115550586155969","14216.55215","0.832706332385943","False","True","True","True"
"2024-01-05","17.97","18.06","17.89","17.91","13745","2.4674","0","-0.00333889816360589","133.376445383014","20.4065961436012","20.5512995333408","19.8800049365827","19.6472995358729","-0.0297941495124594","0.0240137221269294","0.0364583333333326","-0.0329373650107992","-0.0329373650107992","49.0822016237215","0.115508487118908","14680.0777","0.936300289473263","False","True","True","True"
"2024-01-08","18","18.07","17.93","17.95","13369","2.405","0","0.00223338916806259","133.674326891407","20.4521720143853","20.5723783735785","19.8929180999716","19.6527348343293","-0.0307775377969761","0.0210466439135382","0.0393746381007529","-0.0307775377969762","-0.0307775377969762","50.5458076348714","0.114652560425879","14978.2959","0.892569828320724","False","True","True","True"
"2024-01-09","18.07","18.13","17.93","17.96","9409","1.6945","0","0.000557103064066977","133.748797268506","20.4635659820814","20.5917481186618","19.9086797552844","19.6578028991319","-0.0180426462547838","0.0192962542565267","0.0484530064214821","-0.0302375809935205","-0.0302375809935205","50.9255896109992","0.114574543728728","15193.28575","0.619295928137204","False","True","True","True"
"2024-01-10","17.97","17.97","17.84","17.9","10360","1.8556","0","-0.00334075723830751","133.301975005916","20.3952021759052","20.6059905782818","19.9238717122125","19.6643348724423","-0.00444938820912122","0.0141643059490089","0.0467836257309939","-0.0334773218142548","-0.0334773218142548","48.5180654940202","0.115547649826165","15322.50125","0.676129819209511","False","True","True","True"
"2024-01-11","17.9","18.02","17.9","18","14587","2.621","0","0.005586592178771","134.046678776899","20.5091418528655","20.6185239427475","19.9462798486813","19.671354159676","0.001669449081803","0.0123734533183351","0.070154577883472","-0.0280777537796976","-0.0280777537796976","52.5447899589422","0.114358939879131","15423.01395","0.945801387931702","False","True","True","True"
"2024-01-12","17.96","18.08","17.89","18.01","10750","1.9341","0","0.000555555555555642","134.121149153997","20.5205358205616","20.6185239427475","19.968308186227","19.6792078900559","0.00558347292015626","2.22044604925031E-16","0.0688427299703263","-0.0275377969762417","-0.0275377969762417","52.9411800337455","0.104743025845958","14274.4656","0.753071764732124","False","True","True","True"
"2024-01-15","18.07","18.17","18.03","18.1","20940","3.7908","0","0.00499722376457523","134.791382547882","20.6230815298259","20.6225118314411","19.9918557194655","19.6857901244436","0.00835654596100288","0.0038824181919026","0.0735468564650064","-0.0226781857451402","-0.0226781857451402","56.4656823949096","0.106178145654153","14492.45955","1.44490422262383","True","True","True","True"
"2024-01-16","18.01","18.03","17.91","17.94","32575","5.8525","0","-0.00883977900552491","133.599856514309","20.4407780466893","20.6173845459779","20.0167325489351","19.6899287963691","-0.00111358574610265","-0.0049916805324457","0.078773301262778","-0.0313174946004318","-0.0313174946004318","49.3844456709528","0.110945118033214","15586.277","2.08999493592986","False","True","True","True"
"2024-01-17","17.24","17.24","16.97","16.97","26699","4.5587","0.75","-0.0122630992196211","131.961508218147","20.1901107573765","20.602572387973","20.0366719924032","19.6926256309555","-0.0100558659217878","-0.0144605116796439","0.0629874025194954","-0.0431965442764579","-0.0431965442764579","41.6500341544687","0.118678304224093","16581.6998","1.61013872654961","False","True","True","True"
"2024-01-18","17","17.09","16.96","17.01","10664","1.8145","0","0.00235710076605788","132.272554790258","20.2377008829095","20.5861518475512","20.0566450067838","19.6956266132445","-0.0132351208014143","-0.0159685415194155","0.062942419244437","-0.0409412621180053","-0.0409412621180053","43.4605104560594","0.118012934489117","15739.91005","0.677523122185822","False","True","True","True"
"2024-01-19","17.4","17.59","17.35","17.57","23475","4.1001","0","0.0329218106995883","136.627206799814","20.9039626403715","20.6087413788505","20.0943688649447","19.7028856633685","0.018685029628992","0.0220901049369442","0.12142526794732","-0.00936731189966811","-0.00936731189966811","61.4802473912598","0.1664575538323","16575.69535","1.41624514111259","True","True","True","True"
"2024-01-22","17.74","17.9","17.73","17.82","15111","2.6915","0","0.0142287990893568","138.571247875509","21.2014009249528","20.6410755389157","20.1372399273102","19.7146569727566","0.0280423366551958","0.031461546200612","0.138077449141227","0","0","66.5982698921542","0.172405814794834","16548.8671","0.913086914571935","True","True","True","True"
"2024-01-23","17.83","17.88","17.78","17.86","8816","1.5714","0","0.00224466891133557","138.88229444762","21.2489910504858","20.6700922214095","20.1799546611267","19.7260853731087","0.0395392485525969","0.0280779558452915","0.137154519453268","0","0","67.3458567553632","0.171803156323896","15963.13205","0.552284600063808","True","True","True","True"
"2024-01-24","17.86","17.92","17.84","17.85","7138","1.2762","0","-0.000559910414333564","138.804532804592","21.2370935191026","20.6916776467165","20.2258892930622","19.741574277828","0.0518562168532706","0.0207498446133596","0.14913021964488","-0.000559910414333453","-0.000559910414333453","66.9424723185721","0.170821958214081","15547.33465","0.459133102920635","True","True","True","True"
"2024-01-25","17.96","18.04","17.96","18.02","22264","4.0088","0","0.00952380952380949","140.126480736064","21.4393515526178","20.7102729108488","20.2740554954534","19.7590259761908","0.0593768371546148","0.0176530784927942","0.155798858804161","0","0","70.2092752037204","0.168406622129072","15320.8586","1.45316588196957","True","True","True","True"
"2024-01-26","18","18.01","17.89","17.94","7110","1.2762","0","-0.00443951165371803","139.504387591842","21.3441713015518","20.7258182575822","20.312469683478","19.7727265321327","0.0210586226522482","0.0147816776913692","0.121057436875085","-0.00443951165371803","-0.00443951165371803","66.8607795098098","0.169267216990351","15206.92305","0.46754290638697","True","True","True","True"
"2024-01-29","17.96","18.06","17.92","18.06","14471","2.6088","0","0.00668896321070211","140.437527308175","21.4869416781508","20.7450839328368","20.3517441820864","19.7889109546901","0.0134680134680132","0.018259894541377","0.123178871167736","0","0","69.2312829279081","0.170367321753749","15307.50235","0.945354484952929","True","True","True","True"
"2024-01-30","18.05","18.17","18.05","18.15","15890","2.8791","0","0.00498338870431891","141.137382095425","21.5940194606001","20.7828065600643","20.3891952206319","19.8066347488397","0.0162374020156775","0.0362028898003843","0.116145515574147","0","0","70.9118664444848","0.163294441749104","15629.7328","1.01664956166109","True","True","True","True"
"2024-01-31","18.09","18.09","17.91","17.92","5128","0.921","0","-0.0126721763085398","139.348864305786","21.3203762387853","20.8245076761299","20.4218956393522","19.8253134665003","0.00392156862745097","0.0407111155392328","0.101352905085073","-0.0126721763085399","-0.0126721763085399","61.645265730793","0.157369217268706","14716.9716","0.348426778237447","True","True","True","True"
"2024-02-01","17.9","17.93","17.77","17.86","7623","1.358","0","-0.00334821428571441","138.88229444762","21.2489910504858","20.8632092311653","20.4507477124718","19.843119997561","-0.00887902330743628","0.037803790708602","0.0886943443685684","-0.0159779614325068","-0.0159779614325068","59.4622785831913","0.158290319229974","14506.19645","0.525479578763046","True","True","True","True"
"2024-02-02","17.97","18.01","17.94","18","6412","1.1534","0","0.0078387458006719","139.970957450009","21.4155564898513","20.9136572484778","20.4814263789395","19.8633313773959","0.00334448160535095","0.0494428536317411","0.0940350121387941","-0.00826446280991733","-0.00826446280991733","62.7747388083319","0.158352757593628","14139.57195","0.45351238514685","True","True","True","True"
"2024-02-05","18","18.11","17.98","18.11","15507","2.8023","0","0.00611111111111118","140.826335523314","21.5464293350671","20.9683701145119","20.5163751535717","19.8834316874742","0.00276854928017722","0.0535032328063776","0.107813885698563","-0.00220385674931123","-0.00220385674931123","65.1821103158181","0.158875652124403","14246.44545","1.08845712107086","True","True","True","True"
"2024-02-15","18.61","18.95","18.61","18.81","43568","8.1848","0","0.0386526780784098","146.269650535259","22.3792565318946","21.0641546420025","20.5612164927908","19.9092705473925","0.0363636363636366","0.0936146980194312","0.136650461598899","0","0","75.87444788835","0.203484456385891","15954.3867","2.73078281348164","True","True","True","True"
"2024-02-16","18.87","18.88","18.7","18.7","12975","2.4364","0","-0.00584795321637421","145.414272461953","22.2483836866789","21.1568137175412","20.6029271206149","19.9330693029594","0.0435267857142858","0.0908636008993857","0.126743130761627","-0.00584795321637399","-0.00584795321637399","72.1260827425995","0.204965047858325","16085.13195","0.80663963717127","True","True","True","True"
"2024-02-19","18.7","18.7","18.6","18.65","9362","1.7464","0","-0.00267379679144386","145.025464246815","22.1888960297626","21.2408014263861","20.6411775944896","19.9585561718604","0.044232922732363","0.0819027041183789","0.115363612493174","-0.00850611376927135","-0.00850611376927135","70.4230493028612","0.206442007157235","15823.8669","0.591625742251409","True","True","True","True"
"2024-02-20","18.65","18.85","18.63","18.83","14669","2.7573","0","0.00965147453083115","146.425173821315","22.4030515946611","21.3349272150911","20.6833771267025","19.9863024191229","0.0461111111111114","0.0917381393235011","0.127419947776162","0","0","72.9035032041556","0.206939968375398","16019.8472","0.915695562938952","True","True","True","True"
"2024-02-21","18.76","18.76","18.66","18.71","10184","1.9055","0","-0.00637280934678686","145.492034104981","22.2602812180621","21.4167871995029","20.7214880574843","20.0116245667466","0.0331308669243515","0.0793867631211407","0.114483765686973","-0.00637280934678675","-0.00637280934678675","68.7632438856539","0.210467047381974","15482.01475","0.657767555737537","True","True","True","True"
"2024-02-22","18.85","18.97","18.82","18.97","21580","4.0838","0","0.0138963121325493","147.513836823704","22.5696170340266","21.5232291488697","20.7638050878909","20.0381002668747","0.00850611376927191","0.104146671055026","0.126757183090282","0","0","72.418173018613","0.207655207567168","14932.2442","1.44518323642202","True","True","True","True"
"2024-02-23","19.06","19.24","19.06","19.15","33408","6.4016","0","0.00948866631523448","148.913546398204","22.7837725989252","21.6529122409472","20.8057034890189","20.0634171550555","0.0240641711229947","0.128461991750147","0.124021725340787","0","0","74.6312472909843","0.197724430548098","15267.7168","2.18816535816279","True","True","True","True"
"2024-02-26","19.15","19.28","19.03","19.26","17741","3.4049","0","0.00574412532637081","149.768924471509","22.9146454441409","21.7867594690087","20.8520618977729","20.0940973881658","0.0327077747989277","0.132275132275132","0.138155518627198","0","0","75.9036625246756","0.197231313390269","15621.5427","1.13565422703098","True","True","True","True"
"2024-02-27","19.23","19.35","19.01","19.16","13893","2.6651","0","-0.00519210799584635","148.991308041231","22.7956701303084","21.8813448435056","20.8971969824762","20.1234063614042","0.0175252257036644","0.0904951622083092","0.134815000011698","-0.00519210799584635","-0.00519210799584635","72.350903884662","0.174044974508565","15142.43205","0.917490331416082","True","True","True","True"
"2024-02-29","19.09","19.21","19.04","19.17","13725","2.625","0","0.000521920668058451","149.069069684259","22.8075676616917","21.9616531803425","20.9423404599076","20.1521498326219","0.0245857830037408","0.0757575757575757","0.134763628492056","-0.00467289719626185","-0.00467289719626185","72.4895746653555","0.170541089255447","15073.1411","0.910542461517859","True","True","True","True"
"2024-03-01","19.2","19.27","19.09","19.09","13135","2.5179","0","-0.00417318727177896","148.446976540037","22.7123874106256","22.0348229983495","20.98931579013","20.1791506377728","0.00632577754348929","0.0688689809630456","0.141677821045292","-0.00882658359293897","-0.00882658359293897","69.4870766181093","0.172780320761572","15289.07375","0.859100113896697","True","True","True","True"
"2024-03-04","19.34","19.64","19.32","19.59","27920","5.4476","0","0.0261917234154008","152.335058691426","23.3072639797882","22.1383315213838","21.0433572379145","20.2112986471282","0.022976501305483","0.0974789915966383","0.161600941234105","0","0","76.1391591260785","0.189911873873255","16328.1525","1.70992223400657","True","True","True","True"
"2024-03-05","19.67","19.83","19.6","19.78","19373","3.8253","0","0.00969882593159777","153.812529908954","23.5333170760699","22.2430297975564","21.1002167399957","20.2459001306708","0.0269989615784008","0.097669256381798","0.169546418267931","0","0","78.0935610204712","0.189971491203601","16183.6048","1.19706303011057","True","True","True","True"
"2024-03-06","19.58","19.99","19.57","19.99","19231","3.8153","0","0.0106167846309402","155.445524412537","23.7831652351182","22.3649794942347","21.1606706796762","20.2815392351667","0.0433194154488514","0.114269788182831","0.179958780716678","0","0","80.0395845372406","0.187830601351814","16789.6454","1.14539053933801","True","True","True","True"
"2024-03-07","20.1","20.41","20.1","20.3","25811","5.2401","0","0.0155077538769386","157.856135346399","24.151988707999","22.4982318457271","21.227271677238","20.31987206968","0.0589462702138759","0.124031007751938","0.198257291072964","0","0","82.5096171947643","0.191156144104205","17356.6579","1.48711037278669","True","True","True","True"
"2024-03-08","20.6","20.78","20.24","20.42","36729","7.5618","0","0.00591133004926103","158.789275062732","24.294759084598","22.633268826927","21.2973915778461","20.3592047578701","0.0696699842849657","0.125068870523416","0.209442708780735","0","0","83.3676257212449","0.19112349837876","18398.58795","1.99627069750209","True","True","True","True"
"2024-03-11","20.33","20.48","20.25","20.36","15830","3.2235","0","-0.00293829578844285","158.322705204565","24.2233738962985","22.7784187098027","21.3687904183167","20.3992718657222","0.0393057682491065","0.136160714285714","0.214847040996717","-0.00293829578844285","-0.00293829578844285","81.2221603305619","0.18140172398425","18933.714","0.836091006761801","True","True","True","True"
"2024-03-12","20.3","20.7","20.29","20.7","15699","3.2266","0","0.0166994106090372","160.96660106751","24.627889963329","22.9473636554449","21.4459816959298","20.4440392370307","0.0465116279069764","0.159014557670772","0.231615369505764","0","0","83.7709273279057","0.180976373960914","19337.5123","0.811825003984613","True","True","True","True"
"2024-03-13","20.82","20.94","20.58","20.68","14778","3.0666","0","-0.000966183574879209","160.811077781454","24.6040949005625","23.1067905759804","21.523915785933","20.4905073107656","0.0345172586293145","0.148888888888889","0.234646416354424","-0.000966183574879098","-0.000966183574879098","83.0567676988479","0.183418577164799","19755.7814","0.748026752310592","True","True","True","True"
"2024-03-14","20.68","20.68","20.34","20.43","14331","2.931","0","-0.0120889748549323","158.86703670576","24.3066566159812","23.2448019400261","21.5951834760388","20.5326926872437","0.00640394088669916","0.128106018774158","0.213476502400341","-0.0130434782608696","-0.0130434782608696","74.5063036095752","0.195596311122092","19696.9993","0.727572904975429","True","True","True","True"
"2024-03-15","20.36","20.56","20.36","20.42","19863","4.0677","0","-0.0004894762604013","158.789275062732","24.294759084598","23.3405770676613","21.6654932761085","20.5750637668194","-2.22044604925031E-16","0.0855927698032959","0.210129112134185","-0.013526570048309","-0.013526570048309","74.1773530208523","0.154208107410375","18511.7484","1.07299140906647","True","True","True","True"
"2024-03-18","20.46","20.79","20.46","20.79","18378","3.7923","0","0.0181194906953965","161.66645585476","24.7349677457783","23.4649062706163","21.7425701888131","20.6184446594425","0.0211198428290766","0.111764705882352","0.229961889086056","0","0","78.0405398887023","0.157021613636549","18781.92045","0.978512609981798","True","True","True","True"
"2024-03-19","20.65","20.84","20.57","20.83","16541","3.432","0","0.00192400192400188","161.977502426871","24.7825578713113","23.5945893626937","21.8179715772757","20.6608928402138","0.00628019323671491","0.116890080428954","0.223318063438886","0","0","78.4164727826873","0.154734002407631","19140.9037","0.86419493349209","True","True","True","True"
"2024-03-20","20.83","21.01","20.65","20.68","16107","3.358","0","-0.00720115218434947","160.811077781454","24.6040949005625","23.7046415279888","21.8860308952758","20.7039427236399","-1.11022302462516E-16","0.0982474774296334","0.198998657525757","-0.00720115218434925","-0.00720115218434925","73.3456439998994","0.1603259696532","19212.76505","0.838324413903141","True","True","True","True"
"2024-03-21","20.91","21.2","20.91","21.2","27229","5.7451","0","0.0251450676982592","164.854683218899","25.2227665324915","23.8527657937102","21.9640216082181","20.752907801845","0.0376896720509052","0.133083912346337","0.227784112840152","0","0","78.5290927316178","0.170076332060816","20065.05205","1.35705140121976","True","True","True","True"
"2024-03-22","21.22","21.35","21.11","21.34","19092","4.058","0","0.0066037735849056","165.943346221288","25.3893319718571","23.9937515406018","22.0447884118164","20.8044952718787","0.0450538687561213","0.124934106483921","0.235892121132493","0","0","79.6751025835928","0.16772180068808","19940.68385","0.957462900651724","True","True","True","True"
"2024-03-25","21.34","21.35","21.18","21.24","7893","1.679","0","-0.00468603561387071","165.16572979101","25.2703566580245","24.1180807435567","22.1245217908256","20.8573700745029","0.0216450216450215","0.109138381201044","0.233521433819939","-0.00468603561387082","-0.00468603561387082","76.5328402914555","0.171271701631619","18664.8998","0.422858310763608","True","True","True","True"
"2024-03-26","21.28","21.44","20.85","21.06","14530","3.0726","0","-0.00847457627118642","163.76602021651","25.056201093126","24.225158526006","22.1993566141886","20.9080804484965","0.0110417666826694","0.093457943925233","0.218324662880722","-0.0131208997188381","-0.0131208997188381","71.09744673119","0.178028148279481","18504.3638","0.785217538794822","True","True","True","True"
"2024-03-27","21.05","21.27","21.05","21.25","13323","2.8208","0","0.00902184235517578","165.243491434038","25.2822541894078","24.3494877289609","22.2798579837723","20.9591554025995","0.0275628626692457","0.109081419624216","0.236164754121233","-0.00421743205248371","-0.00421743205248371","73.2565176184356","0.17484726925529","18475.86715","0.721108345921398","True","True","True","True"
"2024-03-28","21.25","21.45","21.03","21.45","18959","4.043","0","0.00941176470588223","166.798724294593","25.5202048170728","24.48511958673","22.3626161019961","21.0143971224082","0.0117924528301887","0.118935837245696","0.241574083389625","0","0","75.3444058299612","0.174508010483829","18737.5981","1.01183480928647","True","True","True","True"
"2024-03-29","21.45","21.52","21.4","21.46","15242","3.2725","0","0.000466200466200606","166.876485937621","25.5321023484561","24.6261053336215","22.4436735177935","21.0694531391194","0.00562324273664494","0.124148768988999","0.235305315366178","0","0","75.4476195845158","0.171785380376338","18842.95955","0.808900213342548","True","True","True","True"
"2024-04-01","21.5","21.65","21.33","21.33","13400","2.8804","0","-0.00605778191985096","165.86558457826","25.3774344404738","24.7296138566558","22.5198743415853","21.1222707592894","0.00423728813559343","0.0888208269525261","0.219753175664031","-0.00605778191985096","-0.00605778191985096","71.2706541252611","0.158984517149519","18116.95625","0.739627827936053","True","True","True","True"
"2024-04-02","21.51","21.73","21.5","21.71","18270","3.9526","0","0.0178152836380685","168.820527013316","25.8295406330373","24.8444250345042","22.5992425809698","21.1756276402168","0.0308641975308641","0.0975733063700703","0.226040418095369","0","0","75.5344403674584","0.165124444841129","18061.79715","1.01150582349442","True","True","True","True"
"2024-04-03","21.6","21.67","21.46","21.66","8176","1.7633","0","-0.00230308613542152","168.431718798177","25.7700529761211","24.9437694215543","22.6781890577904","21.229438287978","0.0192941176470587","0.083541770885442","0.225204634269512","-0.0023030861354213","-0.0023030861354213","73.9786636807269","0.165370380622253","17509.0604","0.466956296524056","True","True","True","True"
"2024-04-08","21.75","21.76","21.57","21.68","7273","1.5779","0","0.000923361034164349","168.587242084233","25.7938480388876","25.0258623880987","22.7563927222209","21.2845866246985","0.0107226107226108","0.0679802955665019","0.222362929881343","-0.00138185168125271","-0.00138185168125271","74.2075080451628","0.160009084744874","16582.14155","0.438597691261416","True","True","True","True"
"2024-04-09","21.78","21.99","21.77","21.98","12058","2.64","0","0.0138376383763839","170.920091375066","26.1507739803851","25.1186631328881","22.8449128399598","21.3408103496488","0.0242311276794034","0.0763956904995098","0.254861681422173","0","0","77.4159125356816","0.164118183781678","15348.6","0.785591584900251","True","True","True","True"
"2024-04-10","21.98","22.06","21.9","21.94","13710","3.0157","0","-0.00181983621474069","170.609044802955","26.1031838548521","25.2126536308158","22.9385266722494","21.3960677918348","0.0285982184716362","0.0776031434184679","0.27417421177069","-0.00181983621474069","-0.00181983621474069","76.0574090455768","0.163561793953506","15242.5774","0.899444735639","True","True","True","True"
"2024-04-11","21.88","21.9","21.69","21.79","7119","1.5514","0","-0.00683682771194172","169.442620157538","25.9247208841033","25.2774951768545","23.0293560211549","21.4486986458284","0.00368493781667434","0.0526570048309178","0.26616711083653","-0.00864422202001836","-0.00864422202001836","71.0241149954122","0.160234450622642","14813.58745","0.480564010846677","True","True","True","True"
"2024-04-12","21.83","21.9","21.73","21.79","13277","2.8969","0","0","169.442620157538","25.9247208841033","25.3435264760315","23.1213247668299","21.5006648517063","0.00600184672206838","0.0536750483558992","0.27040887670198","-0.00864422202001836","-0.00864422202001836","71.0241149954122","0.159984377954294","14738.5202","0.900803324881965","True","True","True","True"
"2024-04-15","21.57","21.58","21.24","21.29","15816","3.3758","0","-0.0229463056447912","165.554538006149","25.3298443149408","25.3946858609795","23.2026193051725","21.547768702572","-0.0179889298892989","0.0420949583945176","0.238491652481931","-0.0313921747042766","-0.0313921747042766","56.5553202891196","0.177001926024125","14812.75285","1.06770538603836","False","True","True","True"
"2024-04-16","21.02","21.02","20.46","20.65","22484","4.65","0","-0.0300610615312353","160.577792852371","24.5684023064128","25.4083680220702","23.2710332439114","21.5898564995979","-0.0605095541401275","0.0112634671890302","0.200592424992092","-0.0605095541401274","-0.0605095541401274","44.1557097026731","0.210706298325896","14943.79505","1.50455696995122","False","True","True","True"
"2024-04-17","20.68","20.91","20.66","20.86","12340","2.5688","0","0.0101694915254238","162.210787355954","24.818250465461","25.4125321580544","23.344750715404","21.6343112138082","-0.0492251595259799","0.00336700336700324","0.216867097046052","-0.0509554140127388","-0.0509554140127388","48.1711241164898","0.203735636020856","14641.8773","0.842787488732746","False","True","True","True"
"2024-04-18","20.7","21.01","20.62","21","6759","1.41","0","0.00671140939597326","163.299450358343","24.9848159048265","25.4226450597302","23.4193452829366","21.682812565809","-0.03625516291877","0.00816130580893026","0.21822824592418","-0.0445859872611464","-0.0445859872611464","50.7153557491905","0.204963437715572","14152.7758","0.477605389608447","False","True","True","True"
"2024-04-19","20.54","20.54","19.77","20.01","30526","6.147","0","-0.047142857142857","155.601047698593","23.8069602978847","25.3827883295963","23.4741190242254","21.7212136052262","-0.0816888480954564","-0.0323984526112183","0.160152956338994","-0.0896269335759781","-0.0896269335759781","36.9152476811832","0.265058171407855","14873.74265","2.05233260506897","False","True","True","True"
"2024-04-22","19.83","20.04","19.68","19.71","16860","3.3442","0","-0.014992503748126","153.268198407759","23.4500343563872","25.294151720791","23.5212349046681","21.7565453120668","-0.074213245655237","-0.0702830188679242","0.137077129936808","-0.103275705186533","-0.103275705186533","33.9045207684589","0.249346834639408","14355.2996","1.17451021363567","False","True","True","True"
"2024-04-23","19.95","20.05","19.83","19.95","7842","1.5647","0","0.0121765601217656","155.134477840426","23.7355751095852","25.2114638776775","23.5761481890497","21.7964403689924","-0.0338983050847455","-0.0651358950328018","0.161187458489603","-0.092356687898089","-0.092356687898089","38.2438300204317","0.253103547777048","13792.79375","0.568582996465092","False","True","True","True"
"2024-04-24","20.27","20.79","20.26","20.77","17504","3.6079","0","0.0411027568922306","161.510932568704","24.7111726830118","25.1835046789268","23.6514992211436","21.8440856067734","-0.00431447746883984","-0.022128060263653","0.223924572775485","-0.0550500454959052","-0.0550500454959052","50.2594620181195","0.297861712570653","14273.37695","1.22635813944506","False","True","True","True"
"2024-04-25","20.43","20.58","20.34","20.37","9446","1.9306","0","-0.0192585459797785","158.400466847593","24.2352714276817","25.1424581956546","23.7181253968898","21.8873852018368","-0.0299999999999998","-0.0327635327635325","0.197530864197531","-0.0732484076433118","-0.0732484076433118","45.5987718523539","0.303873983690252","14019.18195","0.673794735933219","False","True","True","True"
"2024-04-26","20.7","20.86","20.65","20.72","16636","3.4549","0","0.0171821305841924","161.122124353565","24.6516850260955","25.110929737489","23.7805874366518","21.9374781507983","0.0354822588705648","-0.0249411764705881","0.179282868525896","-0.057324840764331","-0.057324840764331","49.9704828579775","0.308955765123601","14184.81555","1.17278747413815","False","True","True","True"
"2024-04-29","20.89","21.18","20.89","21.04","14761","3.106","0","0.0154440154440154","163.610496930454","25.0324060303595","25.0865397981533","23.8444375217419","21.9908387245261","0.067478437341451","-0.0191142191142191","0.180695847362513","-0.0427661510464056","-0.0427661510464056","53.6387777023445","0.312395830199405","13974.9197","1.0562806310794","False","True","True","True"
"2024-04-30","21.04","21.17","21.01","21.01","4685","0.9891","0","-0.00142585551330787","163.377212001371","24.9967134362098","25.059770352541","23.906899561504","22.0434271113153","0.0531328320802005","-0.0209692451071763","0.176371780515117","-0.0441310282074611","-0.0441310282074611","53.2446203620725","0.312367956844042","13447.04395","0.348370914635108","False","True","True","True"
"2024-05-02","20.8","20.86","20.67","20.82","8213","1.708","0","-0.00904331270823422","161.899740783843","24.770660339928","25.0294316475137","23.9657923418511","22.0958408174566","0.0024073182474722","-0.0239099859353018","0.166386554621849","-0.0527752502274792","-0.0527752502274792","50.7033858934792","0.313203722116035","13187.70365","0.622777036698121","False","True","True","True"
"2024-05-03","21.18","21.22","20.9","20.94","5676","1.1976","0","0.00576368876080702","162.832880500177","24.913430716527","24.9836261516882","24.0236936612496","22.1488745783515","0.0279823269513995","-0.0354675264854902","0.162042175360711","-0.0473157415832571","-0.0473157415832571","52.2533589734727","0.30643789118782","12558.0244","0.451984151265067","False","True","True","True"
"2024-05-06","21.3","21.42","21.24","21.36","12958","2.7664","0","0.0200573065902578","166.098869507344","25.4131270346236","24.9657798546133","24.0915095901341","22.201989636806","0.030888030888031","-0.0138504155124651","0.190635451505017","-0.02820746132848","-0.02820746132848","57.312330524431","0.315915159218934","12797.14325","1.01259654181022","True","True","True","True"
"2024-05-07","21.5","21.53","21.31","21.47","6824","1.4616","0","0.00514981273408233","166.954247580649","25.5439998798393","24.9532874466609","24.1591272268289","22.2554357044576","0.0204372623574145","-0.00968634686346825","0.188815060908085","-0.0232029117379432","-0.0232029117379432","58.5510169284073","0.316524764103721","12774.713","0.534202529638043","True","True","True","True"
"2024-05-08","21.47","21.67","21.43","21.65","12257","2.6465","0","0.00838379133674905","168.353957155149","25.7581554447378","24.9336565198786","24.2285294932312","22.3088623569315","0.0304616849119466","-0.0150136487716102","0.192837465564738","-0.0132178669097535","-0.0150136487716102","60.5674256166046","0.313875608000587","12784.6745","0.958722961620962","True","True","True","True"
"2024-05-09","21.66","21.79","21.62","21.7","13278","2.8819","0","0.00230946882217098","168.742765370288","25.8176431016541","24.9193794822187","24.3034839409457","22.362689790149","0.0422670509125842","-0.0109389243391061","0.210937500000001","-0.00413033501606186","-0.0127388535031843","61.1330489747453","0.313999625638015","12763.06225","1.0403154619104","True","True","True","True"
"2024-05-10","21.72","21.8","21.5","21.66","5759","1.2448","0","-0.00184331797235016","168.431718798177","25.7700529761211","24.9116460868195","24.3788349730396","22.4147913427557","0.0343839541547282","-0.00596603946764529","0.212765957446808","-0.00596603946764485","-0.0145586897179246","60.3867912692617","0.313133210113188","12695.088","0.453670900115068","True","True","True","True"
"2024-05-13","21.82","21.89","21.71","21.78","8810","1.9202","0","0.0055401662049861","169.36485851451","25.9128233527201","24.9110512102504","24.4537894207541","22.4676078998468","0.0196629213483148","-0.000458926112895441","0.210000000000001","0","-0.00909918107370278","61.8897947881352","0.313776633286338","12471.74145","0.706363023585612","True","True","True","True"
"2024-05-14","21.78","22.02","21.74","22.01","9473","2.0762","0","0.0105601469237833","171.153376304149","26.1864665745349","24.9538823232301","24.5311233747452","22.5237492641585","0.0251513740102469","0.0338186942226402","0.215350635008283","0","0","64.6576695256467","0.303415904115479","12154.6145","0.779384405815586","True","True","True","True"
"2024-05-15","22.06","22.32","22.05","22.15","12522","2.7807","0","0.00636074511585627","172.242039306538","26.3530320139004","25.0431138086045","24.597352966112","22.5792847294514","0.0230946882217089","0.0726392251815988","0.177565124933546","0","0","66.2638189496535","0.279205565583923","11656.5133","1.07422920368478","True","True","True","True"
"2024-05-16","22.5","22.63","22.28","22.31","17236","3.8707","0","0.00722347629796838","173.486225594983","26.5433925160324","25.129370911133","24.6689364466012","22.635931783608","0.0281105990783408","0.0695110258868645","0.193048128342246","0","0","68.0508289684674","0.278489544619207","11901.29055","1.44820731227337","True","True","True","True"
"2024-05-17","22.3","22.35","22.2","22.25","7792","1.7357","0","-0.00268937696100402","173.019655736816","26.4720073277329","25.2037304822783","24.7403216349007","22.6907496146952","0.0272391505078484","0.0595238095238095","0.193029490616622","-0.00268937696100402","-0.00268937696100402","66.6255887164615","0.279056187202702","11952.91595","0.651886956504534","True","True","True","True"
"2024-05-20","22.25","22.33","22.04","22.2","7883","1.7488","0","-0.00224719101123594","172.630847521677","26.4125196708166","25.3340084509249","24.8071461028367","22.7452616147696","0.0192837465564737","0.109445277361319","0.178969729155602","-0.00493052442850739","-0.00493052442850739","65.3964184095206","0.208571590625358","10820.7868","0.728531496434252","True","True","True","True"
"2024-05-21","22.2","22.29","22.08","22.19","6899","1.5305","0","-0.000450450450450335","172.55308587865","26.4006221394334","25.4815378400773","24.8761517848595","22.7988199211719","0.008178100863244","0.125824454591578","0.185996793158738","-0.00537875392200804","-0.00537875392200804","65.1375867810789","0.195815264893385","10322.73795","0.668375874057716","True","True","True","True"
"2024-05-22","22.22","22.61","22.22","22.6","13133","2.9549","0","0.0184767913474537","175.741313242789","26.8884209261467","25.6391801309053","24.9481318497282","22.8559684688095","0.020316027088036","0.132832080200502","0.191354770690564","0","0","70.3236967477003","0.199683533995426","10587.26285","1.24043826870701","True","True","True","True"
"2024-05-23","22.8","22.9","22.62","22.86","13904","3.1735","0","0.011504424778761","177.763115961511","27.1977567421112","25.7635093338603","25.0216982521146","22.9137008705667","0.0246526221425369","0.100625902744343","0.19373368146214","0","0","73.060525189975","0.153656890882166","10407.27145","1.33603164545112","True","True","True","True"
"2024-05-24","22.75","22.86","22.63","22.84","5161","1.1764","0","-0.000874890638670189","177.607592675455","27.1739616793447","25.9104438464434","25.0926868560347","22.9723743769038","0.0265168539325842","0.12125675012273","0.185877466251298","-0.000874890638670189","-0.000874890638670189","72.5065929994767","0.12693393399664","10193.0086","0.506307234941409","True","True","True","True"
"2024-05-27","22.98","23.51","22.98","23.45","15358","3.5892","0","0.026707530647986","182.35105290015","27.899711093723","26.0728451498248","25.1777542054249","23.0374755939506","0.0563063063063063","0.131756756756757","0.223903966597077","0","0","77.9882606228192","0.141912795077729","10129.1392","1.51625776847849","True","True","True","True"
"2024-05-28","23.5","23.56","23.4","23.54","6449","1.5141","0","0.00383795309168433","183.0509076874","28.0067888761722","26.2215642921154","25.2644078923329","23.1033741761203","0.0608382154123479","0.118821292775666","0.227960354720918","0","0","78.6641738711629","0.137856855198662","9713.5056","0.663896770698315","True","True","True","True"
"2024-05-29","23.54","23.54","23.3","23.32","7175","1.677","0","-0.00934579439252337","181.340151540789","27.7450431857407","26.358980779592","25.3482854885848","23.1688006393574","0.0318584070796459","0.109947643979057","0.22158198009429","-0.00934579439252337","-0.00934579439252337","72.7809024090702","0.145892280948735","9838.01945","0.72929678950777","True","True","True","True"
"2024-05-30","23","23.04","22.84","22.87","13407","3.0752","0","-0.0192967409948541","177.840877604539","27.2096542734944","26.4809304762703","25.4133253268133","23.2283412823639","0.000437445319335206","0.0984630163304514","0.16743236345074","-0.0284621920135938","-0.0284621920135938","62.486469945974","0.16279431207065","10097.72675","1.32773893886562","True","True","True","True"
"2024-05-31","22.88","23.05","22.55","22.55","12761","2.8997","0","-0.0139921294271972","175.35250502765","26.8289332692304","26.5767056039055","25.468252263366","23.2842345016808","-0.0126970227670752","0.0768863419293224","0.140040444893832","-0.0420560747663551","-0.0420560747663551","56.3794675467712","0.175760606775004","10451.9981","1.22095841177009","True","True","True","True"
"2024-06-03","22.8","23.06","22.7","22.99","8857","2.0311","0","0.019512195121951","178.774017320872","27.3524246500934","26.673670484679","25.5277399202822","23.3442052999792","-0.0196162046908317","0.0763108614232209","0.150075037518759","-0.0233644859813085","-0.0233644859813085","61.8941569337305","0.175099980915446","10246.9295","0.864353658332479","True","True","True","True"
"2024-06-04","22.95","22.98","22.48","22.56","18702","4.2347","0","-0.0187037842540235","175.430266670677","26.8408308006136","26.7385120307177","25.5725539551591","23.3999128161986","-0.0416312659303315","0.050768514205868","0.111330049261083","-0.0416312659303316","-0.0416312659303316","54.625916394772","0.192192909540298","10840.80425","1.72512837320165","True","True","True","True"
"2024-06-05","22.61","22.79","22.42","22.72","11693","2.6477","0","0.00709219858156018","176.674452959122","27.0311913027457","26.8021638236181","25.6181611587949","23.4577763683205","-0.0257289879931393","0.0494226327944565","0.112634671890303","-0.0348343245539512","-0.0348343245539512","56.665087974101","0.191726928316043","10812.59325","1.08140024595857","True","True","True","True"
"2024-06-06","23.33","23.44","23.18","23.35","18279","4.2661","0","0.0277288732394367","181.573436469872","27.7807357798905","26.9003184575299","25.6774505235214","23.5231204709191","0.0209881941407957","0.0760368663594464","0.146856581532417","-0.00807136788445217","-0.00807136788445217","63.6014967379011","0.211619764745436","11062.6729","1.6523315988128","True","True","True","True"
"2024-06-07","23.3","23.3","23.1","23.16","8714","2.0191","0","-0.00813704496788015","180.095965252344","27.5546826836087","26.9895499429043","25.7262304021928","23.5861060490613","0.0270509977827049","0.0692520775623264","0.118840579710145","-0.0161427357689043","-0.0161427357689043","60.4584454350862","0.214980617922965","11210.3824","0.777277856284367","True","True","True","True"
"2024-06-11","23.28","23.35","23.16","23.22","12110","2.8132","0","0.00259067357512954","180.562535110511","27.6260678719082","27.0752121688637","25.7765966183819","23.6502562021574","0.0100043497172684","0.066115702479338","0.122823984526112","-0.0135938827527615","-0.0135938827527615","61.1120003289712","0.21485342065951","11375.3997","1.06457120799017","True","True","True","True"
"2024-06-12","23.25","23.7","23.25","23.7","14527","3.4196","0","0.020671834625323","184.295093975845","28.1971493783042","27.1757463090522","25.8414381644206","23.7183108202297","0.0505319148936167","0.0767832803271231","0.160058737151248","0","0","65.9593157736526","0.222260125543697","11628.10125","1.24931385508877","True","True","True","True"
"2024-06-13","24","24.35","23.98","24.2","19085","4.611","0","0.0210970464135021","188.183176127234","28.7920259474668","27.2976960057305","25.9163926121351","23.7909429441218","0.0651408450704225","0.0925507900677198","0.18511263467189","0","0","70.1352868037916","0.230515414521701","11956.2703","1.59624594636339","True","True","True","True"
"2024-06-14","24.2","24.43","24.1","24.43","10224","2.483","0","0.00950413223140489","189.971693916873","29.0656691692815","27.4238098383929","25.9885709691935","23.8655705790033","0.0462526766595286","0.0950246526221419","0.175084175084175","0","0","71.8462399479918","0.231009789330399","11605.71745","0.880986379691675","True","True","True","True"
"2024-06-17","24.43","24.54","24.33","24.45","9414","2.299","0","0.000818665575112565","190.127217202928","29.089464232048","27.5546826836087","26.0603527418724","23.9391621595741","0.0556994818652849","0.0988764044943822","0.173787806048968","0","0","71.9964777670196","0.229864477298141","11686.83745","0.805551548079417","True","True","True","True"
"2024-06-18","24.7","24.81","24.63","24.79","10001","2.4754","0","0.0139059304703477","192.771113065873","29.4939802990786","27.7087557150218","26.1418508318477","24.0139408635617","0.0676141257536604","0.116666666666666","0.198742746615087","0","0","74.4888165524927","0.230423787782218","11792.7123","0.848047569175414","True","True","True","True"
"2024-06-19","24.97","25.68","24.96","25.62","27304","6.949","0","0.0334812424364663","199.225329437179","30.4814754038884","27.9127983782445","26.2294959797043","24.0967587939612","0.0810126582278481","0.154574132492113","0.208490566037737","0","0","79.326092328858","0.249253309923131","12812.9468","2.13098200017501","True","True","True","True"
"2024-06-20","25.64","26.03","25.6","26.03","22247","5.7467","0","0.0160031225604995","202.413556801318","30.9692741906016","28.1168410414673","26.3224950166834","24.1836417142499","0.0756198347107437","0.151769911504424","0.219775070290534","0","0","81.2203861690709","0.247937131675434","13268.6393","1.67663733236007","True","True","True","True"
"2024-06-21","25.74","25.99","25.59","25.83","24289","6.2644","0","-0.00768344218209771","200.858323940762","30.7313235629366","28.2935193825086","26.4135111317652","24.2690164612954","0.0573065902578793","0.129921259842519","0.216101694915254","-0.00768344218209782","-0.00768344218209782","77.4904304967806","0.252831206850806","13787.86865","1.76162332384853","True","True","True","True"
"2024-06-24","25.63","25.68","25.16","25.21","30167","7.6333","0","-0.0240030971738288","196.03710207304","29.9936766171751","28.4345051294001","26.4958023904994","24.347579502344","0.0310838445807771","0.103765323992994","0.197056030389364","-0.0315021129466002","-0.0315021129466002","67.1892953666319","0.273920006934451","15038.1989","2.0060513363738","True","True","True","True"
"2024-06-25","24.96","25.2","24.64","25.18","25965","6.4718","0","-0.0011900039666799","195.803817143956","29.9579840230253","28.5374187758652","26.5737312210597","24.426794602416","0.0157321500605083","0.0737739872068224","0.184941176470587","-0.0326546292739148","-0.0326546292739148","66.7270704873145","0.262374979838545","15568.54155","1.66780163168206","True","True","True","True"
"2024-06-26","25.38","25.54","25.26","25.36","31473","7.9978","0","0.00714853057982534","197.203526718456","30.1721395879238","28.6456863114528","26.6512634672405","24.5069397846183","-0.0101483216237316","0.0773152081563295","0.182284382284382","-0.0257395313100269","-0.0257395313100269","68.1431635987747","0.262661978067084","16819.7297","1.87116728754565","True","True","True","True"
"2024-06-27","25.1","25.34","25.09","25.3","18334","4.628","0","-0.00236593059936907","196.73695686029","30.1007543996243","28.763471872147","26.7274076680933","24.5855405929434","-0.028044563964656","0.0849056603773584","0.178937558247902","-0.0280445639646562","-0.0280445639646562","67.1177441503756","0.259152641777514","17377.66355","1.05500448591664","True","True","True","True"
"2024-06-28","25.36","25.65","25.32","25.56","10020","2.5563","0","0.0102766798418972","198.758759579012","30.4100902155889","28.9234936692517","26.8112852643452","24.6655798029653","-0.0104529616724737","0.117621337997376","0.198312236286921","-0.0180560891279292","-0.0180560891279292","69.2753540496114","0.244418005247594","17208.2848","0.582252683312168","True","True","True","True"
"2024-07-01","25.58","25.79","25.55","25.58","12146","3.117","0","0.000782472613458429","198.914282865068","30.4338852783554","29.1037412697079","26.8880243417672","24.7436334613685","0.0146767155890519","0.134368070953437","0.178258866881621","-0.0172877449097195","-0.0172877449097195","69.4414600241801","0.234046432422867","17177.504","0.707078222773227","True","True","True","True"
"2024-07-02","25.55","25.58","25.21","25.34","14864","3.7731","0","-0.00938232994526966","197.048003432401","30.1483445251573","29.2435372634611","26.9609958675845","24.8195924626875","0.00635424940428919","0.102218355806872","0.169898430286242","-0.0265078755282367","-0.0265078755282367","64.9067047269871","0.235090773375744","17477.8781","0.850472403741047","True","True","True","True"
"2024-07-03","25.57","25.66","25.45","25.5","11679","2.9826","0","0.0063141278610892","198.292189720845","30.3387050272894","29.4184309747949","27.0367434840578","24.8965681031394","0.00552050473186116","0.13031914893617","0.17619926199262","-0.0203611217825588","-0.0203611217825588","66.4783475606227","0.217796767261167","17126.7614","0.681941245470962","True","True","True","True"
"2024-07-04","25.92","26.16","25.92","26.1","24192","6.3059","0","0.023529411764706","202.957888302512","31.0525569102844","29.6194992551718","27.1184398662228","24.9816763530913","0.0316205533596838","0.148767605633803","0.187443130118289","0","0","71.6125404964789","0.226306184495508","17751.73515","1.36280852522746","True","True","True","True"
"2024-07-05","26.12","26.19","26.05","26.05","18766","4.8981","0","-0.00191570881226055","202.569080087374","30.9930692533681","29.7801159288457","27.1999379561981","25.0692323142238","0.0191705790297341","0.115631691648822","0.187329079307201","-0.00191570881226055","-0.00191570881226055","70.6415600484808","0.214545771187773","17776.0518","1.05566394670385","True","True","True","True"
"2024-07-08","26.1","26.97","26.08","26.9","41434","11.0578","0","0.0326295585412668","209.178819744735","32.0043594209445","30.0025997657125","27.3012652651454","25.1653106431502","0.0516028146989838","0.161485319516408","0.234511243689766","0","0","76.4799516250217","0.228352564604887","19412.08435","2.13445564386289","True","True","True","True"
"2024-07-09","27.04","27.36","26.64","26.99","63723","17.2138","0","0.0033457249070632","209.878674531985","32.1114372033937","30.2268682322868","27.4043772038003","25.2628509853151","0.0651144435674826","0.162360034453057","0.238641578705828","0","0","77.0014687969723","0.22814805145837","21992.75185","2.89746701252395","True","True","True","True"
"2024-07-10","26.86","27.04","26.64","27.03","34425","9.262","0","0.00148203038162298","210.189721104096","32.1590273289267","30.4249621298179","27.5181969207001","25.3604081129363","0.0600000000000003","0.140506329113924","0.269610145608268","0","0","77.2429858754894","0.223745576991714","22987.628","1.49753036720448","True","True","True","True"
"2024-07-11","27.39","27.5","27.21","27.35","33985","9.297","0","0.0118386977432483","212.678093680985","32.5397483331908","30.6123482491041","27.651052687813","25.4610429658622","0.0478927203065136","0.130165289256199","0.324455205811139","0","0","79.1310750152706","0.218182549091683","23732.59825","1.43197776501357","True","True","True","True"
"2024-07-12","26.81","26.9","26.45","26.5","65013","17.3339","0","-0.0310786106032908","206.068354023624","31.5284581656144","30.7354876989208","27.7628894828156","25.5538200991098","0.017274472168906","0.0847318870241505","0.270373921380632","-0.0310786106032909","-0.0310786106032909","63.952856717211","0.254610200299864","26472.0132","2.45590607366424","True","True","True","True"
"2024-07-15","26.62","26.74","26.47","26.53","31710","8.439","0","0.00113207547169814","206.301638952707","31.5641507597642","30.8592220253066","27.8725450637312","25.6459451733339","-0.0137546468401485","0.0850715746421269","0.263333333333333","-0.0299817184643512","-0.0299817184643512","64.213758370574","0.254557472496857","27586.81385","1.14947536792111","True","True","True","True"
"2024-07-16","26.6","26.9","26.48","26.6","40560","10.8185","0","0.00263852242744056","206.845970453902","31.6474334794469","30.966894684325","28.0032196167572","25.7386693204913","-0.0144497962208224","0.0730133118192826","0.329335332333832","-0.0274223034734921","-0.0274223034734921","64.8529864961755","0.251995913919016","29114.7744","1.39310686192368","True","True","True","True"
"2024-07-17","26.55","26.65","26.25","26.31","40535","10.7195","0","-0.0109022556390979","204.590882806096","31.3024050693327","31.0079411675972","28.134092461973","25.8276636833205","-0.0266370699223089","0.026932084309133","0.334855403348553","-0.038025594149909","-0.038025594149909","60.0660925314626","0.230652081911417","29776.32975","1.36132513108","True","True","True","True"
"2024-07-18","25.44","25.79","25.41","25.59","52702","13.4616","0","-0.0273660205245153","198.992044508096","30.4457828097386","30.9817665985541","28.2459292569756","25.9110387230126","-0.0643510054844608","-0.0169035728006143","0.282706766917293","-0.0643510054844609","-0.0643510054844609","50.1657481325587","0.245222786448758","31299.08225","1.6838112242093","False","True","True","True"
"2024-07-19","25.4","25.46","25.13","25.13","34239","8.6521","0","-0.0179757717858539","195.415008928818","29.8984963661091","30.9401252387127","28.3323846516938","25.9919419364187","-0.0516981132075472","-0.0271002710027098","0.209918151179586","-0.0811700182815359","-0.0811700182815359","45.0561682294971","0.251724166614923","31796.5674","1.0768059825225","False","True","True","True"
"2024-07-22","25","25.05","24.1","24.29","54457","13.3274","0","-0.0334261838440112","188.883030914484","28.899103729916","30.8853965943497","28.4101151900644","26.0641202934771","-0.0844327176781003","-0.036493454978183","0.192439862542956","-0.111882998171847","-0.111882998171847","37.5373779321755","0.264897061054916","33011.04675","1.64965947346096","False","True","True","True"
"2024-07-23","24.7","24.95","24.66","24.95","25451","6.321","0","0.0271716755866611","194.015299354317","29.6843408012106","30.871714433259","28.4939927863163","26.1372901114841","-0.0620300751879701","-0.00913423351866527","0.204150579150579","-0.0877513711151741","-0.0877513711151741","45.2659714267086","0.284090885889491","32985.35065","0.771594556324657","False","True","True","True"
"2024-07-26","23.91","24.18","23.78","24.11","35461","8.5099","0","-0.0336673346693387","187.483321339984","28.6849481650175","30.7973548621137","28.5548684885606","26.1996530051513","-0.0836183960471304","-0.0492902208201889","0.145912547528517","-0.118464351005485","-0.118464351005485","38.7024262412286","0.305985706005994","33184.78595","1.068599148219","False","True","True","True"
"2024-07-29","24.46","24.54","24.11","24.13","16827","4.0924","0","0.000829531314807008","187.638844626039","28.708743227784","30.7277543035217","28.6167356517535","26.2618176066288","-0.0570535365377103","-0.0462450592885374","0.148500713945739","-0.117733089579525","-0.117733089579525","38.9294825780849","0.306193243618067","33109.46395","0.508225473701757","False","True","True","True"
"2024-07-30","24","24.38","23.78","24.34","23384","5.6054","0","0.00870285951098215","189.271839129623","28.9585913868323","30.6551793620838","28.6865345025353","26.3261634221932","-0.0314365300437727","-0.0477308294209702","0.169068203650336","-0.110054844606947","-0.110054844606947","41.3846205610835","0.305393474656689","33777.6631","0.692278590462938","False","True","True","True"
"2024-07-31","24.11","24.44","24","24.31","21497","5.2073","0","-0.00123253903040266","189.038554200539","28.9228987926825","30.5796300378002","28.7533589704712","26.3885263158604","0.000823384108686431","-0.0496481626270527","0.160936007640878","-0.111151736745887","-0.111151736745887","41.1302351846759","0.305210414286994","34245.2156","0.62773408265533","False","True","True","True"
"2024-08-01","24.87","24.91","24.61","24.74","38126","9.4437","0","0.0176881941587823","192.382304850734","29.4344926421623","30.5439374436504","28.8203817305968","26.4559456603655","-0.00841683366733514","-0.0236779794790845","0.158239700374531","-0.0954296160877518","-0.0954296160877518","46.2318765775107","0.312008011670136","35408.2959","1.07675498159176","False","True","True","True"
"2024-08-02","23.92","23.99","23.37","23.4","69095","16.3851","0","-0.0541632983023443","181.962244685011","27.8402234368067","30.4190133641263","28.858652123213","26.508889675021","-0.0294483616756535","-0.0823529411764706","0.0898928737773623","-0.144424131627057","-0.144424131627057","35.8156300790023","0.362876125194793","38279.0884","1.80504024228539","False","True","True","True"
"2024-08-05","22.07","22.14","21.15","21.18","75238","16.2215","0","-0.0948717948717949","164.699159932843","25.198971469725","30.1263340920983","28.8493323902961","26.5389309417637","-0.122254455035226","-0.188505747126437","-0.0217090069284074","-0.225594149908593","-0.225594149908593","25.5464942798919","0.470890092451271","40831.35715","1.84264242610412","False","True","False","False"
"2024-08-06","21.85","22.55","21.23","22.16","68089","14.9771","0","0.0462700661000945","172.319800949566","26.3649295452836","29.8949271066941","28.8584538310232","26.5809688859845","-0.0895645028759242","-0.149328214971209","0.0211981566820265","-0.189762340036563","-0.189762340036563","34.4776660977018","0.511147117234244","43297.54035","1.57258819899685","False","True","False","True"
"2024-08-07","22.47","23.16","22.38","23.01","43849","10.0354","0","0.0383574007220218","178.929540606928","27.3762197128599","29.6635201212899","28.8852232766356","26.6320291248376","-0.0534759358288768","-0.144609665427509","0.0623268698060933","-0.158683729433272","-0.158683729433272","41.0795363074905","0.517483564505328","43418.27565","1.00991894181776","False","True","True","True"
"2024-08-08","22.59","22.78","22.33","22.5","35832","8.0778","0","-0.0221642764015646","174.963696812511","26.7694456123141","29.3964205417359","28.8995003142955","26.6766448675248","-0.0905416329830232","-0.166357910337162","0.0330578512396691","-0.177330895795247","-0.177330895795247","38.5685362966342","0.51847001242018","42023.73475","0.852671834456598","False","True","True","True"
"2024-08-09","23.22","23.29","22.96","23.08","30086","6.9662","0","0.0257777777777777","179.473872108122","27.4595024325427","29.1614442969167","28.9207175785956","26.7259204766704","-0.0136752136752136","-0.146133925268221","0.0486142662426157","-0.156124314442413","-0.156124314442413","42.8471362221078","0.531700723682866","41806.7896","0.719638324010414","False","True","True","True"
"2024-08-12","23.31","23.79","23.3","23.67","30188","7.1306","0","0.0255632582322358","184.061809046761","28.1614567841545","28.9425297194649","28.9508579914332","26.7741054787726","0.117563739376771","-0.1345521023766","0.0686230248306998","-0.110150375939849","-0.1345521023766","46.8987172587179","0.540420897310072","41616.9374","0.725365941992646","False","False","True","True"
"2024-08-13","23.95","24","23.75","23.82","36819","8.7891","0","0.00633713561470217","185.228233692178","28.3399197549032","28.7831027989293","28.980800112081","26.8248682793411","0.0749097472924189","-0.101132075471698","0.067682653518601","-0.104511278195489","-0.129067641681901","47.9097538495497","0.5342606721992","40207.23145","0.915722313429765","False","False","True","True"
"2024-08-14","24.18","24.29","24.07","24.13","47268","11.424","0","0.0130142737195633","187.638844626039","28.708743227784","28.6403324223303","29.0180790437485","26.8792003393246","0.0486744893524553","-0.0904636260836792","0.0844943820224722","-0.0928571428571427","-0.117733089579525","50.0273791001859","0.53765429195381","40985.10285","1.1532919942398","True","False","True","True"
"2024-08-15","24.13","24.19","23.92","23.92","54751","13.1614","0","-0.00870285951098204","186.005850122456","28.4588950687358","28.4809055017948","29.0521853003805","26.9296657016086","0.0631111111111111","-0.100751879699248","0.0774774774774769","-0.0908399847966549","-0.125411334552102","48.5864257118429","0.537256218387466","41694.6458","1.31313865244539","False","False","True","True"
"2024-08-16","23.49","23.52","23.37","23.43","28887","6.7753","1","0.0213210702341136","189.971693916873","29.0656691692815","28.3690687067922","29.096602750878","26.9863772678688","0.0584922010398616","-0.071455720258457","0.100946372239747","-0.045330207112153","-0.106764168190128","52.1881718259492","0.544479910237893","41112.24085","0.702641510235266","True","False","True","True"
"2024-08-19","23.45","23.66","23.45","23.52","18603","4.3823","0","0.00384122919334184","190.701418733455","29.1773170662186","28.3056454196162","29.1347510198792","27.0414414348037","0.036072717752148","-0.041663101633711","0.0851257181058991","-0.0241209220376704","-0.103333044636441","52.8427952605608","0.537274512075064","39407.3184","0.472077211932289","True","False","True","True"
"2024-08-20","23.7","23.85","23.55","23.56","15027","3.5633","0","0.0017006802721089","191.025740874158","29.2269383537462","28.2720675189981","29.1685707134064","27.0951344827605","0.0312992628953888","-0.0224612637418162","0.074608418292569","-0.0154088800734201","-0.101808100834802","53.1498173703612","0.533832767836914","38446.75345","0.390863561979119","True","False","True","True"
"2024-08-21","23.46","23.49","23.3","23.34","15184","3.5504","0","-0.00933786078098464","189.241969100291","28.9540212723445","28.2748133961195","29.1982383732898","27.1454626146622","0.00854367056803418","0.00190031991793527","0.0655060757796255","-0.0246028548774883","-0.110195291743815","51.176313560807","0.520866935922329","36483.0835","0.416181570836796","True","False","True","True"
"2024-08-22","23.39","23.47","23.19","23.22","11073","2.5789","0","-0.00514138817480725","188.269002678181","28.8051574097617","28.230854226547","29.2133291452237","27.1955416753243","0.0121671041756772","-0.0296177502251624","0.0324536090354883","-0.0213808758333784","-0.114770123148731","50.0839233902279","0.511567479303474","35764.1444","0.309598766746954","True","False","True","True"
"2024-08-23","23.04","23.32","22.98","23.29","13489","3.115","0","0.00301464254952633","188.836566424412","28.891994662935","28.2412065514429","29.2280825750031","27.246245233668","-0.005975245411865","0.00721794917412399","0.0316068289969469","-0.0184306889818857","-0.112101471495863","50.7444126568936","0.496853042257791","34665.5534","0.389130207856425","True","False","True","True"
"2024-08-26","23.5","23.55","23.19","23.22","14537","3.4016","0","-0.00300558179476174","188.269002678181","28.8051574097617","28.2460272605418","29.2457511454035","27.2970183169942","-0.0127551020408161","0.003358356066399","0.0382091394460635","-0.0213808758333784","-0.114770123148731","50.0314721554336","0.497040595352253","34551.05265","0.420741392375494","True","False","True","True"
"2024-08-27","23.12","23.21","23.05","23.16","8677","2.005","0","-0.00258397932816534","187.782519467127","28.7307254784704","28.2346339651237","29.2711023321531","27.3422138294832","-0.0169779286926994","-0.00786868067296687","0.0559018938530813","-0.0239096074203724","-0.117057538851189","49.390926450565","0.496228803632085","33815.72125","0.256594408732299","True","False","True","True"
"2024-08-28","23.2","23.45","23.08","23.45","10529","2.4498","0","0.0125215889464594","190.133854987224","29.0904798130453","28.2430130161419","29.30879477455","27.388523518958","0.00471293916023985","0.00579406032445173","0.0842950601546524","-0.0116874047499018","-0.106001696289308","52.5528297823008","0.498142820820926","33267.34435","0.316507109471153","True","False","True","True"
"2024-08-29","23.06","23.42","23","23.33","14300","3.309","0","-0.00511727078891266","189.160888565115","28.9416159504626","28.2183691815569","29.3352812962228","27.4315106082525","0.00473729543496959","-0.0167448679238903","0.0581005640523244","-0.0097623089983021","-0.110576527694225","51.1293273556255","0.494434945367404","32076.02305","0.445804424623021","True","False","True","True"
"2024-08-30","23.45","23.48","23.32","23.32","11640","2.7221","0","-0.000428632661808703","189.079808029939","28.9292106285807","28.2728185411456","29.3700876266889","27.471320790924","0.00128810648346933","0.0391156053127886","0.0778060799786897","-0.0101867572156197","-0.110957763644634","51.0053389199526","0.45185075183595","29203.2831","0.398602306464645","True","False","True","True"
"2024-09-02","23.45","23.5","23.19","23.21","14420","3.3602","0","-0.00471698113207542","188.187922143005","28.7927520878798","28.4525075720533","29.3994469731078","27.5088040659514","-0.000430663221361094","0.142616162825236","0.0651677081266946","-0.0148556876061118","-0.115151359099141","49.5810305727048","0.272310293395591","26162.42655","0.551189698418857","True","False","True","True"
"2024-09-03","23.21","23.38","23.14","23.19","7742","1.7991","0","-0.000861697544161988","188.025761072654","28.7679414441161","28.5726581669949","29.4159004008449","27.5466754621832","0.00129533678756499","0.0911442564147606","0.0355356197923384","-0.0157045840407468","-0.11591383099996","49.3114070549681","0.229844204496184","23145.0573","0.334491114005581","True","False","True","True"
"2024-09-04","22.29","22.4","21.76","22.09","36465","8.0742","0","-0.047434238896076","179.106902203317","27.4033560371075","28.5740149832073","29.4133782900699","27.5698043461313","-0.0579957356076759","0.000991237085770313","-0.00549186678136548","-0.0623938879456706","-0.157849785545025","37.2978128287283","0.261623507188499","22775.87475","1.60104884665297","False","False","False","False"
"2024-09-05","22.31","22.38","21.99","22.03","19037","4.2225","0","-0.00271616115889539","178.620418992262","27.3289241058161","28.6019889078824","29.4084258939684","27.5925112561751","-0.0557222460351477","0.02089989092806","-0.0107559196433528","-0.0649405772495755","-0.160137201247483","36.7715762179385","0.248365676387323","21936.11095","0.867846586087768","False","False","False","False"
"2024-09-06","22.1","22.39","21.97","22.32","11112","2.4727","0","0.0131638674534724","180.97175451236","27.6886784403911","28.6134477082748","29.3999513783365","27.6206947713785","-0.0428816466552316","0.00834596360263395","-0.0180327071751563","-0.0526315789473685","-0.149081358685602","41.0973514342957","0.235479487290841","20987.42205","0.529459500720337","False","False","True","False"
"2024-09-09","21.83","21.97","21.82","21.94","22716","4.9684","0","-0.0170250896057347","177.89069417568","27.2172762088791","28.566238679511","29.37370554936","27.6450490807475","-0.0547177940542871","-0.0335274052941272","-0.0546939538558674","-0.0687606112054329","-0.16356832480117","37.4790066574462","0.223638426415818","20613.8579","1.10198809510567","False","False","False","False"
"2024-09-10","22.05","22.1","21.72","21.88","14017","3.0697","0","-0.00273473108477673","177.404210964626","27.1428442775877","28.5063849056453","29.3416584678318","27.6651147185126","-0.0564898663216905","-0.0422399035589511","-0.0661545027742216","-0.0713073005093379","-0.165855740503628","36.9261877064049","0.221673634868649","19473.78365","0.71979715148987","False","False","False","False"
"2024-09-11","21.88","21.95","21.81","21.83","7794","1.7048","0","-0.00228519195612431","176.998808288747","27.0808176681782","28.424988627665","29.3081810251006","27.6842668834865","-0.011770031688547","-0.0567048702442079","-0.069050655173528","-0.0734295415959252","-0.167761920255676","36.4437718137054","0.214406663800445","17500.0717","0.445344003933424","False","False","False","False"
"2024-09-12","22.44","22.67","22.4","22.62","17495","3.9432","0","0.0361887311039855","183.404170567634","28.060838096848","28.4050857790706","29.2842953217301","27.7130730767889","0.026781661370858","-0.0139870845627121","-0.0485910069681348","-0.0398981324278436","-0.137644280173312","48.0025286692229","0.25370204218908","15637.26105","1.11877891812774","False","False","True","False"
"2024-09-13","22.77","22.81","22.52","22.63","7125","1.6134","0","0.000442086648983153","183.48525110281","28.0732434187299","28.355464491543","29.2441581219775","27.7368270508409","0.0138888888888888","-0.034144259496372","-0.0790064113776888","-0.0394736842105263","-0.137263044222902","48.1311217084588","0.240263814636472","14549.1332","0.489693090444728","False","False","True","False"
"2024-09-16","22.64","22.73","22.52","22.7","6749","1.5262","0","0.00309323906319037","184.05281484904","28.1600806719032","28.3046026718272","29.1973382299992","27.7599166233413","0.0346399270738376","-0.0348639455782312","-0.0907090525082768","-0.036502546689304","-0.134594392570034","49.0804201578644","0.24005265375251","13956.42665","0.483588397607492","False","False","True","False"
"2024-09-18","22.66","22.66","22.28","22.32","13196","2.9612","0","-0.0167400881057268","180.97175451236","27.6886784403911","28.2276896761595","29.1466274779568","27.780069304861","0.0201096892138941","-0.0526315789473684","-0.0990079427042668","-0.0481876332622604","-0.149081358685602","44.3365967944499","0.245488417433683","13864.87475","0.951786239540318","False","False","False","False"
"2024-09-19","22.32","22.7","22.3","22.67","10783","2.4266","0","0.0156810035842294","183.809573243513","28.1228647062575","28.1861318478551","29.1154472794415","27.8056248349704","0.0384791571232248","-0.0287060839760068","-0.0623735440905019","-0.0332622601279321","-0.135738100421263","49.2062664951491","0.25232918427919","13644.8405","0.790254895247768","False","False","True","False"
"2024-09-20","23.03","23.16","22.84","22.84","13318","3.0635","0","0.00749889722099684","185.187942341501","28.3337551782497","28.1625617362795","29.0883767986952","27.8310540098774","0.00972590627763026","-0.0163652024117144","-0.0542168940182116","-0.0260127931769729","-0.129257089264299","51.4289263905535","0.253784722828441","13757.11385","0.968081106634151","True","False","True","False"
"2024-09-23","22.87","23.05","22.87","22.96","8457","1.9416","0","0.00525394045534155","186.160908763611","28.4826190408324","28.1420929551744","29.0602181229103","27.8557407950754","0.0145824127264693","-0.0141691713181622","-0.0559960470210611","-0.0208955223880604","-0.124682257859383","52.9926000336926","0.254343574795634","13505.51155","0.62621604288658","True","False","True","False"
"2024-09-24","22.95","23.23","22.82","23.21","10140","2.3341","0","0.0108885017421603","188.187922143005","28.7927520878798","28.1414726890803","29.0384180843813","27.8829128762373","0.022466960352423","-0.000430663221361205","-0.0434541372079641","-0.0102345415778257","-0.115151359099141","56.1591804588419","0.257357455543622","13285.66475","0.763237834975476","True","False","True","False"
"2024-09-25","23.59","23.7","23.54","23.61","16397","3.8747","0","0.01723395088324","191.431143550037","29.2889649631557","28.1693846633146","29.0197326635074","27.9155089639263","0.0577956989247312","0.0194300518134713","-0.0368668834746991","0","-0.0999019210827542","60.7186598245416","0.264136797464163","13671.67885","1.19935577626591","True","False","True","False"
"2024-09-26","23.8","23.91","23.72","23.77","16343","3.8934","0","0.00677678949597627","192.72843211285","29.487450113266","28.1892331783256","29.0039587440892","27.9459915429282","0.0485222761358621","0.0136460554371005","-0.0310980723109485","0","-0.0938021458761993","62.4030172607855","0.261615837576237","13962.3706","1.17051655970226","True","False","True","False"
"2024-09-27","23.93","24.07","23.77","23.79","13664","3.2727","0","0.000841396718552767","192.890593183201","29.5122607570298","28.217765418654","28.9933573479538","27.9771766077691","0.0415936952714535","0.0197171024432061","-0.0210984642157311","0","-0.09303967397538","62.6187897225748","0.260679216759281","13930.59015","0.980864690789859","True","False","True","False"
"2024-09-30","23.5","23.55","23.1","23.1","21979","5.1234","0","-0.0290037831021437","187.296036256072","28.656293547179","28.2041195645839","28.9653171566186","28.0010303203382","0.00609756097560976","-0.00943396226415083","-0.0554542943938132","-0.0290037831021436","-0.119344954553648","51.6133196994757","0.281789414863867","14447.53975","1.52133085496442","True","False","True","False"
"2024-10-01","23.16","23.25","23.08","23.14","7754","1.7955","0","0.00173160173160158","187.620358396775","28.7059148347066","28.1997777019252","28.926206455359","28.0223231607909","-0.00301594140456718","-0.0030159414045674","-0.0755700112669524","-0.0273224043715848","-0.117820010752009","52.1384729531793","0.281385102046615","14114.1984","0.549349866018604","True","False","True","False"
"2024-10-04","23.21","23.38","23.05","23.11","7279","1.689","0","-0.0012964563526362","187.377116791247","28.6686988690609","28.1948155731725","28.8874669489538","28.043702452576","-0.021177467174926","-0.00344976282880571","-0.0749964569596371","-0.0285834384195041","-0.118963718603238","51.6853938727653","0.281406984264661","14091.0561","0.516566675225997","True","False","True","False"
"2024-10-07","23.43","23.68","23.42","23.61","10204","2.4035","0","0.0216356555603634","191.431143550037","29.2889649631556","28.2890960194749","28.8422103746573","28.0717378199014","-0.00673117374842269","0.0688094160253507","-0.0848445182755881","-0.00756620428751598","-0.0999019210827544","58.2043780682227","0.228982466410589","12777.97455","0.79853477247691","True","False","True","False"
"2024-10-08","23.51","23.52","23.33","23.47","6639","1.5558","0","-0.00592969080897932","190.296016057576","29.1152904568091","28.3784143370245","28.7922745955476","28.0983258996739","-0.0134510298444727","0.0653654108034494","-0.093304660504824","-0.0134510298444729","-0.10523922438849","55.9288606124639","0.230406434651593","12158.07115","0.546066141420796","True","False","True","False"
"2024-10-09","23.83","23.93","23.75","23.76","13045","3.1105","0","0.012356199403494","192.647351577674","29.4750447913841","28.4677326545742","28.7475415532552","28.1328692369776","0.0285714285714282","0.064516129032258","-0.0834596926732428","-0.00126103404791933","-0.0941833818266091","59.4641011726199","0.229963887132495","12254.73745","1.06451207569527","True","False","True","False"
"2024-10-11","23.88","24.2","23.88","24.1","17115","4.1253","0","0.0143097643097643","195.404089773651","29.8968257353685","28.6017101308986","28.7034928432915","28.1772727655523","0.0414866032843562","0.0984503190519597","-0.0812213595126805","0","-0.0553159467169848","63.1920654581122","0.220042509685311","11974.67325","1.42926171284047","True","False","True","False"
"2024-10-14","24.1","24.25","23.98","24.2","15788","3.8148","0","0.00414937759336098","196.214895125408","30.0208789541875","28.7456118647286","28.6783665231011","28.2206280029583","0.0471657291215923","0.106032906764168","-0.0478164584994245","0","-0.0513960958734869","64.2339245604013","0.218266914033504","12063.2144","1.30877198037697","True","True","True","False"
"2024-10-15","24.34","24.69","24.34","24.64","15792","3.8794","0","0.0181818181818183","199.782438673143","30.5667131169909","28.9199066371693","28.6617425623882","28.2671438130597","0.0436255823803473","0.128721942281264","-0.031600331983104","0","-0.0341487521620957","68.4636856541754","0.22110318792358","12463.11435","1.26706299537403","True","True","True","False"
"2024-10-16","24.18","24.6","24.14","24.43","16608","4.0464","0","-0.00852272727272729","198.079747434452","30.3062013574711","29.0321748002004","28.6393886936886","28.3213041552229","0.0409032807839798","0.0800176834659589","-0.0423804389334415","-0.00852272727272729","-0.0318251492067479","64.5405909761827","0.196127483682395","12418.777","1.33732097774201","True","True","True","False"
"2024-10-17","24.46","24.55","24.27","24.48","9988","2.4394","0","0.00204666393778141","198.485150110331","30.3682279668806","29.1469240276079","28.6238190753144","28.3789557686437","0.0303030303030303","0.081749889527176","-0.0298436206541627","-0.00649350649350644","-0.00649350649350644","65.0540441364175","0.195831591458063","12561.94805","0.795102078136679","True","True","True","False"
"2024-10-18","25.1","25.11","24.75","24.82","23700","5.9256","0","0.0138888888888888","201.241888306307","30.790008910865","29.278420439556","28.6295561769998","28.4377427169877","0.0298755186721993","0.093392070484581","0.0113061997215684","0","0","68.4043902510937","0.198887305892367","13409.50565","1.76742667616535","True","True","True","True"
"2024-10-21","25.03","25.14","24.95","24.97","16083","4.0334","0","0.00604351329572927","202.458096333944","30.9760887390935","29.4427909544912","28.6475160498829","28.4899503507884","0.031818181818182","0.118727598566308","0.036041691187048","0","0","69.7808757809526","0.182291783985526","13553.8497","1.1866206543518","True","True","True","True"
"2024-10-22","24.9","25.07","24.75","25.07","12729","3.1773","0","0.00400480576692042","203.268901685702","31.1001419579124","29.5916548170739","28.6842000203495","28.5471576052069","0.0174512987012989","0.105866784296426","0.0761628543420154","0","0","70.6974011145803","0.178474317042929","13651.1424","0.932431559720599","True","True","True","True"
"2024-10-23","24.94","25.05","24.89","24.95","7352","1.8349","0","-0.00478659752692467","202.295935263593","30.9512780953297","29.7225309629279","28.7053156419182","28.5996542141172","0.0212853049529269","0.0923817863397547","0.0426803243704652","-0.00478659752692467","-0.00478659752692467","68.0309414984472","0.181588877408082","13352.83435","0.550582805664776","True","True","True","True"
"2024-10-24","24.93","24.95","24.64","24.68","12182","3.0187","0","-0.0108216432865731","200.106760813846","30.6163344045185","29.8292167311122","28.7375054125765","28.6461869505686","0.00816993464052307","0.0749128919860629","0.0673309998118239","-0.0155564419625049","-0.0155564419625049","62.3342163432733","0.189486096314491","13539.06955","0.89977172766647","True","True","True","True"
"2024-10-25","24.82","25","24.81","24.99","8169","2.0349","0","0.0125607779578605","202.620257404296","31.0008993828573","29.9396240958611","28.7757080151611","28.6962218334573","0.00684931506849318","0.0766910814304174","0.0798417449655171","-0.00319106501794986","-0.00319106501794986","65.8681709037118","0.190419791554167","13440.4999","0.60776973035058","True","True","True","True"
"2024-10-28","25.15","25.24","24.83","24.93","13712","3.4268","0","-0.00240096038415361","202.133774193241","30.9264674515659","30.0214992202816","28.8085059495733","28.7475202260543","-0.00160192230676803","0.0559085133418042","0.0679548268921815","-0.00558436378141203","-0.00558436378141203","64.6047369160906","0.184674823732394","13306.22415","1.03047204416739","True","True","True","True"
"2024-10-29","24.58","24.58","24.21","24.42","23415","5.709","0","-0.0204572803850781","197.998666899276","30.2937960355892","30.0618165163977","28.8313542369551","28.7923566037131","-0.0259274032708416","0.0273453933529662","0.0473983348879792","-0.0259274032708416","-0.0259274032708416","54.9555235312069","0.201416874619264","13659.8168","1.71415468763827","True","True","True","True"
"2024-10-30","24.52","24.69","24.38","24.41","9039","2.2178","0","-0.000409500409500496","197.9175863641","30.2813907137073","30.1002730142316","28.8454692048142","28.8329254677055","-0.0216432865731464","0.0260613703236656","0.0287723006419995","-0.0263262863980853","-0.0263262863980853","54.782746559566","0.201513994712736","13428.5709","0.673124941388961","True","True","True","True"
"2024-11-01","23.73","24.32","23.54","24.31","24852","5.9717","0","-0.00409668168783295","197.106781012342","30.1573374948883","30.1753252116171","28.8840877724489","28.8713699478309","-0.0149918962722853","0.0523809523809526","0.083229003651538","-0.0303151176705225","-0.0303151176705225","52.9886650513508","0.168406227633702","13572.2113","1.83111620138127","False","True","True","True"
"2024-11-04","24.32","24.58","24.27","24.57","9711","2.3711","0","0.0106951871657754","199.214874926913","30.4798758638176","30.2640232630726","28.9721028456837","28.9107176179899","-0.0168067226890756","0.061797752808989","0.209568251642225","-0.0199441563621858","-0.0199441563621858","56.9373888685929","0.170775601632796","13670.093","0.710402409113091","True","True","True","True"
"2024-11-05","24.42","24.77","24.39","24.65","12129","2.9843","0","0.00325600325600317","199.863519208319","30.5791184388728","30.3595442415632","29.0423393272435","28.9503965791334","-0.0112314480545528","0.0666378191259196","0.159840703778519","-0.0167530913442363","-0.0167530913442363","58.1034824992724","0.169998968510704","13912.5802","0.87178034740098","True","True","True","True"
"2024-11-06","24.71","25.11","24.7","24.92","19847","4.9479","0","0.0109533468559839","202.052693658065","30.914062129684","30.4407990998897","29.1013033675239","28.9932633220797","0.0204750204750204","0.0554849639983059","0.129230494711516","-0.0059832469086557","-0.0059832469086557","61.857534513037","0.158548490156528","14394.73515","1.37875103592997","True","True","True","True"
"2024-11-07","24.84","25.26","24.84","25.17","16230","4.0796","0","0.010032102728732","204.07970703746","31.2241951767314","30.5462443358858","29.1755491935976","29.0375247539465","0.0311347808275297","0.0724328930549643","0.166411722862427","0","0","64.9859579924309","0.157074314410715","14874.2919","1.09116091771737","True","True","True","True"
"2024-11-08","25.44","25.45","25.21","25.27","11314","2.8647","0","0.00397298371076671","204.890512389218","31.3482483955503","30.6399045160941","29.2403616263144","29.080539602455","0.039489921842863","0.0635521885521886","0.141617495530402","0","0","66.1808379916175","0.153620873098334","14787.72465","0.765092079260483","True","True","True","True"
"2024-11-11","25.27","25.31","25.06","25.31","9172","2.3075","0","0.001582904629996","205.214834529921","31.3978696830779","30.7149567134796","29.2943018412964","29.1225799163648","0.0301180301180299","0.0502074688796685","0.114923490064067","0","0","66.6707879936026","0.14787149060303","14390.58615","0.637373064890758","True","True","True","True"
"2024-11-12","24.89","24.97","24.69","24.69","20285","5.0396","0","-0.0244962465428683","200.187841349022","30.6287397264004","30.7453497520902","29.3324488408214","29.1566244764512","0.00162271805273861","0.020247933884298","0.0807631069986057","-0.0244962465428682","-0.0244962465428682","53.6876494079353","0.175917752427122","14615.41225","1.38788551790594","False","True","True","True"
"2024-11-13","24.67","24.85","24.61","24.72","9532","2.3568","0","0.00121506682867545","200.431082954549","30.6659556920461","30.750311880843","29.3650690485591","29.1915740461538","-0.00802568218298561","0.0032467532467535","0.0681747873368388","-0.0233109442907941","-0.0233109442907941","54.1528822780244","0.16391736780868","14302.4479","0.666477799230438","False","True","True","True"
"2024-11-14","24.7","24.7","24.33","24.4","10779","2.6363","0","-0.0129449838187702","197.836505828924","30.2689853918254","30.7484510825607","29.3952372206106","29.2237112604955","-0.0305919745729043","-0.00122799836266863","0.0636036753611764","-0.0359541683129196","-0.0359541683129196","48.5504081539844","0.167750027780305","14010.98185","0.769294408871138","False","True","True","True"
"2024-11-15","24.5","24.56","24.25","24.46","12045","2.9422","0","0.00245901639344281","198.322989039979","30.3434173231168","30.7472105503725","29.4165330231745","29.2565678870262","-0.0320538187574196","-0.000816993464052063","0.0439607341015802","-0.0335835638087709","-0.0335835638087709","49.6032111286879","0.167823387717523","14113.8487","0.853443185911438","False","True","True","True"
"2024-11-18","24.39","24.4","24.06","24.09","13955","3.3721","0","-0.0151267375306623","195.323009238475","29.8844204134867","30.7019311255036","29.4283180789623","29.2815345494207","-0.0482022915843539","-0.0294117647058819","0.0242346938775517","-0.0482022915843536","-0.0482022915843536","43.6688727304502","0.167607854060378","13626.588","1.02410845620342","False","True","True","True"
"2024-11-19","24.23","24.46","24.1","24.34","9046","2.197","0","0.0103777501037774","197.35002261787","30.194553460534","30.6628543615756","29.4444449974087","29.3065078554076","-0.0141757796678817","-0.0252302763315977","0.0331069609507642","-0.0383247728170681","-0.0383247728170681","48.1799790989948","0.170848702888141","13274.73165","0.681456411964456","False","True","True","True"
"2024-11-20","24.47","24.55","24.25","24.32","10016","2.4419","0","-0.000821692686935105","197.187861547518","30.1697428167703","30.6163344045185","29.4647070231492","29.3314726982195","-0.0161812297734627","-0.0299162345432791","0.0419880034275921","-0.0391149743184509","-0.0391149743184509","47.8498454176124","0.169745907533318","13139.087","0.762295203616507","False","True","True","True"
"2024-11-21","24.09","24.23","24.03","24.13","9214","2.2224","0","-0.0078125","195.647331379178","29.9340417010142","30.5654725848027","29.4835217613367","29.3484254532802","-0.0110655737704918","-0.0328657314629258","0.0391903531438413","-0.046621888581588","-0.046621888581588","44.7152116549576","0.170867852831336","13232.21105","0.696355428823061","False","True","True","True"
"2024-11-22","24.4","24.58","24.4","24.56","11649","2.8543","0","0.0178201409034398","199.133794391737","30.4674705419358","30.5580293916736","29.5097796926534","29.3689311338282","0.00408830744071964","-0.00486223662884888","0.054529841133534","-0.0296325563018567","-0.0296325563018567","52.3268728131887","0.18037950194184","13205.55585","0.882126290806608","False","True","True","True"
"2024-11-25","24.73","24.9","24.63","24.64","7685","1.9032","0","0.00325732899022801","199.782438673143","30.5667131169909","30.5363200783803","29.5391389544405","29.392445049922","0.0228310502283104","-0.0140056022408959","0.0611541774332471","-0.0264717502963251","-0.0264717502963251","53.6066539565766","0.174592637365717","13181.35995","0.583005928762305","True","True","True","True"
"2024-11-26","24.3","24.39","24.2","24.28","11552","2.8064","0","-0.0146103896103896","196.863539406815","30.1201215292427","30.4960027822641","29.5622955552868","29.4166989437199","-0.0024650780608052","-0.0260730044123542","0.0483592400690842","-0.0406953773212165","-0.0406953773212165","47.4355457126526","0.181463090806511","13073.3541","0.883596888116111","False","True","True","True"
"2024-11-27","24.05","24.23","23.88","23.88","14970","3.5977","0","-0.0164744645799012","193.620317999783","29.6239086539668","30.462508413183","29.5711860359688","29.4399904052594","-0.0180921052631577","-0.022113022113022","0.0183368869936043","-0.0564994073488738","-0.0564994073488738","41.6924732402359","0.176352774619357","12651.08915","1.18327677739904","False","True","True","True"
"2024-11-28","23.87","23.9","23.59","23.79","15861","3.7642","0","-0.00376884422110557","192.890593183201","29.5122607570298","30.4240519153491","29.5806967827449","29.4579890394838","-0.0140903439701617","-0.0253994264645638","0.0197171024432061","-0.0600553141050967","-0.0600553141050967","40.5042230221365","0.176591776210884","12992.18905","1.22081844244716","False","True","True","True"
"2024-11-29","23.54","24","23.48","23.86","10872","2.5927","0","0.00294241277847829","193.458156929432","29.599098010203","30.3961399411148","29.5918615724386","29.4809745995638","-0.0285016286644952","-0.0185109008638425","0.0231560891938247","-0.0572896088502567","-0.0572896088502567","41.8913968730803","0.176841888916488","12293.1536","0.884361113001956","False","True","True","True"
"2024-12-02","24.05","24.42","24.05","24.4","9090","2.2098","0","0.0226320201173511","197.836505828924","30.2689853918254","30.3855954175152","29.6164654608377","29.5079562169728","-0.00974025974026005","-0.00691900691900726","0.0512710038776381","-0.0359541683129198","-0.0359541683129198","51.3205159932128","0.191655565692415","12262.07825","0.741290327355397","False","True","True","True"
"2024-12-03","24.65","24.75","24.5","24.5","9235","2.2737","0","0.00409836065573765","198.647311180682","30.3930386106444","30.3762914261038","29.6435504136132","29.529725407229","0.00906095551894537","-0.00608519269776886","0.0564898663216902","-0.0320031608060057","-0.0320031608060057","52.8464508614632","0.191884748187855","12117.4045","0.762146629668094","True","True","True","True"
"2024-12-04","24.62","24.78","24.57","24.78","9092","2.2442","0","0.0114285714285716","200.917566165604","30.7403876233374","30.3676077007865","29.699167606717","29.5562729483934","0.0376884422110551","-0.00561797752809001","0.121774558623811","-0.0209403397866457","-0.0209403397866457","56.9185903901831","0.192259329558261","11579.6722","0.78517853035598","True","True","True","True"
"2024-12-05","24.86","24.92","24.74","24.79","6969","1.7308","0","0.000403551251008771","200.99864670078","30.7527929452193","30.3440375892109","29.7562320873737","29.582328990671","0.0420344682639764","-0.0150973381009141","0.125283704039946","-0.0205452390359542","-0.0205452390359542","57.0612117916171","0.188455227467496","11116.6235","0.626923453870683","True","True","True","True"
"2024-12-06","24.82","24.89","24.65","24.7","5518","1.3674","0","-0.00363049616780964","200.268921884198","30.6411450482823","30.3086824218475","29.8054398641719","29.6026956212542","0.0352053646269908","-0.0225563909774438","0.10663082437276","-0.024101145792177","-0.024101145792177","55.287239256361","0.187890032611456","10826.8494","0.509704051115738","True","True","True","True"
"2024-12-09","24.76","24.83","24.68","24.69","5609","1.3871","0","-0.000404858299595023","200.187841349022","30.6287397264004","30.2702259240136","29.8622975894639","29.618001569412","0.0118852459016396","-0.0244962465428684","0.125341841385597","-0.00403388463089949","-0.0244962465428683","55.0823305636828","0.187649632413247","10648.6749","0.526702341152325","True","True","True","True"
"2024-12-10","24.69","24.77","24.53","24.55","6639","1.634","0","-0.00567031186715272","199.052713856561","30.4550652200538","30.2615421986963","29.9175012718384","29.6295798698351","0.00204081632653064","-0.00567031186715294","0.122029250457039","-0.00968132311415904","-0.0300276570525484","52.1672781037842","0.16742378330915","9966.37735","0.666096392587423","True","True","True","True"
"2024-12-11","24.34","24.57","24.34","24.4","8356","2.0425","0","-0.00610997963340132","197.836505828924","30.2689853918254","30.2416936836852","29.9706374005658","29.6394092128332","-0.0153349475383375","-0.0129449838187704","0.117727897388914","-0.0157321500605082","-0.0359541683129198","49.1650840509386","0.168599243907238","9907.57155","0.843410310773885","True","True","True","True"
"2024-12-12","24.65","24.79","24.62","24.62","7450","1.8402","0","0.00901639344262306","199.620277602792","30.5419024732271","30.2553395377553","30.0119884735055","29.6481418976178","-0.00685760387252921","0.00901639344262306","0.0884173297966393","-0.00685760387252921","-0.0272619517977084","53.4008743914459","0.16525679370293","9741.14725","0.764805603364635","True","True","True","True"
"2024-12-13","24.57","24.72","24.53","24.64","5737","1.4133","0","0.000812347684808978","199.782438673143","30.5667131169909","30.266504327449","30.0535463018098","29.6488522118936","-0.00242914979757092","0.00735895339329473","0.0888201502430401","-0.00605082694634951","-0.0264717502963258","53.7779371735258","0.165101225193602","9425.71695","0.608628715505827","True","True","True","True"
"2024-12-16","24.91","24.96","24.48","24.48","10186","2.5179","0","-0.00649350649350655","198.48515011033","30.3682279668806","30.2906947051187","30.0903487567261","29.6438434933626","-0.00850546780072925","0.0161892901618925","0.0784140969162987","-0.0125050423557889","-0.0327933623073886","50.2732630283093","0.156963932041405","9237.2515","1.10268676781183","True","True","True","True"
"2024-12-17","24.63","24.82","24.63","24.7","5843","1.4449","0","0.00898692810457513","200.268921884198","30.6411450482823","30.3130242845061","30.1395565335243","29.6430920057405","0.00610997963340076","0.0147904683648308","0.10663082437276","-0.00363049616780997","-0.0241011457921774","54.6496115253208","0.155918322273024","9077.09395","0.643708221175787","True","True","True","True"
"2024-12-18","24.68","24.79","24.53","24.71","6078","1.4988","0","0.000404858299595245","200.350002419374","30.6535503701642","30.3372146621758","30.1817346279227","29.6485909536821","0.0127049180327867","0.0160361842105261","0.089986766651962","-0.00322710770472001","-0.0237060450414859","54.8441466344448","0.155811953583721","8880.2242","0.684494880208092","True","True","True","True"
"2024-12-19","24.45","24.55","24.33","24.53","11249","2.748","0","-0.00728450020234717","198.890552786209","30.43025457629","30.3620253059396","30.2166762845567","29.652526541626","-0.00365556458164107","0.0165768752590132","0.0739929947460596","-0.0104881000403392","-0.0308178585539316","50.6338282903603","0.155433819664353","8981.963","1.25240974606553","True","True","True","True"
"2024-12-20","24.44","24.51","24.32","24.39","7121","1.7381","0","-0.00570729718711782","197.755425293748","30.2565800699435","30.35148078234","30.2462423017086","29.6532302123095","-0.0101461038961038","-0.0069218241042347","0.0622822299651569","-0.0161355385235985","-0.0363492690636115","47.5746786032935","0.143367969016574","8755.54295","0.813263899299358","False","True","True","True"
"2024-12-23","24.62","24.87","24.62","24.85","11600","2.8753","0","0.018860188601886","201.485129911835","30.8272248765107","30.364506370316","30.2801501815191","29.6592841329502","0.0151143790849673","0.00852272727272685","0.0706591986212834","0","-0.0181746345318059","56.8083468995576","0.158422604709418","8951.30575","1.29590780652309","True","True","True","True"
"2024-12-24","25.02","25.06","24.82","24.85","5589","1.3947","0","0","201.485129911835","30.8272248765107","30.3998615376794","30.3057878467417","29.6627602551245","0.00607287449392713","0.0234761120263587","0.0525201185938158","0","-0.0181746345318059","56.8083468995576","0.148129025743181","8653.1765","0.645888824757012","True","True","True","True"
"2024-12-25","24.98","25","24.9","24.97","3720","0.9284","0","0.00482897384305825","202.458096333944","30.9760887390934","30.4674705419357","30.3305984905055","29.6672786172974","0.0105220558478349","0.0456448911222778","0.0504838031131678","0","-0.0134334255235089","58.9934846219761","0.13293422586828","8090.6988","0.459810220595531","True","True","True","True"
"2024-12-26","24.99","25.02","24.95","24.99","4598","1.1493","0","0.000800961153384128","202.620257404296","31.0008993828572","30.5419024732271","30.3554091342693","29.6743832411115","0.0187525479005299","0.0504413619167714","0.0504413619167718","0","-0.012643224022126","59.3624957380752","0.131159982176735","7527.56155","0.610869664692413","True","True","True","True"
"2024-12-27","24.94","25.08","24.94","25.05","5960","1.4917","0","0.00240096038415372","203.10674061535","31.0753313141486","30.6157141384244","30.3957264303854","29.680521793502","0.0270602706027059","0.0498742665549037","0.0844155844155843","0","-0.0102726195179773","60.5105787487485","0.131149606558996","7281.99035","0.818479936601399","True","True","True","True"
"2024-12-30","25","25.03","24.89","24.91","3774","0.9426","0","-0.00558882235528946","201.971613122889","30.9016568078021","30.6473477092232","30.432322129937","29.679264292648","0.00241448692152924","0.0209016393442623","0.0764909248055317","-0.00558882235528935","-0.0158040300276572","56.4995763450183","0.11018561073948","7016.2201","0.537947063547793","True","True","True","True"
"2024-12-31","24.77","24.91","24.67","24.91","6876","1.703","0","0","201.971613122889","30.9016568078021","30.6727786190811","30.4695380955827","29.6785025222683","0.00241448692152924","0.0167346938775506","0.0778883600173081","-0.00558882235528935","-0.0158040300276572","56.4995763450183","0.109644574544869","6898.2542","0.996762485209664","True","True","True","True"
"2025-01-02","24.76","24.84","24.39","24.48","17781","4.3674","0","-0.0172621437173825","198.48515011033","30.3682279668806","30.6541706362583","30.4875258123115","29.6648680934844","-0.0196235482579095","-0.0121065375302668","0.0368487928843708","-0.0227544910179641","-0.0327933623073886","45.7072213452504","0.119769985266591","7332.6859","2.42486099125015","False","True","True","True"
"2025-01-03","24.64","24.78","24.5","24.63","8759","2.1595","0","0.00612745098039214","199.701358137967","30.554307795109","30.6442463787527","30.5115094346165","29.651892015082","-0.014405762304922","-0.00645421540943969","0.0494247976139761","-0.0167664670658683","-0.0268668510470171","49.3423794504785","0.12209536861303","7422.18385","1.18014201440187","False","True","True","True"
"2025-01-06","25.04","25.25","25","25.21","20162","5.0684","0","0.0235485180673976","204.404029178163","31.273816464259","30.6758799495516","30.5414889624977","29.6445152578765","0.00638722554890214","0.020647773279352","0.0610269360269358","0","-0.00395100750691446","60.3867929338234","0.147684092168557","8154.3583","2.47254011391675","True","True","True","True"
"2025-01-07","25.58","25.69","25.49","25.58","20399","5.2217","0","0.0146767155890519","207.404008979667","31.7328133738891","30.731083631926","30.5720887564731","29.6377907998823","0.0268968285828985","0.0360469825840417","0.0614107883817436","0","0","65.5471674115352","0.155206821034375","8893.8622","2.29357724926298","True","True","True","True"
"2025-01-08","25.43","25.55","25.26","25.3","8848","2.2467","0","-0.0109460516028146","205.133753994745","31.385464361196","30.7776035889831","30.5948318465899","29.6365991848455","0.0156563629064634","0.0305498981670058","0.0454545454545461","-0.0109460516028145","-0.0109460516028145","59.2562187631118","0.15964877549401","9004.3473","0.982666450459991","True","True","True","True"
"2025-01-09","25.22","25.3","24.92","24.92","10936","2.747","0","-0.0150197628458497","202.052693658065","30.914062129684","30.8098574258761","30.6006209968014","29.6311817795948","0.0179738562091505","0.0213114754098362","0.0113636363636367","-0.0258014073494914","-0.0258014073494914","51.9667185313933","0.168223695670135","9133.34405","1.19737994541003","True","True","True","True"
"2025-01-10","24.92","25.07","24.83","24.93","9081","2.2636","0","0.000401284109149191","202.133774193241","30.9264674515659","30.829085674793","30.6109587650363","29.6251737293625","0.0121802679658951","0.0125913891145408","0.0204666393778146","-0.0254104769351053","-0.0254104769351053","52.1335952359465","0.165611376796126","9214.8908","0.985472231532033","True","True","True","True"
"2025-01-13","24.78","24.78","24.16","24.18","27266","6.6346","0","-0.0300842358604091","196.052734055057","29.9960683104237","30.8005534344646","30.6047561040954","29.6142875897049","-0.0408568028560095","-0.0186688311688309","-0.0122549019607843","-0.0547302580140733","-0.0547302580140733","40.7100472393434","0.198354323746102","10291.3397","2.64938684319205","False","True","True","False"
"2025-01-14","24.18","24.44","24.16","24.41","8279","2.0119","0","0.00951199338296105","197.9175863641","30.2813907137073","30.796211571806","30.5962791341428","29.6129176555713","-0.0457388584831898","-0.00285947712418289","-0.0165189363416597","-0.0457388584831897","-0.0457388584831897","44.7110850702171","0.200458545043613","10195.9755","0.811939083219649","False","True","True","False"
"2025-01-15","24.4","24.41","24.15","24.15","13487","3.2698","0","-0.0106513723883654","195.80949244953","29.958852344778","30.7620969366308","30.5793251942375","29.6134206220602","-0.0454545454545455","-0.0222672064777328","-0.0328394072887465","-0.055903049257232","-0.055903049257232","41.316799185455","0.20081433648818","10578.1796","1.27499083112561","False","True","True","False"
"2025-01-16","24.59","24.79","24.58","24.61","17479","4.3111","0","0.019047619047619","199.539197067616","30.5294971513452","30.7558942756898","30.5698144474614","29.6270072339054","-0.0124398073836278","-0.0040469445568595","-0.0183486238532113","-0.037920250195465","-0.037920250195465","48.7323853698541","0.213130437727408","11148.19945","1.56786439625459","False","True","True","False"
"2025-01-17","24.13","24.13","23.75","23.94","18274","4.3691","0.75","0.00325071109305175","200.187841349022","30.6287397264004","30.7658185331953","30.5644388079792","29.6348772249487","-0.00962695547533088","0.00652262535670634","-0.0104208416833667","-0.0347928068803749","-0.0347928068803749","49.9176977388151","0.211707409571782","11499.4201","1.58908108766285","False","True","True","False"
"2025-01-20","24.08","24.29","24.08","24.22","10431","2.5252","0","0.0116959064327484","202.529219610414","30.9869706003934","30.8023380597178","30.5706160779105","29.6540607452435","0.0330344056999403","0.0241398905217123","0.0121058318405416","-0.0235038338614321","-0.0235038338614321","54.0476680728401","0.214038082912553","11664.9359","0.894208342799381","True","True","True","True"
"2025-01-21","24.17","24.33","24.13","24.28","9059","2.1957","0","0.00247729149463272","203.03094352357","31.0637343591062","30.8141635338476","30.5716633275146","29.6736856713378","0.0258357898022403","0.00767209774940381","0.00202687591327333","-0.0210847682145157","-0.0210847682145157","54.9058139141532","0.203848342700755","11537.9001","0.785181958717081","True","True","True","True"
"2025-01-22","24.47","24.55","24.43","24.52","8323","2.039","0","0.00988467874794052","205.037839176191","31.3707893939573","30.8413417597199","30.5790686932211","29.6937873213972","0.0471292101890335","0.0176326127189199","0.0143670447679565","-0.0114085056268504","-0.0114085056268504","58.2633150816046","0.206553697186968","11674.6084","0.71292806703478","True","True","True","True"
"2025-02-03","23.16","23.48","23.16","23.41","33645","7.8524","0","-0.0452691680261011","195.755946782816","29.9506598577708","30.7900703156538","30.5733497569242","29.7023519969396","-0.0189599353931352","-0.0331038850630778","-0.0113269455374718","-0.0561612200948028","-0.0561612200948028","42.5017628944744","0.26294496928063","13170.84985","2.5545060025113","False","True","True","False"
"2025-02-04","23.55","23.64","23.41","23.43","9149","2.152","0","0.000854335753951219","195.923188087201","29.9762477773417","30.738837735378","30.5682640413181","29.7068666230661","-0.0213032581453636","-0.0330523186718295","-0.0100769128885312","-0.0553548648791642","-0.0553548648791642","42.8020082332538","0.262951366512881","13398.38225","0.682844154562018","False","True","True","False"
"2025-02-05","23.72","23.97","23.7","23.81","12670","3.0243","0","0.0162185232607768","199.100772870519","30.4624182491894","30.70819208213","30.5733487205564","29.7287182465026","-0.0169281585466557","-0.0197234603474754","0.0101163026859616","-0.0400341157820273","-0.0400341157820273","48.32346199663","0.270178077950557","13733.8877","0.922555381022957","False","True","True","True"
"2025-02-06","24.05","24.15","23.9","23.92","9767","2.3455","0","0.00461990760184805","200.020600044637","30.6031518068295","30.6932668320814","30.5754033196066","29.7737530826452","-0.0148270181219113","-0.00965983807370674","0.00404450279136959","-0.0355991620960139","-0.0355991620960139","49.8331367010292","0.270236531293337","14033.5192","0.695975461379637","False","True","True","True"
"2025-02-07","24","24.18","23.99","24.17","6515","1.5697","0","0.0104515050167224","202.111116349451","30.923000801466","30.6943340317646","30.5811346923165","29.81173700978","-0.014274061990212","0.000690707096927534","0.0112456597884163","-0.0255197219005291","-0.0255197219005291","53.1808301543569","0.272946927453626","14015.46205","0.464827914824257","True","True","True","True"
"2025-02-10","24.01","24.06","23.82","23.88","9193","2.1968","0","-0.0119983450558545","199.686117435867","30.5519759676876","30.703521431805","30.5750999229499","29.8382016452369","0.0200768902178554","0.00605066588038694","-0.0117126685091549","-0.0372118725272917","-0.0372118725272917","49.088669552922","0.269098813031215","13586.06235","0.676630929785185","False","True","True","False"
"2025-02-11","24.11","24.22","24.03","24.08","5535","1.3368","0","0.00837520938023451","201.358530479718","30.8078551633969","30.7161988002194","30.5681609227277","29.8718550581626","0.0277422108408023","0.00829825273699836","-0.0133338909450825","-0.0291483203709039","-0.0291483203709039","51.8409467927812","0.269846163426663","13424.83535","0.412272542322093","True","True","True","False"
"2025-02-12","24.21","24.28","23.95","23.96","7348","1.7707","0","-0.0049833887043188","200.355082653407","30.6543276459713","30.685224359305","30.5565955769013","29.8984786016078","0.00629987400252019","-0.0198085455606489","-0.0221358699479208","-0.0339864516647365","-0.0339864516647365","50.0912004056684","0.256260801054707","12784.12545","0.574758127080175","False","True","True","False"
"2025-02-13","23.96","24.08","23.91","24.05","4851","1.1646","0","0.00375626043405686","201.10766852314","30.7694732840405","30.6370573548125","30.5461223035841","29.9202120724402","0.00543478260869579","-0.0303578531943618","-0.0200139820115282","-0.0196266357593589","-0.0303578531943617","51.4156769851225","0.250334594515466","12006.7341","0.404017692038337","True","True","True","False"
"2025-02-14","23.95","23.95","23.81","23.82","9092","2.1701","0","-0.00956340956340962","199.184393522711","30.4752122089748","30.5915447472015","30.543563511627","29.9380061762242","-0.014480761274307","-0.0290023477666501","-0.00501253132832136","-0.0285481239804242","-0.0396309381742078","47.916076873375","0.249684057087368","12018.90705","0.75645222666066","False","True","True","False"
"2025-02-17","23.95","24.19","23.95","24.17","9538","2.2998","0","0.0146935348446684","202.111116349451","30.9230008014661","30.5919916807906","30.547847596784","29.9564583226715","0.0121440536013402","0.000289145817996106","0.00838210007218709","-0.0142740619902119","-0.0255197219005289","53.1427414605035","0.250385878660289","11949.01795","0.798249784200885","True","True","True","True"
"2025-02-18","24.21","24.25","24.15","24.25","4751","1.1502","0","0.0033098882912701","202.780081566992","31.0253524797498","30.5969359321998","30.560453714916","29.9778454677633","0.007059800664452","0.00319742396504696","0.0249881876823208","-0.0110114192495921","-0.0222943010379739","54.2722953863504","0.250639725579797","11732.5298","0.404964324062488","True","True","True","True"
"2025-02-19","24.25","24.34","24.21","24.22","5481","1.33","0","-0.0012371134020619","202.529219610414","30.9869706003934","30.6464810466983","30.5711796028706","29.9938563130226","0.0108514190317195","0.0330344056999401","0.0212089914073814","-0.0122349102773246","-0.0235038338614321","53.7490363621759","0.223764583462182","10643.27975","0.514948317505232","True","True","True","True"
"2025-02-20","24.22","24.24","24.05","24.13","6074","1.4658","0","-0.00371593724194885","201.776633740681","30.8718249623242","30.6760027591291","30.5876363453513","30.0079772121568","0.00332640332640333","0.0194982540332804","0.0330407796161221","-0.0159053833605221","-0.0271324323318067","52.1253814846851","0.222580269473057","10533.0619","0.576675050205487","True","True","True","True"
"2025-02-21","24.13","24.34","24.1","24.32","6077","1.4738","0","0.00787401574803148","203.36542613234","31.114910198248","30.7338056518026","30.6029756243132","30.023710310861","0.0209907640638118","0.0385881888987472","0.0304808858629726","-0.00815660685154973","-0.0194720577832382","55.2020251240294","0.219341452259488","10162.58115","0.598023957722591","True","True","True","True"
"2025-02-24","24.06","24.25","24.05","24.25","4202","1.0141","0","-0.00287828947368418","202.780081566992","31.0253524797498","30.7585984182228","30.6172357853628","30.040971404256","0.00330988829126988","0.0162418439434628","0.0283598593523278","-0.0110114192495921","-0.0222943010379739","53.8294968109549","0.210345993106193","9498.75055","0.442400606046024","True","True","True","True"
"2025-02-25","23.97","23.99","23.82","23.93","10476","2.5043","0","-0.0131958762886598","200.10422069683","30.6159457666149","30.7579587202336","30.6286008531228","30.0560613072298","-0.0131958762886598","-0.000417710944026872","0.0227802203394927","-0.0240619902120719","-0.0351959844881946","47.9590218486158","0.215926061726333","9108.8759","1.1500890027495","False","True","True","True"
"2025-02-26","23.78","24.15","23.74","24.13","5174","1.2368","0","0.00835770998746344","201.776633740681","30.8718249623242","30.7522014383301","30.6353400934626","30.072559893058","-0.00371593724194874","-0.00371593724194896","0.0132716767488759","-0.0159053833605221","-0.0271324323318067","51.5177925483689","0.213857109750996","8846.0548","0.584945618921556","True","True","True","True"
"2025-02-27","24.16","24.2","23.76","23.81","13093","3.1282","0","-0.013261500207211","199.100772870519","30.4624182491894","30.7221356328343","30.6336018456659","30.0863704000533","-0.0132615002072111","-0.0193574958813844","-0.00341204065358225","-0.0289559543230017","-0.0400341157820273","46.0872858465798","0.218587874710395","9047.7176","1.44706185347783","False","True","True","False"
"2025-03-03","23.52","23.52","23.25","23.31","23055","5.3787","0","-0.0209995800083999","194.91974026089","29.8227202599162","30.6447321761322","30.6286451578438","30.0954703565653","-0.041529605263158","-0.0493474714518762","-0.00987384028440164","-0.041529605263158","-0.0601929961729969","39.1441632822975","0.225777973310874","9784.2907","2.35628914827725","False","True","False","False"
"2025-03-04","22.89","23.32","22.85","23.26","15245","3.5207","0","-0.00214500214500202","194.501636999927","29.7587504609888","30.6351367062931","30.6308925212942","30.1010392786315","-0.0408247422680412","-0.00640751815463481","0.00455178985990923","-0.0435855263157896","-0.0622088842120939","38.5192267080036","0.159381787708238","8864.30685","1.71985675337943","False","True","False","True"
"2025-03-05","23.49","23.55","23.41","23.52","8517","2.0002","0","0.0111779879621667","196.675773956934","30.0913934154109","30.6408939881966","30.6405447322672","30.1106207575061","-0.0171333054742999","0.00384122919334229","0.0196234596579716","-0.0328947368421054","-0.0517262664087897","43.5647627220864","0.164481783275792","8832.7103","0.964265294651405","False","True","False","True"
"2025-03-06","23.55","23.55","23.39","23.45","5098","1.196","0","-0.00297619047619047","196.090429391586","30.0018356969127","30.6178648605827","30.6472570270457","30.1195592997422","-0.0281806879403231","-0.0151196976060478","0.0136064175526831","-0.0357730263157896","-0.0545485096635254","42.5522513558365","0.153500118862392","8454.08755","0.60300026109855","False","False","False","True"
"2025-03-07","23.27","23.35","23.15","23.16","9884","2.2955","0","-0.0123667377398721","193.665430478001","29.6308108631342","30.569247813398","30.6366207849009","30.1265431228693","-0.0272994540109197","-0.031772575250836","-0.0210834463207193","-0.0476973684210528","-0.0662406602902879","38.5544291770031","0.157458645378819","8459.95445","1.16836598334167","False","False","False","False"
"2025-03-10","23.16","23.21","22.93","23.01","9181","2.1133","0","-0.00647668393782375","192.411120695113","29.4389014663522","30.4950428466423","30.6207184991627","30.1321344563879","-0.0128700128700128","-0.0479933802234178","-0.0313932791161582","-0.0538651315789475","-0.0722883244075787","36.6370862246989","0.151682028379553","8593.28175","1.06843046313476","False","False","False","False"
"2025-03-11","22.54","22.62","22.23","22.55","25031","5.621","0","-0.0199913081269014","188.564570694254","28.8503793162209","30.4099630140689","30.5892183607107","30.1441929837139","-0.0305245055889941","-0.0556951423785595","-0.0614829041934948","-0.0727796052631581","-0.0908344943672709","31.4686936436399","0.160763214256176","9385.17855","2.66704419810958","False","False","False","False"
"2025-03-12","22.68","22.93","22.64","22.75","9743","2.2212","0","0.00886917960088685","190.236983738106","29.1062585119302","30.3248831814956","30.5617761201559","30.1590041037648","-0.0327380952380952","-0.0552325581395349","-0.0535409722369662","-0.0645559210526317","-0.082770942210883","35.7149058960481","0.161228031357522","9595.5982","1.01537015170143","False","False","False","False"
"2025-03-13","23.09","23.13","22.57","22.58","8124","1.8523","0","-0.00747252747252758","188.815432650832","28.8887611955773","30.2366048589759","30.5325697226108","30.1690047933914","-0.0371002132196164","-0.0575959933222036","-0.0571905472182482","-0.0715460526315792","-0.0896249615438127","33.7979728240174","0.161918271687428","9634.3842","0.843177916861568","False","False","False","False"
"2025-03-14","22.5","22.61","22.36","22.55","8078","1.8172","0","-0.00132860938883961","188.564570694254","28.8503793162209","30.1406501605849","30.5029303824412","30.1826139859525","-0.0263385146804835","-0.0623700623700625","-0.0580618212197166","-0.0727796052631581","-0.0908344943672709","33.4567032261542","0.160137023681195","9795.71485","0.824599952498617","False","False","False","False"
"2025-03-17","22.8","22.88","22.7","22.71","5575","1.2704","0","0.00709534368070952","189.902501129335","29.0550826727883","30.0696436837756","30.4795973399867","30.1985493059126","-0.0130378096479793","-0.0465994962216628","-0.0459687916328505","-0.0662006578947371","-0.0843836526421605","37.1043356572727","0.162214982236414","9619.88875","0.579550049370373","False","False","False","False"
"2025-03-18","22.83","23","22.81","22.89","3904","0.8944","0","0.00792602377807139","191.407672868802","29.2853739489267","29.9877623411486","30.4632038159384","30.2169206082521","0.0150776053215078","-0.0529582126603232","-0.0324956859361516","-0.0587993421052634","-0.0771264557014115","41.0212115219995","0.15438311635708","9338.1834","0.418089239926472","False","False","False","False"
"2025-03-19","22.93","22.94","22.58","22.64","6065","1.3783","0","-0.0109217999126257","189.317156563987","28.9655249542901","29.8847709648757","30.4369308572895","30.2244596653975","-0.00483516483516511","-0.0663917525773197","-0.0516135993924706","-0.0690789473684215","-0.0872058958968964","37.5257784110287","0.15533191862678","9403.88975","0.644986613119321","False","False","False","False"
"2025-03-20","22.8","22.99","22.8","22.98","4707","1.0777","0","0.0150176678445229","192.160258738535","29.4005195869958","29.8054484142058","30.4174942984562","30.235520300133","0.0177147918511955","-0.0511973575557393","-0.038152402109169","-0.0550986842105268","-0.0734978572310372","44.4575059247438","0.168471248374184","9365.2123","0.50262501790803","False","False","False","False"
"2025-03-21","22.95","22.99","22.86","22.87","2982","0.6835","0","-0.0047867711053089","191.240431564417","29.2597860293557","29.7248464675574","30.3990202661641","30.2446845114451","0.0141906873614188","-0.0522171570658931","-0.03650005323767","-0.0596217105263163","-0.0779328109170505","42.8028350756172","0.168610626064974","9210.61225","0.323773590620971","False","False","False","False"
"2025-03-24","23.07","23.08","22.79","22.81","3216","0.7369","0","-0.0026235242675996","190.738707651261","29.183022270643","29.6282520711771","30.3747182198702","30.2571373766972","0.00440334654337282","-0.0620888157894739","-0.0475870851217115","-0.0593814432989697","-0.0803518765639669","41.8870582893625","0.1639960753713","9067.549","0.354693644335421","False","False","False","False"
"2025-03-25","23.02","23.14","22.93","23.02","6532","1.5052","0","0.00920648838228844","192.494741347305","29.4516954261377","29.5495692184965","30.3546873041364","30.2682109660296","0.00567933595456505","-0.0507216494845364","-0.0392076914260562","-0.0460008288437636","-0.0718851467997598","46.2237665103791","0.169769338098011","9184.0389","0.711239474388551","False","False","False","False"
"2025-03-26","23.06","23.11","22.94","23.02","2888","0.665","0","0","192.494741347305","29.4516954261377","29.4913567014726","30.3383779849672","30.277527134762","0.0167844522968197","-0.0380275804429591","-0.0321574421173194","-0.0460008288437636","-0.0718851467997598","46.2237665103791","0.165188965543666","8804.6613","0.328061001051795","False","False","False","False"
"2025-03-27","22.61","22.66","22.53","22.55","7716","1.7414","0","-0.020417028670721","188.564570694254","28.8503793162209","29.3902844191675","30.3149413057385","30.2805918037235","-0.0187119234116623","-0.065478657273104","-0.046475865761164","-0.0529189416211681","-0.0908344943672712","38.7230199297357","0.17292161068337","8931.7369","0.863882701247055","False","False","False","False"
"2025-03-28","22.34","22.38","22.08","22.19","11015","2.4454","0","-0.0159645232815965","185.554227215322","28.3897967639442","29.2866533449052","30.2743175038624","30.2772338426907","-0.0297332750327943","-0.0680386392272158","-0.0790673867768017","-0.0565476190476194","-0.105348888248769","34.1517074457061","0.175232684819726","8827.85265","1.24774647207099","False","False","False","False"
"2025-03-31","21.48","21.6","21.25","21.25","23913","5.1134","0","-0.0423614240648942","177.69388590922","27.1871645441106","29.1548755591149","30.2136498316557","30.2597188391987","-0.0683910565541429","-0.0883740883740883","-0.118079403740741","-0.0965136054421772","-0.143247583383792","25.6402492740152","0.215396581085716","8870.76875","2.69570097856513","False","False","False","False"
"2025-04-01","21.46","21.83","21.46","21.79","9350","2.0231","0","0.0254117647058822","182.209401127619","27.8780383725256","29.0608399546918","30.1620156588796","30.2463070746925","-0.0534317984361425","-0.0631986242476359","-0.100014252692203","-0.073554421768708","-0.121475992561545","35.5738027722321","0.240218626011631","8575.98525","1.09021502806339","False","False","False","False"
"2025-04-02","21.79","21.92","21.62","21.71","18893","4.1182","0","-0.00367140890316653","181.540435910078","27.7756866942419","28.9450546186333","30.1082621140693","30.2318356241693","-0.0569070373588184","-0.0769557823129254","-0.104036100655801","-0.0742004264392329","-0.1247014134241","34.8314352050713","0.234179196109534","9094.8012","2.07738405540959","False","False","False","False"
"2025-04-07","19.54","19.54","19.54","19.54","7789","1.522","0","-0.0999539382772916","163.394754384289","24.9993974207963","28.6949327048275","30.0069965491801","30.2013614897828","-0.133481152993348","-0.166737739872069","-0.195522738983187","-0.156303972366149","-0.212190954320908","21.6398427076557","0.413502168540037","9229.3439","0.843902999432061","False","False","False","False"
"2025-04-08","18.26","19","18.19","18.44","68478","12.6937","0","-0.0562947799385874","154.196482643106","23.5920618443953","28.3929952538906","29.8851699664567","30.1587460481968","-0.168995042812078","-0.203799654576857","-0.236543788214012","-0.198957428323197","-0.256540491181041","17.9323472174293","0.446680425813618","12159.0426","5.63188231612907","False","False","False","False"
"2025-04-09","18.23","18.45","17.16","17.36","47210","8.4101","0","-0.0585683297180044","145.165452206308","22.2103141875652","28.0315658899512","29.7403142561194","30.104926175851","-0.183058823529412","-0.245545415036941","-0.281258143351152","-0.245873153779322","-0.300083672825536","15.1820871371688","0.477022941686974","14060.4682","3.35762901551173","False","False","False","False"
"2025-04-10","19.09","19.09","19.09","19.09","5094","0.9724","0","0.0996543778801844","159.631825035624","24.4236692304504","27.8102303856627","29.6412382771789","30.0643820447452","-0.123910050481872","-0.153436807095344","-0.195749279243862","-0.170721112076455","-0.230333946672781","32.9275660089015","0.622455465421721","13063.61245","0.389905244012348","False","False","False","False"
"2025-04-11","18.71","20.02","18.43","20.01","31263","6.0772","0","0.0481927710843375","167.32492503734","25.6007135307131","27.6349531366018","29.5586783727723","30.0350939036944","-0.0783049286043296","-0.120439560439561","-0.162124250944048","-0.130755864465682","-0.193241606753397","40.1042313117998","0.651207608380526","14139.62415","2.21104307075942","False","False","False","False"
"2025-04-14","20.71","20.77","20.14","20.17","18181","3.7136","0","0.00799600199900041","168.662855472422","25.8054168872805","27.480785921187","29.4675383798226","30.0045136711602","0.0322415557830096","-0.106731620903455","-0.174855524372216","-0.12380538662033","-0.186790765028286","41.2809548725053","0.652928028529298","14642.5196","1.24168582297817","False","False","False","False"
"2025-04-15","20.29","20.43","20.14","20.39","7539","1.53","0","0.0109072880515617","170.502509820658","26.0868840025607","27.342611155504","29.3734395569672","29.9727641567201","0.105748373101952","-0.0957871396895792","-0.17792085765626","-0.114248479582971","-0.168822748571033","42.9408883861667","0.655236235534905","14615.597","0.515825251613054","False","False","False","False"
"2025-04-16","20.18","20.26","20","20.02","9928","1.9935","0","-0.0181461500735656","167.408545689533","25.6135074904985","27.1705323963895","29.2772402757889","29.9360360611894","0.153225806451613","-0.118450022016733","-0.183905415713197","-0.130321459600348","-0.18352365415987","40.8493740699727","0.655586936030461","14833.25335","0.669329496755343","False","False","False","False"
"2025-04-17","19.85","19.96","19.64","19.88","13664","2.7035","0","-0.00699300699300698","166.237856558837","25.4343920535021","26.9779833016183","29.1859124411858","29.8932667189936","0.0413829229963329","-0.131498470948013","-0.177254935090536","-0.13640312771503","-0.189233278955955","40.0544034484423","0.653679833936607","15321.24865","0.891839843614835","False","False","False","False"
"2025-04-18","19.97","20.06","19.86","19.98","3007","0.6006","0","0.0050301810865192","167.074063080763","25.5623316513567","26.8078236364716","29.096510177849","29.8537344714427","-0.0014992503748128","-0.117491166077738","-0.173448060584675","-0.132059079061685","-0.18515497553018","40.9385543494661","0.65460848518858","15168.35435","0.198274442342521","False","False","False","False"
"2025-04-21","19.92","19.99","19.69","19.72","6538","1.2938","0","-0.0130130130130131","164.899926123756","25.2296886969346","26.5992820919685","29.0170705176242","29.8109133108598","-0.022310361923649","-0.141862489120975","-0.158900145317803","-0.143353605560382","-0.195758564437195","39.3149332683031","0.650551468120614","15259.88275","0.428427800338112","False","False","False","False"
"2025-04-22","19.56","19.72","19.33","19.35","6662","1.299","0","-0.0187626774847869","161.805961992631","24.7563121848725","26.3741083997444","28.924985875477","29.7606325048098","-0.0510053948013731","-0.153913423699169","-0.182457885804228","-0.159426585577758","-0.210848287112561","37.0622652246832","0.651862435210407","15443.86495","0.431355559088854","False","False","False","False"
"2025-04-23","19.87","20.36","19.83","20.25","9955","2.0032","0","0.0465116279069766","169.331820689962","25.9077685655642","26.2103457144904","28.8574678124901","29.7183965033638","0.0114885114885115","-0.112231477422183","-0.135221594358569","-0.120330147697654","-0.174143556280588","45.2760375446785","0.679503052279303","15780.80175","0.630825870428288","False","False","False","False"
"2025-04-24","20.33","20.34","19.99","20.02","5552","1.1186","0","-0.011358024691358","167.408545689533","25.6135074904985","26.0184363177085","28.775534651476","29.6726745494686","0.00704225352112697","-0.130321459600347","-0.161024259144407","-0.130321459600348","-0.18352365415987","43.7062352437516","0.677694305496012","15731.8134","0.352933502249652","False","False","False","False"
"2025-04-25","20.6","20.7","20.55","20.61","9650","1.9902","0","0.0294705294705295","172.342164168895","26.3683511178409","25.8642691022936","28.7045281746666","29.6344834913229","0.0315315315315312","-0.104691572545612","-0.139097744360903","-0.0860310421286029","-0.159461663947798","48.626873161428","0.689183328382961","16069.879","0.600488528880647","True","False","False","False"
"2025-04-28","20.73","20.84","20.7","20.72","5921","1.229","0","0.00533721494420192","173.261991343013","26.509084675481","25.7472043702566","28.6298967425848","29.6002564102476","0.050709939148073","-0.0811529933481153","-0.144508670520232","-0.0662460567823342","-0.154975530179446","49.5129401402027","0.687412992397707","15980.12805","0.370519809445457","True","False","False","False"
"2025-04-29","20.71","20.85","20.65","20.85","5193","1.0794","0","0.00627413127413146","174.349059821517","26.6754061526921","25.661484839694","28.5567579391445","29.5642106333296","0.0775193798449612","-0.0603875619648486","-0.141268533772653","-0.043139054612207","-0.149673735725938","50.5974054408521","0.686523198106672","15689.04795","0.3310156241826","True","False","False","False"
"2025-04-30","20.78","20.86","20.7","20.73","5031","1.0449","0","-0.00575539568345329","173.345611995206","26.5218786352665","25.6282205442518","28.475942759833","29.5275057265271","0.023703703703704","-0.024470588235294","-0.154567699836868","-0.048646167966957","-0.147615131578948","49.5395884177598","0.670236379219325","14744.96485","0.341220074186884","True","False","False","False"
"2025-05-02","21.11","21.25","21.1","21.25","11448","2.4238","0","0.0250844187168355","177.69388590922","27.1871645441106","25.5936768528311","28.4298845046053","29.5016171307647","0.0614385614385617","-0.0247820100963742","-0.0922682614267406","-0.0211883924458771","-0.126233552631579","54.0250802016418","0.670070250189146","14849.8879","0.770923597342442","True","False","False","False"
"2025-05-05","21.36","21.48","20.82","21.03","10246","2.1582","0","-0.0103529411764706","175.854231560983","26.9056974288304","25.5501773895605","28.3787086654635","29.4734863533908","0.0203784570596801","-0.0313219714417318","-0.102432778489116","-0.0103529411764706","-0.135279605263158","51.9221913859687","0.670921707537265","14417.5408","0.710693532422672","True","False","False","False"
"2025-05-06","20.9","21.13","20.82","21.04","7738","1.6258","0","0.0004755111745125","175.937852213176","26.9184913886159","25.6461320879515","28.3196432177872","29.4464959691718","0.0154440154440154","0.0767656090071656","-0.116337673246535","-0.00988235294117668","-0.134868421052632","52.0136239390198","0.559378406470648","14414.9966","0.536787292755935","True","False","False","False"
"2025-05-07","21.12","21.26","20.88","20.99","6529","1.3748","0","-0.00237642585551334","175.519748952213","26.8545215896885","25.8092550752161","28.2571660475016","29.4162846835541","0.0067146282973618","0.138286334056399","-0.122491638795987","-0.0122352941176472","-0.136924342105263","51.4863900561266","0.512728939487377","11317.55515","0.576932730917596","True","False","False","False"
"2025-05-08","21.2","21.34","21.14","21.29","5172","1.0992","0","0.0142925202477371","178.02836851799","27.2383403832525","26.0606563850005","28.1957550405313","29.3884448664239","0.0270139893873613","0.226382488479263","-0.119155978485726","0","-0.124588815789474","54.4685672817383","0.450657996218736","9215.66685","0.561225799953912","True","False","False","False"
"2025-05-09","21.36","21.54","21.29","21.53","6486","1.3911","0","0.0112728980742134","180.035264170612","27.5453954181036","26.2167426943832","28.1456453647049","29.3603726438274","0.0131764705882353","0.127815610267156","-0.0984087102177552","0","-0.114720394736842","56.7586129534527","0.304610568411524","9285.28285","0.698513023757806","True","False","False","False"
"2025-05-12","21.7","21.82","21.68","21.75","6081","1.323","0","0.0102183000464469","181.874918518848","27.8268625333838","26.3280501445167","28.0959621542047","29.3320615384662","0.0342368045649073","0.0869565217391306","-0.0967607973421927","0","-0.105674342105263","58.80403813118","0.262033755160696","8026.1788","0.757675246407419","True","False","False","False"
"2025-05-13","22.33","22.35","22.12","22.14","8078","1.7975","0","0.0179310344827586","185.136123954359","28.3258269650169","26.4540706484035","28.0571538095222","29.3068746932117","0.0522813688212931","0.09766980664353","-0.0759599332220363","0","-0.0896381578947372","62.2161034341213","0.26622908374234","7520.99205","1.07401709060442","True","False","False","False"
"2025-05-14","22.45","22.65","22.41","22.65","11005","2.4785","0","0.0230352303523034","189.40077721618","28.9783189140755","26.5986423939793","28.0273012366894","29.2867117701367","0.0790852787041452","0.110838646395293","-0.0582120582120582","0","-0.068667763157895","66.1629108457095","0.273304266275844","7694.29725","1.43030580213157","True","False","False","False"
"2025-05-15","22.61","22.62","22.44","22.53","4997","1.1264","0","-0.00529801324503298","188.397329389869","28.82479139665","26.7592065892868","27.9997942231507","29.2716788673888","0.0582433067167687","0.125374625374626","-0.054156171284635","-0.00529801324503287","-0.0736019736842106","64.4568136177006","0.262197086753215","7447.7374","0.67096041812645","True","False","False","False"
"2025-05-16","22.5","22.6","22.44","22.54","5855","1.3186","0","0.00044385264092317","188.480950042062","28.8375853564354","26.9293662544335","27.9650372990668","29.2564424479254","0.0469112865768695","0.133802816901409","-0.0674389739346299","-0.00485651214128024","-0.0731907894736845","64.5388761861653","0.258594112203374","7057.26625","0.829595595886722","True","False","False","False"
"2025-05-19","22.45","22.45","22.1","22.12","6102","1.3587","0","-0.0186335403726707","184.968882649974","28.300239045446","27.066261624138","27.9196187418284","29.2400362283722","0.0170114942528734","0.107107107107107","-0.0878350515463916","-0.0233995584988961","-0.0904605263157896","58.4363989763744","0.273497489566075","7211.97195","0.846039202911764","True","False","False","False"
"2025-05-20","22.37","22.44","22.12","22.17","3896","0.8678","0","0.00226039783001819","185.386985910936","28.3642088443733","27.2229876315099","27.8759060458947","29.2235428243827","0.00135501355013568","0.12423935091278","-0.0846407927332781","-0.0211920529801323","-0.088404605263158","58.9342166107946","0.265226440342309","7079.88625","0.550297541856693","True","False","False","False"
"2025-05-21","22.26","22.55","22.26","22.54","5083","1.1402","0","0.0166892196662154","188.480950042062","28.8375853564354","27.4270512900881","27.8420020524633","29.2148191989073","-0.00485651214128024","0.164857881136951","-0.0658930791545796","-0.00485651214128024","-0.0731907894736845","62.5123891285123","0.2507805088898","7000.92425","0.725983715650116","True","False","False","False"
"2025-05-22","22.32","22.38","22.24","22.31","3889","0.8676","0","-0.0102040816326531","186.557675041632","28.5433242813698","27.5588290758783","27.799142287182","29.2010589557476","-0.00976475810031074","0.101728395061729","-0.0826480263157898","-0.0150110375275938","-0.0800000000000004","59.0670105414377","0.212473437304699","6697.6091","0.580600471293555","True","False","False","False"
"2025-05-23","22.45","22.45","22.17","22.25","3362","0.748","0","-0.00268937696100402","186.055951128477","28.466560522657","27.7014817274863","27.7564957545637","29.1868657699633","-0.0128660159716061","0.111388611388612","-0.0824742268041236","-0.0176600441501104","-0.0779113137173646","58.1663711847759","0.20577664860456","6588.08305","0.510279389996457","True","False","False","False"
"2025-05-26","22.21","22.3","22.11","22.16","3630","0.8059","0","-0.00404494382022469","185.303365258744","28.3514148845878","27.8006349158236","27.7187535731966","29.1736772131597","0.00180831826401451","0.0752062105773896","-0.0739657333890515","-0.0216335540838853","-0.0816411106506427","56.7681162664873","0.187281650188197","6287.11415","0.577435038299726","True","True","False","False"
"2025-05-27","22.16","22.16","21.95","22","4118","0.9069","0","-0.00722021660649819","183.965434823663","28.1467115280204","27.8825162584506","27.6733350159582","29.1543375547104","-0.00766801984663978","0.0617760617760614","-0.0882718607542478","-0.0286975717439294","-0.0760184796304078","54.2704194515652","0.191089698178733","6196.95595","0.664485923931733","True","True","False","False"
"2025-05-28","22.25","22.32","21.98","22.11","3258","0.7208","0","0.00499999999999989","184.885261997781","28.2874450856605","27.963118205099","27.6370854632327","29.1353436544493","-0.0190771960958297","0.0604316546762587","-0.0713985720285597","-0.023841059602649","-0.059948979591837","55.7130926904174","0.190859735996745","6100.1826","0.53405827556703","True","True","False","False"
"2025-05-29","22.41","22.41","22.25","22.26","7427","1.6583","0","0.00678426051560388","186.13957178067","28.4793544824424","28.0609919974578","27.6146960336082","29.121670595726","-0.00224114746750326","0.073806078147612","-0.0450450450450446","-0.0172185430463577","-0.0535714285714288","57.6740180266663","0.188399174846697","6219.9823","1.19409857484643","True","True","False","False"
"2025-06-02","21.94","22","21.7","21.78","6988","1.5246","0","-0.0215633423180593","182.125780475426","27.8652444127402","28.0948959908893","27.5831375994707","29.1070150603825","-0.0211235955056179","0.024941176470588","-0.0636285468615649","-0.0384105960264902","-0.073979591836735","50.0387113857261","0.190705745717332","5996.97015","1.16523608175705","False","True","False","False"
"2025-06-03","22.06","22.21","21.95","21.97","5557","1.2286","0","0.00872359963269043","183.714572867085","28.108329648664","28.1550276018809","27.5500865366916","29.0953156344794","-0.00857400722021695","0.0446980504041843","-0.0659013605442177","-0.0300220750551879","-0.063113006396589","52.7076245875258","0.187234469167869","5762.47385","0.964260688141778","False","True","False","False"
"2025-06-04","22.28","22.44","22.24","22.38","4936","1.1047","0","0.0186618115612198","187.14301960698","28.632881999868","28.2407471324436","27.5272706417409","29.0872638343933","0.0172727272727271","0.0636882129277565","-0.0456289978678042","-0.0119205298013249","-0.0336787564766844","57.9302158897998","0.195871671528339","5622.37415","0.877884123026569","True","True","False","False"
"2025-06-05","22.5","22.53","22.37","22.43","7306","1.6395","0","0.00223413762287761","187.561122867943","28.6968517987953","28.3328636428989","27.5117046573352","29.074162721118","0.0144730890999547","0.068604097189138","-0.0315198618307431","-0.00971302428256093","-0.025629887054735","58.5316424154378","0.194822824846952","5661.22485","1.29061858406843","True","True","False","False"
"2025-06-06","22.43","22.48","22.34","22.43","2715","0.6084","0","0","187.561122867943","28.6968517987953","28.405789213676","27.4993371628759","29.0600278310193","0.00763701707097919","0.053546265852513","-0.0252064319860933","-0.00971302428256093","-0.025629887054735","58.5316424154378","0.190782965264522","5538.355","0.490158720414275","True","True","False","False"
"2025-06-09","22.61","22.65","22.5","22.61","6184","1.3971","0","0.00802496656263929","189.06629460741","28.9271430749337","28.4748765965175","27.5006165588545","29.0449174597826","0.0381083562901743","0.0501625638643755","0.00266075388026588","-0.00176600441501129","-0.0178105994787141","60.8673751242414","0.18918439811177","5523.2702","1.11966186264072","True","True","False","True"
"2025-06-10","22.82","23.24","22.82","23.21","14064","3.2486","0","0.0265369305616985","194.083533738964","29.6947806620615","28.5682725029514","27.5104252613567","29.0361006907563","0.0564406008192992","0.0671264367816087","0.0202197802197799","0","0","67.4490119206869","0.206105520889956","5922.40595","2.37470246361616","True","True","True","True"
"2025-06-11","23.37","23.42","23.26","23.39","9152","2.1365","0","0.00775527789745789","195.58870547843","29.9250719381999","28.6482347516106","27.527697107067","29.0301334148389","0.045129579982127","0.0564588979223124","0.0358724534986714","0","0","69.1265999961413","0.19960948692303","5976.10205","1.53136541568931","True","True","True","True"
"2025-06-12","23.3","23.35","23.21","23.26","5312","1.2366","0","-0.00555793073963229","194.501636999927","29.7587504609888","28.6872563289562","27.5428366261465","29.0228835042938","0.0370040124832813","0.0269315673289181","0.0314855875831483","-0.0055579307396324","-0.0055579307396324","66.4624832711776","0.186591241988669","5691.43385","0.933303301065337","True","True","True","True"
"2025-06-13","23.1","23.2","22.97","23.08","6407","1.4781","0","-0.00773860705073104","192.996465260461","29.5284591848505","28.7224397183663","27.5507262346809","29.0151617873338","0.0289790459206418","0.0244118952507766","0.0162923822104801","-0.013253527148354","-0.013253527148354","62.8506187944847","0.187948553135908","5761.9325","1.11197241550469","True","True","True","True"
"2025-06-16","23","23.11","22.94","23.11","4468","1.0288","0","0.0012998266897748","193.247327217038","29.5668410642069","28.7589025037548","27.5554173532689","29.0093105846037","0.0221141088014154","0.0252883762200531","0.00961118392310967","-0.0119709277469005","-0.0119709277469005","63.2094781423777","0.187923019644803","5692.58465","0.784831543963075","True","True","True","True"
"2025-06-17","23.3","23.35","23.09","23.16","6879","1.598","0","0.00216356555603636","193.665430478001","29.6308108631342","28.8254310946392","27.5665054517496","29.0017181545195","-0.00215424386040508","0.0470162748643765","0.0229681978798586","-0.00983326207781099","-0.00983326207781099","63.8364913262903","0.172508776596892","5731.46375","1.20025063405487","True","True","True","True"
"2025-06-18","23.06","23.27","23.06","23.27","8223","1.9088","0","0.00474956822107075","194.58525765212","29.7715444207743","28.8957978734593","27.5726891989792","28.9950917487177","-0.00513039760581457","0.0496165990076674","0.0126196692776328","-0.00513039760581457","-0.00513039760581457","65.2400396227072","0.172716674408059","5947.83125","1.38258697235232","True","True","True","True"
"2025-06-19","23.21","23.23","23.04","23.1","4545","1.0509","0","-0.00730554361839275","193.163706564846","29.5540471044214","28.9316209608586","27.5775935502303","28.9883069081972","-0.00687876182287206","0.0248447204968945","0.0100568430257972","-0.0123984608807183","-0.0123984608807183","61.281567538946","0.167456164812897","5920.9676","0.767658988709886","True","True","True","True"
"2025-06-20","23.06","23.12","22.82","22.98","9909","2.2734","0","-0.0051948051948052","192.160258738535","29.4005195869958","28.9744807261399","27.5812185055029","28.9779683626865","-0.00433275563258229","0.0300313760645454","0.00745287154756724","-0.0175288584865326","-0.0175288584865326","58.5796199044754","0.163803826257536","6221.9839","1.5925725876597","True","True","True","True"
"2025-06-23","22.63","22.95","22.62","22.93","5709","1.304","0","-0.00217580504786774","191.742155477572","29.3365497880685","29.0179801894105","27.5792994115351","28.9669933578357","-0.00778883600173086","0.0305617977528088","-0.0039096437880104","-0.019666524155622","-0.019666524155622","57.4431479173556","0.163638389344297","6339.3258","0.900506012800289","True","True","True","False"
"2025-06-24","23.35","23.44","23.31","23.4","8623","2.0163","0","0.020497165285652","195.672326130623","29.9378658979853","29.0973027400803","27.5874022527325","28.9628901188499","0.0103626943005182","0.0559566787003607","0.0165073848827109","0","0","64.4290189803006","0.175271212057648","6588.9455","1.30867587233799","True","True","True","True"
"2025-06-25","23.64","23.71","23.59","23.69","12955","3.066","0","0.0123931623931626","198.097325044208","30.3088907317638","29.2054117002675","27.6117107763249","28.9633260410317","0.0180489901160295","0.0768181818181819","0.0505543237250561","0","0","67.9274214477525","0.174247689458498","7030.82135","1.84264488529495","True","True","True","True"
"2025-06-26","23.75","23.84","23.68","23.72","12288","2.9213","0","0.00126635711270562","198.348187000785","30.3472726111202","29.3084030765405","27.6443353737778","28.9593264388201","0.0268398268398269","0.0728177295341474","0.0689499774673275","0","0","68.2750241691457","0.174400487447734","7482.3491","1.64231952235428","True","True","True","True"
"2025-06-27","23.76","23.78","23.65","23.75","5953","1.4116","0","0.00126475548060712","198.599048957363","30.3856544904766","29.4037180769422","27.6976435395506","28.9556466856032","0.0335073977371627","0.066936208445642","0.117647058823529","0","0","68.6410364637656","0.174154854102527","7408.6217","0.803486024937675","True","True","True","True"
"2025-06-30","23.78","23.83","23.72","23.76","5545","1.3186","0","0.0004210526315791","198.682669609556","30.398448450262","29.5303782788183","27.7396503741795","28.9508330165296","0.0361971216746619","0.0909090909090906","0.0904084442404776","0","0","68.7703740006296","0.148051378111659","7336.4542","0.755751463697545","True","True","True","True"
"2025-07-01","23.84","24.17","23.84","23.9","16874","4.0577","0","0.00589225589225584","199.853358740252","30.5775638872585","29.653839990748","27.7863483273965","28.9473052207329","0.0213675213675215","0.0878470641784252","0.10087517273146","0","0","70.5986544339103","0.147294152177334","7902.35205","2.13537487234576","True","True","True","True"
"2025-07-02","23.86","24","23.83","23.98","4695","1.1236","0","0.00334728033472809","200.522323957792","30.6799155655422","29.7561916690317","27.8810236298089","28.9440100894945","0.0122414520894896","0.0714924039320828","0.227226202661209","0","0","71.6210500642763","0.137112732016813","7890.28955","0.594977278115224","True","True","True","True"
"2025-07-03","24.22","24.36","24.22","24.32","12084","2.9368","0","0.0141784820683903","203.36542613234","31.114910198248","29.8770945890044","28.0064044357065","28.9457872010816","0.0252951096121421","0.0842621489077127","0.318872017353579","0","0","75.5175933013822","0.142121205966252","8129.1862","1.48654670992774","True","True","True","True"
"2025-07-04","24.39","24.46","24.15","24.19","6666","1.6196","0","-0.00534539473684204","202.278357653836","30.948588721037","29.9896814351164","28.1520423445977","28.9461783003585","0.0185263157894739","0.0784663397235843","0.393433179723503","-0.00534539473684204","-0.00534539473684204","71.4765290895086","0.145390932689303","8326.7469","0.800539163739923","True","True","True","True"
"2025-07-07","24.18","24.18","23.93","23.97","6041","1.4509","0","-0.00909466721785868","200.4387033056","30.6671216057568","30.0766803616576","28.2560998841861","28.9486690806825","0.00883838383838387","0.0601503759398498","0.255631220534312","-0.0143914473684212","-0.0143914473684212","65.1252522803563","0.1514048859248","8319.5659","0.726068532013191","True","True","True","True"
"2025-07-08","23.9","24","23.84","23.91","5285","1.2642","0","-0.00250312891113891","199.936979392444","30.590357847044","30.1214592209067","28.3392606227916","28.9489694977819","0.000418410041841177","0.03015941404567","0.194902548725638","-0.016858552631579","-0.016858552631579","63.4688290035494","0.124069769526181","7880.6313","0.670664544349385","True","True","True","True"
"2025-07-09","23.91","24.36","23.91","24.35","7634","1.8511","0","0.0184023421162693","203.616288088918","31.1532920776044","30.182870227877","28.4283918759637","28.9479651278932","0.0154295246038367","0.0410431808465155","0.207238472979672","0","0","69.5793296633237","0.136322731408612","7804.74935","0.978116869313683","True","True","True","True"
"2025-07-10","24.42","24.65","24.41","24.63","15309","3.7621","0","0.0114989733059547","205.95766635031","31.5115229515974","30.2705088524074","28.5188025251143","28.9461210410407","0.0127467105263157","0.0588993981083406","0.207945071113292","0","0","72.7078629712721","0.137143544825485","8304.58535","1.84338571461608","True","True","True","True"
"2025-07-11","24.6","24.69","24.54","24.67","6113","1.506","0","0.00162403572878622","206.29214895908","31.5626987907392","30.3722208327018","28.6179557134516","28.9475979946203","0.0198429102935098","0.0688908145580596","0.232267732267733","0","0","73.1329507489521","0.131417201632516","8289.8596","0.737358085051284","True","True","True","True"
"2025-07-14","24.61","24.61","24.36","24.38","10816","2.643","0","-0.0117551682205108","203.867150045495","31.1916739569608","30.4534624773395","28.7139104118426","28.9499114265142","0.017104714226116","0.0549545651233228","0.22635814889336","-0.0117551682205109","-0.0117551682205109","65.2036372696876","0.141896028501959","8607.2646","1.25659201879306","True","True","True","True"
"2025-07-15","24.41","24.81","24.41","24.77","9096","2.2445","0","0.0159967186218213","207.128355481006","31.6906383885939","30.5564538536125","28.8160488574632","28.9562795176561","0.0359682141363447","0.0695164075993095","0.23973973973974","0","0","69.9260529698053","0.149475001543749","8718.0842","1.04330088943165","True","True","True","True"
"2025-07-16","24.91","25.14","24.9","25.01","12363","3.097","0","0.00968914008881727","209.135251133627","31.997693423445","30.667761303746","28.9288489362384","28.9729597269313","0.0271047227926082","0.0747743876235505","0.268255578093307","0","0","72.4077501992401","0.151082783603121","8925.07415","1.38522020010332","True","True","True","True"
"2025-07-17","25.1","25.16","24.86","25.04","5030","1.2572","0","0.00119952019192304","209.386113090205","32.0360753028014","30.791862713665","29.0501783215372","28.9875820985071","0.0166463662200571","0.0839826839826847","0.29405684754522","0","0","72.7108896361055","0.145824166614936","8949.2964","0.562025077189308","True","True","True","True"
"2025-07-18","25.37","25.4","25.3","25.4","18135","4.6005","0","0.0143769968051117","212.396456569138","32.4966578550781","30.9466696270691","29.1599931430291","29.0087304777596","0.0295905958654235","0.105308964316798","0.254320987654321","0","0","76.1036475407561","0.145862767159965","9360.6139","1.93740615666244","True","True","True","True"
"2025-07-21","25.4","25.5","25.37","25.4","8806","2.2379","0","0","212.396456569138","32.4966578550781","31.1046750304196","29.2747123157721","29.025123483624","0.0418375717801476","0.107719145224596","0.26873126873127","0","0","76.1036475407561","0.144630734218669","9515.47685","0.925424982774248","True","True","True","True"
"2025-07-22","25.47","25.68","25.09","25.12","13215","3.3519","0","-0.0110236220472441","210.055078307746","32.1384269810851","31.2147030845746","29.3708802468262","29.0377042107464","0.0141299959628582","0.0735042735042737","0.218825812712275","-0.0110236220472441","-0.0110236220472441","68.4294743754969","0.143594227307008","9745.11095","1.35611344681509","True","True","True","True"
"2025-07-23","25.28","25.42","25.24","25.28","9054","2.293","0","0.00636942675159236","211.393008742827","32.3431303376525","31.316415064869","29.4681143411957","29.0490055418902","0.0107956817273089","0.0671169269734073","0.220077220077219","-0.00472440944881891","-0.00472440944881891","70.274098128855","0.14025011598788","9550.0217","0.948010620750736","True","True","True","True"
"2025-07-24","25.38","25.52","25.38","25.5","7848","1.9995","0","0.00870253164556956","213.232663091064","32.6245974529327","31.4302813069597","29.5672675295331","29.0620127343388","0.0183706070287539","0.0750421585160208","0.223021582733813","0","0","72.6411672007921","0.141306787649376","9328.01255","0.841360896325123","True","True","True","True"
"2025-07-25","25.52","25.59","25.42","25.48","5760","1.4693","0","-0.000784313725490149","213.065421786678","32.5990095333618","31.5409490591039","29.6685530445013","29.0722479021672","0.00314960629921268","0.0728421052631583","0.22913651712494","-0.000784313725490038","-0.000784313725490038","72.079242525327","0.141953570810086","9318.38405","0.618149452640343","True","True","True","True"
"2025-07-28","25.61","25.68","25.5","25.66","9136","2.3416","0","0.00706436420722123","214.570593526145","32.8293008095001","31.6624916770658","29.7625886489245","29.0962365767649","0.0102362204724409","0.0799663299663298","0.207529411764705","0","0","74.0266233772771","0.141964123994093","9497.95375","0.961884026862102","True","True","True","True"
"2025-07-29","25.6","25.63","25.29","25.39","10951","2.7818","0","-0.0105222135619641","212.312835916945","32.4838638952926","31.7578066774675","29.8555580900322","29.1171333777478","0.010748407643312","0.0623430962343101","0.207322872087494","-0.0105222135619643","-0.0105222135619643","66.5307528059584","0.150591025058823","9201.7603","1.19005653733449","True","True","True","True"
"2025-07-30","25.54","25.65","25.46","25.63","12437","3.1811","0","0.00945254037022436","214.319731569567","32.7909189301437","31.8633568456976","29.953431882391","29.1365375500891","0.0138449367088607","0.0688073394495412","0.218155893536122","-0.0011691348402183","-0.0011691348402183","69.4883063455349","0.152289345689321","9588.89665","1.29704912399906","True","True","True","True"
"2025-07-31","25.75","26.13","25.75","26.1","15010","3.9005","0","0.018337885290675","218.249902222618","33.3922350400605","31.9772230877883","30.0623937732305","29.159779910366","0.0235294117647056","0.0731907894736838","0.243449261553121","0","0","74.2813012027604","0.156849844784674","9735.1877","1.54185378469898","True","True","True","True"
"2025-08-01","25.7","26.05","25.7","25.97","13584","3.523","0","-0.0049808429118775","217.162833744114","33.2259135628495","32.0910893298789","30.1621866595571","29.1789708500442","0.0192307692307689","0.0735841256717649","0.219821512447158","-0.00498084291187761","-0.00498084291187761","70.9609045430484","0.15657968021412","10081.08765","1.34746234450208","True","True","True","True"
"2025-08-04","25.7","25.88","25.68","25.82","9023","2.3271","0","-0.00577589526376587","215.908523961226","33.0340041660676","32.2094334578944","30.2536634720232","29.1996544183641","0.00623538581449701","0.07717980809345","0.199256850905714","-0.0107279693486593","-0.0107279693486593","67.2268079640238","0.153421579326437","10230.2226","0.882021276839079","True","True","True","True"
"2025-08-05","26.17","26.29","26.15","26.28","10168","2.6684","0","0.0178156467854378","219.755073962084","33.6225263161989","32.3610418813522","30.3502578684034","29.2231100113041","0.0350531705395822","0.0991217063989958","0.208275862068965","0","0","72.0791013485615","0.159247752678069","10474.38035","0.970789169404184","True","True","True","True"
"2025-08-06","26.12","26.2","26.08","26.08","5892","1.5397","0","-0.00761035007610356","218.082660918233","33.3666471204896","32.4717096334964","30.4342715376613","29.2457126735917","0.0175575497463909","0.0710472279260776","0.177958446251129","-0.00761035007610356","-0.00761035007610356","67.4062162158675","0.156489943650355","10387.29515","0.56725575955161","True","True","True","True"
"2025-08-07","26.5","26.84","26.5","26.78","16880","4.5141","0","0.0268404907975461","223.936106571713","34.2622243054721","32.6092447011901","30.5223366275179","29.2748189321037","0.0260536398467435","0.0872919204222498","0.18233995584989","0","0","73.8067697028757","0.175261190063044","10465.8525","1.6128357436721","True","True","True","True"
"2025-08-08","26.86","26.96","26.82","26.9","8988","2.4166","0","0.0044809559372665","224.939554398024","34.4157518228976","32.7518973527981","30.6155193012887","29.3076567622197","0.0358105506353483","0.0903931901094439","0.193963604083445","0","0","74.723145619229","0.174986447787577","10609.60305","0.847119911804806","True","True","True","True"
"2025-08-11","26.9","27.24","26.77","27.2","9281","2.5106","0","0.0111524163568772","227.448173963801","34.7995706164616","32.9322921857731","30.7148857222892","29.339961510678","0.0534469403563131","0.115668580803937","0.206743566992014","0","0","76.8990469368616","0.165587695076406","10532.8393","0.881105724265631","True","True","True","True"
"2025-08-12","27.2","27.21","27.04","27.18","11710","3.1764","0","-0.000735294117647056","227.280932659416","34.7739826968906","33.086459401188","30.8227814498132","29.3712000958208","0.0342465753424657","0.0972951150585384","0.22875226039783","-0.000735294117647167","-0.000735294117647167","76.4267069207477","0.162189010559779","10663.57395","1.09815696453251","True","True","True","True"
"2025-08-13","27.32","27.5","27.16","27.4","12872","3.5209","0","0.00809418690213382","229.120587007652","35.0554498121708","33.2393472206243","30.9343021326099","29.4051040892523","0.0506134969325152","0.0955617752898834","0.235904375281912","0","0","78.0256300439611","0.161636477165263","10688.9953","1.20419362519506","True","True","True","True"
"2025-08-14","27.38","27.4","27.21","27.31","9901","2.7042","0","-0.00328467153284673","228.368001137919","34.9403041741017","33.3845586641893","31.0360141129043","29.4390080826838","0.0197908887229274","0.0906549520766768","0.211623779946761","-0.00328467153284684","-0.00328467153284684","75.7617073507033","0.163667033664977","10932.57045","0.905663681316593","True","True","True","True"
"2025-08-15","27.37","27.64","27.3","27.59","20591","5.6645","0","0.0102526547052362","230.709379399311","35.2985350480946","33.5246525238401","31.1486009590164","29.4738716230992","0.0256505576208175","0.086220472440945","0.236665172568355","0","0","77.9092192512413","0.160964419121074","11055.37405","1.86256773464847","True","True","True","True"
"2025-08-18","27.04","27.3","27","27.27","18777","5.1063","0.55","0.00833635375135922","232.632654399741","35.5927961231603","33.6794594372442","31.2673715523581","29.5119336534609","0.0227941176470587","0.0952755905511813","0.250337078651685","0","0","79.5147866249626","0.160804617263115","11553.9277","1.62515583337085","True","True","True","True"
"2025-08-19","27.3","27.33","26.98","26.98","12160","3.2944","0","-0.0106343967730106","230.158746450495","35.2142882069258","33.8332524985362","31.3817527743971","29.5502531737968","0.0126619235384418","0.0957066513445402","0.242064579502474","-0.0106343967730106","-0.0106343967730106","72.2414946065326","0.160307923373057","11501.1334","1.05725145314809","True","True","True","True"
"2025-08-20","26.55","26.69","26.06","26.06","28293","7.4367","0","-0.0340993328391401","222.31048674944","34.0135044726644","33.9167712052868","31.4795326568078","29.576433836383","-0.0297227776305611","0.0516454071567494","0.208436176951028","-0.0443711037770445","-0.0443711037770445","55.0409088744217","0.210867554228682","12463.10965","2.27014347097556","True","True","True","True"
"2025-08-21","26.13","26.45","26.13","26.39","15864","4.1792","0","0.0126630851880276","225.12562338134","34.4442203773451","34.0077523515074","31.5821455783359","29.6096155207843","-0.0141980388689426","0.0557745709211441","0.217650454929406","-0.0322698936560323","-0.0322698936560323","58.8277086836082","0.21284584678413","12863.91925","1.2332491126295","True","True","True","True"
"2025-08-22","26.5","26.55","26.26","26.26","10767","2.8372","0","-0.00492610837438423","224.016630162713","34.2745444148951","34.0915290955841","31.6787320772101","29.6467140554091","-0.0290094371283208","0.0513983371126223","0.203487404745266","-0.037037037037037","-0.037037037037037","56.7981432485519","0.214274693977491","13114.27405","0.82103286533043","True","True","True","True"
"2025-08-25","26.85","26.9","26.71","26.85","11707","3.1405","0","0.0224676313785224","229.049753231868","35.0446122444758","34.2022946673329","31.798388207739","29.6907629036049","-0.0154015401540155","0.0674797019842277","0.257645966616862","-0.0154015401540155","-0.0154015401540155","63.0317986229404","0.225230628376247","13242.8038","0.883991424837088","True","True","True","True"
"2025-08-26","26.77","26.94","26.65","26.92","13017","3.4867","0","0.00260707635009316","229.646903426513","35.1359762242565","34.3349002837811","31.9155156506656","29.7328010936786","-0.00222386953298748","0.0816439921529231","0.250020071040634","-0.0128346167950129","-0.0128346167950129","63.7010135003902","0.219234686503213","13346.1457","0.975371713497778","True","True","True","True"
"2025-08-27","27.05","27.28","27.05","27.24","8918","2.4251","0","0.0118870728083209","232.37673288775","35.5536401318257","34.4730363438652","32.0308616195315","29.7790661306362","0.0452801227935533","0.0842526312717107","0.24170665502654","-0.00110011001100108","-0.00110011001100108","66.6712618232443","0.220202592692711","13170.16025","0.677103454379001","True","True","True","True"
"2025-08-28","27.11","27.15","26.99","27.02","9788","2.6479","0","-0.00807635829662257","230.49997513315","35.2664961953719","34.5667494016308","32.1403556928078","29.8260301750715","0.0238726790450927","0.056128652456561","0.228932582662337","-0.00916758342500912","-0.00916758342500912","62.8628019793838","0.217566979021981","12909.04405","0.758221287501145","True","True","True","True"
"2025-08-29","27.15","27.22","27.02","27.03","7610","2.0632","0","0.000370096225018601","230.585282303813","35.2795481924834","34.6694311331125","32.2500672993693","29.8747022311226","0.0293221629855296","0.0618082216384903","0.229387405971983","-0.00880088008800883","-0.00880088008800883","62.9663565208503","0.215843406003952","12610.3289","0.603440485997157","True","True","True","True"
"2025-09-01","26.82","26.94","26.3","26.4","14146","3.7504","0","-0.02330743618202","225.210930552004","34.4572723744566","34.7405945435319","32.342236121028","29.9214263399412","-0.0167597765363126","0.0430849436609038","0.191174402712275","-0.0319031903190319","-0.0319031903190319","52.9491962675096","0.233633677009487","12866.4473","1.09942097225238","False","True","True","True"
"2025-09-02","26.64","26.71","26.29","26.35","4963","1.3149","0","-0.00189393939393934","224.784394698686","34.3920123888989","34.7790688471669","32.4205233164753","29.965474288916","-0.0211738484398217","0.0228860278214529","0.158183748864618","-0.0337367070040336","-0.0337367070040336","52.2388924376595","0.226545475736427","12606.2001","0.393732525315063","False","True","True","True"
"2025-09-03","26.3","26.48","26.3","26.4","5395","1.4248","0","0.00189753320683095","225.210930552004","34.4572723744566","34.8336001098653","32.4960599904129","30.01187854874","-0.0308370044052864","0.0326860906949586","0.151451613737688","-0.0319031903190321","-0.0319031903190321","52.919057956616","0.224126022241758","12581.35595","0.428838514818429","False","True","True","True"
"2025-09-04","26.69","26.82","26.51","26.54","7125","1.9009","0","0.00530303030303036","226.405230941295","34.6400003340181","34.8524889112926","32.5774141549634","30.0601253905549","-0.0177646188008883","0.0110260216960205","0.164027380095418","-0.0267693436010268","-0.0267693436010268","54.8575672895968","0.204246824756056","12093.6153","0.589144587723077","False","True","True","True"
"2025-09-05","26.85","27","26.83","26.98","9589","2.5819","0","0.0165787490580256","230.158746450495","35.2142882069258","34.892415730494","32.672177971998","30.1114521033394","-0.0018497965223826","0.0232026424451608","0.192554206316068","-0.0106343967730106","-0.0106343967730106","60.3790638846616","0.211653957087503","12123.6972","0.790950470125565","True","True","True","True"
"2025-09-08","27.24","27.28","27.1","27.14","8937","2.4296","0","0.00593031875463312","231.523661181113","35.4231201607103","34.9235932077064","32.7697826236064","30.1625999884376","0.0280303030303028","0.0179183114389869","0.19806915063351","-0.0047671433810047","-0.0047671433810047","62.1901089800273","0.209205360751918","12106.5317","0.738215966510045","True","True","True","True"
"2025-09-09","27.25","27.67","27.25","27.59","15342","4.2232","0","0.0165806927044951","235.362483860977","36.0104600307295","34.9854170743984","32.8761101097329","30.2213077807413","0.0470588235294116","0.0355575415280061","0.215304575938307","0","0","66.7881683491879","0.21624274191008","12288.12265","1.24853058819363","True","True","True","True"
"2025-09-10","27.94","28.2","27.93","28.18","15925","4.4731","0","0.0213845596230517","240.395606930132","36.7805278603101","35.0716709768053","32.9929265003919","30.2828078496855","0.0674242424242422","0.0492099818254332","0.23542559097623","0","0","71.6552244524484","0.22625724201063","12440.805","1.28008332258242","True","True","True","True"
"2025-09-11","28.46","28.7","28.3","28.35","23533","6.7011","0","0.0060326472675658","241.845828831413","37.0024118112063","35.1747763586606","33.1170659121716","30.347329731201","0.0681989449886964","0.0590180219047167","0.252025202520253","0","0","72.8880886844108","0.225512789502355","13122.375","1.7933211023157","True","True","True","True"
"2025-09-12","28.64","28.67","28.5","28.54","13645","3.9005","0","0.00670194003527325","243.466665074023","37.2503997563255","35.2723695940721","33.2478972483271","30.414557876915","0.0578206078576724","0.0552959125802632","0.266998008184921","0","0","74.236836585412","0.224340639543447","12775.0381","1.0680707872018","True","True","True","True"
"2025-09-15","28.55","28.6","28.35","28.51","12646","3.6044","0","-0.001051156271899","243.210743562032","37.2112437649908","35.3532919761636","33.3791421479425","30.4792207797388","0.050478997789241","0.0454712137880451","0.26842604306949","-0.00105115627189911","-0.00105115627189911","73.6141289920717","0.223736476205124","12468.47565","1.01421251121423","True","True","True","True"
"2025-09-16","28.63","28.84","28.61","28.82","13547","3.9001","0","0.0108733777621886","245.855265852604","37.6158556754485","35.4733703495898","33.5071086442335","30.547255448483","0.0445813700616164","0.0681986656782803","0.256464164935011","0","0","75.8668330629832","0.220216614242519","12537.8694","1.08052369727188","True","True","True","True"
"2025-09-17","28.8","28.81","28.6","28.63","8803","2.5244","0","-0.00659264399722415","244.234429609995","37.3678677303293","35.641088512473","33.6247582608763","30.6182345186006","0.0159687721788504","0.098618572524942","0.232901199223623","-0.00659264399722426","-0.00659264399722426","71.8196523396319","0.175128823411074","11563.3552","0.761263737708239","True","True","True","True"
"2025-09-18","28.71","29.06","28.58","29.04","12337","3.5605","0","0.0143206426825009","247.732023607204","37.9029996119023","35.8140274742009","33.7506870442227","30.6975112090002","0.0243386243386239","0.100416824554755","0.248975487768001","0","0","74.9278406377201","0.176214945872746","11386.966","1.08339947620815","True","True","True","True"
"2025-09-19","29.12","29.16","28.8","28.89","12819","3.7082","0","-0.0051652892561983","246.45241604725","37.7072196552292","35.9856612362176","33.8727131303019","30.7851783349262","0.012263489838823","0.1001523229246","0.240954663887441","-0.00516528925619841","-0.00516528925619841","71.8073563637526","0.17639297369368","11489.5351","1.11567891028071","True","True","True","True"
"2025-09-22","29.02","29.02","28.81","28.93","10394","3.0051","0","0.00138456213222571","246.793644729904","37.7594276436754","36.1214020061775","33.9953961168588","30.8675232455192","0.0147316730971587","0.0774674115456235","0.242149832267176","-0.00378787878787878","-0.00378787878787878","72.1405560935124","0.163884485241536","11423.89915","0.90982998567525","True","True","True","True"
"2025-09-23","29.24","29.4","29.12","29.31","15616","4.5741","0","0.0131351538195645","250.035317215123","38.2554035339138","36.2773733716604","34.1233601109697","30.9548542191831","0.0170020818875782","0.088781575037147","0.251093896000479","0","0","75.1457826585057","0.167107269204747","11553.81725","1.3515719231235","True","True","True","True"
"2025-09-24","29.3","29.3","29","29.18","15803","4.6014","0","-0.00443534629819176","248.926323996495","38.0857275714638","36.4039777436423","34.2467903110684","31.0639069704387","0.0192106182326235","0.071218795888399","0.241389582383314","-0.00443534629819164","-0.00443534629819164","72.2734928402935","0.167341271367549","11898.10085","1.32821474613741","True","True","True","True"
"2025-09-25","29.08","29.32","29.05","29.16","13139","3.837","0","-0.000685400959561377","248.755709655168","38.0596235772407","36.5436341127358","34.3625355340516","31.184469984879","0.00413223140495877","0.0792005921539598","0.22319567483064","-0.00511770726714433","-0.00511770726714433","71.8186803383505","0.162548680164618","12065.6544","1.08895734656547","True","True","True","True"
"2025-09-26","28.95","28.97","28.3","28.51","23241","6.6304","0","-0.0222908093278463","243.210743562032","37.2112437649908","36.6402188913611","34.4669131181175","31.3094777313576","-0.0131533402561439","0.0547539770625236","0.202356724579719","-0.0272944387581031","-0.0272944387581031","58.8555761871031","0.187069698406729","12847.22145","1.80902338225049","True","True","True","True"
"2025-09-30","28.86","29.15","28.79","28.88","16538","4.7805","0","0.0129779024903542","246.367108876586","37.6941676581177","36.8020636555442","34.5840305523235","31.4200652182548","-0.00172830971310056","0.0939393939393935","0.229139406778948","-0.0146707608324803","-0.0146707608324803","62.9545871472074","0.16284418760988","12966.86055","1.27543779284339","True","True","True","True"
"2025-10-01","29.03","29.34","28.84","28.92","12032","3.4956","0","0.00138504155124664","246.708337559241","37.7463756465639","36.9697818184274","34.7032975156488","31.5212790692202","-0.013306038894575","0.0975332068311192","0.233930503046122","-0.0133060388945752","-0.0133060388945752","63.3793408779446","0.161534115377668","13320.2765","0.903268787250775","True","True","True","True"
"2025-10-02","29.52","29.6","29.37","29.54","16554","4.8858","0","0.0214384508990317","251.997382140386","38.5555994674791","37.1746981730785","34.8266693054801","31.6275305907219","0.0123372172721041","0.118939393939394","0.237609154481498","0","0","69.2622395279665","0.171595491368565","13878.23215","1.19283802296102","True","True","True","True"
"2025-10-03","29.55","30.1","29.55","30.1","15776","4.7152","0","0.018957345971564","256.77458369755","39.2865113057252","37.4070237216639","34.9562524447155","31.7375274849149","0.0322359396433471","0.13413715146948","0.246734769565737","0","0","73.4162077091958","0.177915386236557","14310.76715","1.10235795430436","True","True","True","True"
"2025-10-07","30.56","30.7","30.51","30.68","18105","5.544","0","0.0192691029900331","261.722399596041","40.0435271381943","37.6484856682273","35.0975995838398","31.8577776486457","0.0761136443353208","0.13713862120089","0.268697819653602","0","0","76.898434167865","0.180203817872897","14736.53345","1.22855012418134","True","True","True","True"
"2025-10-08","30.33","30.43","30.21","30.43","14142","4.2883","0","-0.00814863102998697","259.58972032945","39.7172272104059","37.8631910207121","35.2396921380639","31.9768012749533","0.0536703601108033","0.121223286661754","0.273327852336778","-0.00814863102998709","-0.00814863102998709","72.4906648501626","0.187580713417453","14996.7896","0.943025699313672","True","True","True","True"
"2025-10-09","30.78","30.84","30.58","30.63","16524","5.0694","0","0.00657246138678924","261.295863742723","39.9782671526366","38.0615813768075","35.3778192841313","32.0969340707973","0.059128630705394","0.110184849583182","0.261516624007978","-0.00162972620599766","-0.00162972620599766","73.7852248058154","0.183268879799072","15055.89925","1.09752926249158","True","True","True","True"
"2025-10-13","29.7","30.2","29.68","30.2","19119","5.7312","0","-0.0140385243225596","257.627655404186","39.4170312768405","38.193406547634","35.5014749150212","32.2151619256298","0.0223425863236286","0.0716820440028392","0.231871021301782","-0.0156453715775752","-0.0156453715775752","66.535543332875","0.185167875004783","15215.5827","1.25653656366378","True","True","True","True"
"2025-10-14","30.67","30.77","29.78","29.8","27784","8.393","0","-0.0132450331125827","254.215368577641","38.8949513923791","38.2880335266926","35.6157895165141","32.3329839190257","-0.00996677740863816","0.0511463844797173","0.214098513152699","-0.0286831812255544","-0.0286831812255544","60.5733340247753","0.194141552519305","15428.1505","1.8008631689197","True","True","True","True"
"2025-10-15","29.88","30.32","29.73","30.3","12504","3.7611","0","0.0167785234899329","258.480727110823","39.5475512479559","38.4028911012741","35.7333044063954","32.4466487747123","-0.0123859191655803","0.0616678346180801","0.216972878390201","-0.0123859191655802","-0.0123859191655802","64.8173477749564","0.200188044787293","15371.11015","0.813463561055803","True","True","True","True"
"2025-10-16","30.5","31.05","30.5","31.02","19997","6.1649","0","0.0237623762376238","264.622843398605","40.4872950399865","38.5666936650239","35.8664816928106","32.5705970042914","0.0193887610910286","0.088039284461592","0.245891045797493","0","0","69.8502413225994","0.212413079736127","15738.68675","1.2705771655313","True","True","True","True"
"2025-10-17","30.7","30.89","30.64","30.66","16413","5.0416","0","-0.011605415860735","261.551785254714","40.0174231439712","38.6867720384501","35.9977982955253","32.6843392711758","0.00097943192948069","0.0638445523941706","0.245158114537568","-0.011605415860735","-0.011605415860735","64.8546705671216","0.218114712834973","15881.9386","1.03340671522304","True","True","True","True"
"2025-10-20","30.77","31.24","30.75","31.18","11386","3.543","0","0.0169602087410305","265.987758129223","40.6961269937711","38.8531850016222","36.1370149064606","32.8025646238282","0.032450331125828","0.0890674118057979","0.258261849391689","0","0","68.3731766250441","0.220119521131658","16011.09915","0.711130066295292","True","True","True","True"
"2025-10-21","31.35","31.52","31.27","31.29","14082","4.4229","0","0.00352790250160351","266.926137006523","40.839698961998","39.0000199691269","36.2739332649451","32.9206003972391","0.0499999999999998","0.0774793388429746","0.25180698462003","0","0","69.0783999501338","0.21695729143625","16098.3565","0.874734013997019","True","True","True","True"
"2025-10-22","31","31.12","30.86","31.07","14345","4.4446","0","-0.00703100031959092","265.049379251923","40.5525550255442","39.1422867376427","36.4064923564814","33.0375227004914","0.0254125412541253","0.0754586362062994","0.24398120084117","-0.00703100031959081","-0.00703100031959081","65.9128034462861","0.218081049887133","16174.69285","0.886901478317716","True","True","True","True"
"2025-10-23","30.73","30.87","30.69","30.81","10190","3.1367","0","-0.00836820083682011","262.831392814668","40.2132031006443","39.2649755104911","36.5295573946672","33.1460730217959","-0.0067698259187623","0.0649844452125818","0.224918049092516","-0.0153403643336528","-0.0153403643336528","62.2803529552225","0.222183432865548","16164.5152","0.630408822901166","True","True","True","True"
"2025-10-27","31.58","31.75","31.52","31.67","18256","5.7756","0","0.0279130152547875","270.167809491741","41.3356748522364","39.4189890764073","36.6770875772829","33.2663228336576","0.032941943900848","0.0805185943364037","0.272498708450337","0","0","68.4699737029877","0.23663004403965","16296.5083","1.12022015169961","True","True","True","True"
"2025-10-28","31.67","31.76","31.54","31.66","11722","3.7111","0","-0.000315756236185738","270.082502321078","41.3226228551249","39.5808338405903","36.8192826426993","33.3863572625451","0.015394483643361","0.0849897189856064","0.260184959840762","-0.000315756236185738","-0.000315756236185738","68.329565877639","0.235132921526414","16092.43575","0.728403218884997","True","True","True","True"
"2025-10-29","31.97","32.32","31.97","32.21","16974","5.4599","0","0.0173720783322806","274.774396707578","42.0404826962594","39.7798767965412","36.9634201036359","33.5129069384332","0.029402364972835","0.104595336076817","0.25898978148134","0","0","71.7596769629049","0.238873127459798","16284.19865","1.04237496513223","True","True","True","True"
"2025-10-30","32.32","32.46","31.88","32.17","23107","7.4249","0","-0.00124185035703195","274.433168024923","41.9882747078132","40.0187283436824","37.109459456052","33.6358230578046","0.0354039266173158","0.128376008418099","0.263720698857204","-0.00124185035703184","-0.00124185035703184","71.1560784529332","0.217607021262441","16277.5052","1.41956981220931","True","True","True","True"
"2025-10-31","32.3","32.42","32.17","32.33","13205","4.2653","0","0.00497357786757835","275.798082755541","42.1971066615978","40.2438752938564","37.2621778309775","33.7579206515004","0.0493346316131129","0.119459833795014","0.277383948051402","0","0","72.1646552288233","0.216123812674105","16110.8525","0.819656812077449","True","True","True","True"
"2025-11-03","32.25","32.44","32.04","32.15","15054","4.8422","0","-0.00556758428703985","274.262553683596","41.9621707135902","40.4546650472077","37.4011719042673","33.8757148863354","0.0151562993369116","0.111687413554633","0.248037411554448","-0.00556758428703996","-0.00556758428703996","69.2317555487446","0.219369129226275","16261.94475","0.925697094131377","True","True","True","True"
"2025-11-04","32.37","32.57","31.92","31.92","19194","6.1799","0","-0.00715396578538097","272.300488758332","41.6619747800248","40.609983812835","37.5394273652596","33.9868494514605","0.00821225521162372","0.0805687203791463","0.248611364203904","-0.0126817197649243","-0.0126817197649243","65.5649776990402","0.215076400532962","16393.93255","1.17081358859196","True","True","True","True"
"2025-11-05","31.35","31.55","30.97","31.51","32384","10.1153","0","-0.0128446115288221","268.802894761123","41.1268428984518","40.7020003924713","37.6538376751426","34.0880871513303","-0.0217323812480597","0.046843853820598","0.200355310611967","-0.0253634395298483","-0.0253634395298483","59.5138286662997","0.215305957369614","17224.3753","1.88015196115705","True","True","True","True"
"2025-11-06","31.73","31.81","31.58","31.61","19579","6.2028","0","0.00317359568390985","269.655966467759","41.2573628695672","40.7626921790399","37.7678645259204","34.1916919136046","-0.0174075225365248","0.0303129074315514","0.198793014369589","-0.0222703371481594","-0.0222703371481594","60.4720612316416","0.205935260009759","17298.0919","1.13185327683454","True","True","True","True"
"2025-11-07","31.28","31.35","31.05","31.15","17336","5.4051","0","-0.0145523568490984","265.731836617232","40.6569710024365","40.8096793686415","37.8654878656867","34.2901867939879","-0.0364986081039282","0.0236608609924416","0.168318179857201","-0.036498608103928","-0.036498608103928","54.1258900372811","0.211133907682079","17457.78485","0.993036467624929","False","True","True","True"
"2025-11-10","31.35","31.63","31.19","31.58","16238","5.0984","0","0.0138041733547352","269.400044955769","41.2182068782326","40.8716763549213","37.9728916020424","34.3978365259278","-0.0177293934681182","0.0310153444335615","0.185317403459747","-0.023198267862666","-0.023198267862666","58.5092177530189","0.215073993755753","17443.4519","0.930872575742878","True","True","True","True"
"2025-11-11","31.71","31.79","31.24","31.24","13107","4.1334","0","-0.0107663077897403","266.499601153205","40.7744389764403","40.9395467399013","38.0682080881135","34.5012551103617","-0.0213032581453635","0.0344370860927148","0.163141228964746","-0.0337148159604082","-0.0337148159604082","54.1068746792447","0.212209819506091","17142.8683","0.764589902379405","False","True","True","True"
"2025-11-12","31.33","31.45","31.25","31.42","14361","4.5058","0","0.00576184379001288","268.03513022515","41.009374924448","41.0452679165047","38.169359267286","34.6026866900952","-0.00285623611551866","0.0543624161073823","0.173698280361418","-0.0281472316733681","-0.0281472316733681","55.994620987135","0.204963934802534","16471.7298","0.871870664124177","False","True","True","True"
"2025-11-13","31.33","31.39","31.18","31.35","13153","4.117","0","-0.00222788033099941","267.437980030505","40.9180109446673","41.1137909013403","38.2630171988955","34.705809078956","-0.00822524517557732","0.0346534653465345","0.159198558493036","-0.0303124033405502","-0.0303124033405502","55.0463451112245","0.198692075820388","16504.17385","0.796932892221079","False","True","True","True"
"2025-11-14","30.78","30.83","30.6","30.6","20142","6.1866","0","-0.0239234449760766","261.039942230732","39.939111161302","41.0863817074061","38.3354557828645","34.8014136676113","-0.0176565008025681","-0.0135396518375246","0.122112211221122","-0.0535106712032165","-0.0535106712032165","46.0482699262289","0.200804260646663","16511.40315","1.2198722190367","False","True","True","True"
"2025-11-17","30.92","31","30.69","30.7","15253","4.7012","0","0.00326797385620914","261.893013937368","40.0696311324174","41.0889921068284","38.4163781649561","34.8990654696766","-0.0278657378087396","0.00130463144161763","0.137879911045219","-0.0504175688215276","-0.0504175688215276","47.2855672861986","0.196900655350159","16453.41655","0.92702752365435","False","True","True","True"
"2025-11-18","30.43","30.46","29.86","29.93","30380","9.1436","0","-0.0250814332247556","255.324361796268","39.0646273548291","41.0074171248813","38.5005635463255","34.9900481015667","-0.0419334186939819","-0.0400898011545866","0.148503453568686","-0.0742344571605313","-0.0742344571605313","39.7300642212611","0.205621373325982","17403.13705","1.74568435062689","False","True","True","True"
"2025-11-19","29.81","30.02","29.63","29.7","21633","6.4508","0","-0.00768459739391913","253.362296871005","38.7644314212637","40.9036537478446","38.5725670637241","35.07735632103","-0.0547422024188416","-0.0508149568552249","0.12542629784009","-0.0813485926384159","-0.0813485926384159","37.7878005329086","0.205501297676727","17780.70155","1.21666009291967","False","True","True","True"
"2025-11-20","30.68","30.85","30.49","30.84","37385","11.4791","0","0.0383838383838384","263.087314326659","40.2523590919789","40.8886439511663","38.6721973083422","35.1754646927762","-0.016267942583732","-0.00740263920180217","0.174409748667175","-0.0460872254871632","-0.0460872254871632","50.6622804586684","0.250578560304426","18932.6852","1.97462914557941","False","True","True","True"
"2025-11-21","29.8","29.8","29.44","29.69","29267","8.6757","0","-0.0372892347600519","253.276989700341","38.7513794241522","40.8155527673417","38.7339767613368","35.2661824845379","-0.0297385620915031","-0.0363518338201876","0.105772811918062","-0.0816579028765846","-0.0816579028765846","41.3630962357489","0.282052521661378","19886.5438","1.47172003814962","False","True","True","True"
"2025-11-24","29.81","29.84","29.5","29.5","18654","5.5223","0","-0.00639946109801282","251.656153457732","38.503391479033","40.6739385986815","38.7901003489164","35.352807999791","-0.0390879478827361","-0.0685191032522895","0.0958395245170878","-0.0875347974017935","-0.0875347974017935","40.0549486618636","0.259682408902036","19906.46285","0.937085515420938","False","True","True","True"
"2025-11-25","30.18","30.24","29.94","30.1","21574","6.4825","0","0.0203389830508476","256.77458369755","39.2865113057252","40.5721330212115","38.8523148684814","35.4415882440065","0.00567991981289695","-0.0492735312697405","0.104992657856093","-0.0689761831116604","-0.0689761831116604","45.8761753386619","0.272962842498195","20399.0987","1.05762020750456","False","True","True","True"
"2025-11-26","30.42","30.75","30.42","30.72","18114","5.5503","0","0.0205980066445182","262.063628278696","40.0957351266405","40.4748956427306","38.9328021840025","35.5365789384052","0.0343434343434343","-0.0462589257994411","0.136935603256847","-0.0497989483451897","-0.0497989483451897","51.1546618647368","0.276279394578331","20456.0644","0.885485821994186","False","True","True","True"
"2025-11-27","31.05","31.18","30.88","31.04","21216","6.5845","0","0.0104166666666667","264.793457739932","40.5133990342096","40.4011518590504","39.0200330313646","35.635050165367","0.00648508430609618","-0.0351258936897728","0.14835368109508","-0.0399010207237855","-0.0399010207237855","53.6663209832116","0.279903347766275","20361.48965","1.04194537652602","True","True","True","True"
"2025-11-28","31.07","31.38","31.05","31.24","19638","6.1329","0","0.00644329896907214","266.499601153205","40.7744389764404","40.3300184747925","39.1253191413977","35.7337776312129","0.0522061300101044","-0.0337148159604082","0.183333333333333","-0.0283048211508549","-0.0337148159604078","55.2162876854461","0.280411992939721","20683.1185","0.949467412276345","True","True","True","True"
"2025-12-01","31.13","31.2","30.92","30.96","12250","3.8019","0","-0.00896286811779767","264.111000374623","40.4089830573173","40.2523590919789","39.2256019858713","35.8230626511733","0.0494915254237287","-0.0370139968895801","0.174952561669828","-0.0300751879699245","-0.0423755026291367","52.5651271810019","0.281312312159451","20542.94255","0.596317492987391","True","True","True","True"
"2025-12-02","31.28","31.37","30.93","30.95","9431","2.9346","0","-0.000322997416020709","264.025693203959","40.3959310602058","40.1890569059879","39.3245796306338","35.9103198105234","0.0282392026578073","-0.0303884711779446","0.172348484848485","-0.0208794685226193","-0.0426848128673056","52.4682342892091","0.280611155867935","20054.7667","0.470248402341175","True","True","True","True"
"2025-12-03","31.35","31.37","31.15","31.21","11153","3.4862","0","0.00840064620355419","266.243679641214","40.7352829851057","40.1694789103206","39.4261676748186","36.001790914891","0.0159505208333335","-0.00952078705172943","0.175960813865863","-0.012654223347042","-0.0346427466749146","54.8010507358121","0.279242384006242","18993.1805","0.58719596752108","True","True","True","True"
"2025-12-04","31.28","31.35","31.02","31.14","7956","2.48","0","-0.00224287087471964","265.646529446569","40.643919005325","40.1388067171085","39.5166615214586","36.0944197467283","0.00322164948453607","-0.0148687124327743","0.154188287620461","-0.0139328689043697","-0.0368079183420967","54.0321710020346","0.279002547616442","18412.05155","0.432125826847362","True","True","True","True"
"2025-12-05","31.22","31.54","31.22","31.54","16198","5.0849","0","0.0128452151573539","269.058816273114","41.1659988897865","40.164258111476","39.6123761669432","36.1910793952748","0.00960307298335472","0.0125200642054579","0.162122328666176","-0.00126662444585168","-0.0244355088153415","57.6856284861974","0.277780011382207","18355.16465","0.882502516805263","True","True","True","True"
"2025-12-08","31.61","31.85","31.54","31.85","9113","2.892","0","0.00982878883956895","271.703338563687","41.5706108002441","40.1818783075766","39.7050453464351","36.2905777280841","0.0287467700258399","0.00854971500949997","0.154403769481696","0","-0.0148468914321058","60.3179023525176","0.275655880067867","17998.95805","0.506334809753057","True","True","True","True"
"2025-12-09","32","32","31.81","31.82","6158","1.9642","0","-0.000941915227629542","271.447417051696","41.5314548089095","40.2197290992001","39.7842274622451","36.3885769813185","0.0281098546042005","0.0185659411011527","0.1291696238467","-0.000941915227629542","-0.0157748221466124","59.9293700479373","0.272485244041441","17651.5082","0.348880499627788","True","True","True","True"
"2025-12-10","31.9","32.18","31.86","32.16","7586","2.4299","0","0.0106851037083595","274.34786085426","41.9752227107017","40.2680214885127","39.8671076439034","36.4920867780375","0.0304389618711953","0.0235518777848505","0.134391534391534","0","-0.00525827404887047","62.850034499449","0.274167100566169","17312.7488","0.438175941188496","True","True","True","True"
"2025-12-11","32.31","32.35","31.68","31.71","10535","3.3611","0","-0.0139925373134328","270.509038174396","41.3878828406826","40.2915150833135","39.9360656953093","36.5919814718182","0.0183044315992293","0.0114832535885172","0.111072179397338","-0.0139925373134329","-0.0191772347664703","56.9350516002312","0.279310834440328","17181.87315","0.613158175946608","True","True","True","True"
"2025-12-12","31.88","31.93","31.67","31.84","8147","2.5904","0","0.00409965310627558","271.618031393023","41.5575588031326","40.372437465405","40.0085042792783","36.6938232136104","0.00951173113506676","0.040522875816994","0.116801122413188","-0.00995024875621908","-0.0151562016702749","58.1601024264574","0.263802528026014","16582.13855","0.491318413209133","True","True","True","True"
"2025-12-15","31.23","31.49","31.2","31.45","7607","2.3853","0","-0.012248743718593","268.291051737141","41.0485309157826","40.4213824545733","40.0657155332839","36.7864120887587","-0.0125588697017268","0.0244299674267103","0.0912560721721027","-0.0220771144278608","-0.0272193009588613","53.2648321263235","0.268612637719181","16199.84985","0.469572006557826","True","True","True","True"
"2025-12-16","31.17","31.21","30.8","31.09","13824","4.2865","0","-0.0114467408585055","265.21999359325","40.5786590197673","40.4970840378202","40.1192287214412","36.8719934911588","-0.0229415461973601","0.0387570998997666","0.0859238560950055","-0.0332711442786069","-0.038354469532941","49.1522245647675","0.254828893424772","15372.03015","0.899295009514407","True","True","True","True"
"2025-12-17","31.09","31.2","30.91","30.92","7815","2.4284","0","-0.00546799614023796","263.769771691969","40.3567750688712","40.5767012202006","40.1601249790574","36.95540601164","-0.0385572139303482","0.0410774410774415","0.0647382920110191","-0.0385572139303482","-0.043612743581812","47.2951702576851","0.253828172360894","14681.12555","0.53231463578077","False","True","True","True"
"2025-12-18","30.82","30.98","30.7","30.88","11068","3.412","0","-0.0012936610608022","263.428543009314","40.304567080425","40.5793116196229","40.2034141028106","37.0380636165563","-0.0261747082939137","0.00129701686121941","0.0688819660782274","-0.0398009950248756","-0.0448499845344875","46.8466769477171","0.214742758680998","13365.26555","0.828104159890785","False","True","True","True"
"2025-12-19","31.2","31.32","31.17","31.23","6680","2.0863","0","0.0113341968911918","266.414293982541","40.7613869793288","40.6798119973817","40.2534467584048","37.1244214376318","-0.0191582914572863","0.0518693162681039","0.0795022468026274","-0.0289179104477614","-0.0340241261985768","51.2067305810406","0.166167554099306","12235.87215","0.54589954178297","True","True","True","True"
"2025-12-22","31.6","31.79","31.56","31.75","6854","2.1727","0","0.0166506564201088","270.85026685705","41.4400908291287","40.8266469648865","40.3065248799918","37.2149424954807","0.00953895071542132","0.076271186440678","0.0832480382122138","-0.0127487562189055","-0.0179399938137947","56.8676216657977","0.169745745883129","11645.8851","0.588561276463221","True","True","True","True"
"2025-12-23","31.88","31.92","31.8","31.8","5516","1.7569","0","0.00157480314960634","271.276802710369","41.5053508146864","40.9375889403346","40.3635186007121","37.3051544558903","0.0228369250562883","0.0564784053156147","0.0897875257025365","-0.0111940298507461","-0.0163934426229502","57.3796491164469","0.15806955995997","10842.9803","0.508753391353114","True","True","True","True"
"2025-12-24","32.04","32.05","31.88","31.95","5914","1.8908","0","0.00471698113207553","272.556410270323","41.7011307713595","41.0178587225705","40.4242103872808","37.3933729606662","0.0333117723156533","0.0400390625000004","0.0956790123456799","-0.00652985074626855","-0.0117537890504169","58.953878112346","0.143753965795115","10232.9821","0.577895176812632","True","True","True","True"
"2025-12-26","32.23","32.25","32.06","32.22","7149","2.3012","0","0.0084507042253521","274.859703878242","42.053534693371","41.0948655055286","40.5049152360871","37.4859141771023","0.0433937823834196","0.0380154639175259","0.130129779024904","0","-0.00340241261985696","61.6963856580612","0.142390913112703","9529.64615","0.750168567381697","True","True","True","True"
"2025-12-29","32.34","32.63","32.3","32.58","12412","4.034","0","0.0111731843575418","277.930762022132","42.5234065893863","41.1823138861759","40.5854025516083","37.5847165519659","0.043227665706052","0.0428937259923177","0.128116343490305","0","0","65.0495292407536","0.145349235441056","9168.3609","1.35381254461744","True","True","True","True"
"2025-12-30","32.4","32.56","32.33","32.44","9135","2.9638","0","-0.00429711479435235","276.736461632842","42.3406786298248","41.2788986648012","40.6619742679959","37.6826358918224","0.021732283464567","0.0478036175710592","0.121715076071923","-0.00429711479435235","-0.00429711479435235","62.7489914971247","0.141514305176962","9012.5937","1.01355639720006","True","True","True","True"
"2025-12-31","32.45","32.82","32.45","32.62","12199","3.985","0","0.00554870530209617","278.271990704787","42.5756145778324","41.3878828406826","40.7289745198352","37.7778219126576","0.0257861635220125","0.0539579967689825","0.104265402843601","0","0","64.4879533696491","0.141564261351616","9151.0253","1.33311335069743","True","True","True","True"
"2026-01-02","33.17","33.4","33","33.4","76413","25.3679","0","0.0239117106069897","284.925950016551","43.5936703525323","41.5308022090539","40.8007605039486","37.8785064743321","0.0453834115805947","0.0701698173662288","0.109634551495017","0","0","70.8403921110744","0.159468704506408","12414.0439","6.15537463984641","True","True","True","True"
"2026-01-05","34.15","34.56","34.11","34.3","61303","21.0311","0","0.0269461077844311","292.603595376278","44.7683500925706","41.7370237634162","40.8795075531882","37.988553568514","0.06455617628802","0.101477199743096","0.117992177314212","0","0","76.1432366579306","0.17821868821634","15081.4018","4.06483971536386","True","True","True","True"
"2026-01-06","34.37","34.79","34.26","34.77","36696","12.6615","0","0.0137026239067057","296.613032397469","45.3817939568128","41.9478135167675","40.9739169989617","38.1068045685128","0.0672191528545123","0.102409638554217","0.142622412093329","0","0","78.3567850496201","0.17875061168656","16106.268","2.27835542038665","True","True","True","True"
"2026-01-07","35","35","34.49","34.63","40311","13.9833","0","-0.00402645959160197","295.418732008178","45.1990659972513","42.1292362766179","41.0609303130386","38.2193747985849","0.0675092478421706","0.0872841444270021","0.130590923930786","-0.00402645959160208","-0.00402645959160208","76.0919778734431","0.180488998195072","17666.13","2.28180925873409","True","True","True","True"
"2026-01-08","34.61","34.69","34.4","34.45","33069","11.4138","0","-0.00519780537106551","293.883202936233","44.9641300492436","42.3008700386346","41.1533819592453","38.3274284371333","0.0561005518087065","0.0826524198617222","0.140728476821193","-0.00920333620937586","-0.00920333620937586","73.1639129576214","0.182732252158009","19011.68645","1.73942464741207","True","True","True","True"
"2026-01-09","34.33","34.62","34.05","34.44","30987","10.6494","0","-0.000290275761974046","293.797895765569","44.9510780521321","42.4496628057061","41.2543174035745","38.4350534600444","0.0311377245508981","0.0708955223880599","0.155704697986577","-0.00949094046591892","-0.00949094046591892","72.9958576543863","0.18158900730482","20181.74385","1.53540636677935","True","True","True","True"
"2026-01-12","34.81","34.84","34.63","34.75","22464","7.8064","0","0.00900116144018592","296.442418056142","45.3556899625897","42.6480531618014","41.3511197154851","38.5422120609403","0.013119533527697","0.095868811100599","0.146864686468647","-0.000575208513085901","-0.000575208513085901","74.9191443332455","0.170210418053075","20778.19925","1.08114826168105","True","True","True","True"
"2026-01-13","35.16","35.23","34.81","34.97","34277","12.0057","0","0.00633093525179862","298.319175810742","45.6428338990435","42.852316916597","41.437045363136","38.6517635279733","0.0057520851308599","0.098304020100503","0.127337201805287","0","0","76.2138850863867","0.170300357483902","22084.7147","1.55208792441407","True","True","True","True"
"2026-01-14","35.11","35.39","35.11","35.23","35526","12.5196","0","0.00743494423791824","300.537162247997","45.9821858239435","43.098999662005","41.5364580744689","38.7671281849972","0.0173260179035517","0.120190779014308","0.149054142204828","0","0","77.6803231411908","0.158134419815994","23480.662","1.51298724030864","True","True","True","True"
"2026-01-15","35.2","35.2","34.85","34.99","57578","20.1335","0","-0.00681237581606575","298.489790152069","45.6689378932666","43.35351360568","41.6193382561271","38.8781765812939","0.0156748911465894","0.125442264393697","0.122193713919179","-0.00681237581606586","-0.00681237581606586","73.1945088751812","0.152199094377139","25668.3616","2.24314987053946","True","True","True","True"
"2026-01-16","35.5","35.79","35.32","35.77","49355","17.5674","0","0.022292083452415","305.143749463833","46.6869936679665","43.6700245356348","41.7167931678933","38.9953632164192","0.038617886178862","0.156856403622251","0.143176733780762","0","0","77.7013899768773","0.156371687929187","27745.3714","1.77886153652281","True","True","True","True"
"2026-01-19","35.81","35.97","35.6","35.87","100204","35.7935","0","0.00279563880346645","305.996821170469","46.8175136390818","43.9956718635676","41.8212091447856","39.1138507506336","0.0322302158273382","0.161593264248705","0.154489861602833","0","0","78.2072774239956","0.154027186343619","32202.182","3.11171597005445","True","True","True","True"
"2026-01-20","33.08","33.4","32.98","33.37","63210","20.9874","2.65","0.00418176749372723","307.276428730424","47.0132935957549","44.3082671943889","41.9345439863707","39.232050690519","0.030025736345439","0.153378162023695","0.169100941252841","0","0","78.9777056165061","0.153796194419525","35028.70535","1.80452070290403","True","True","True","True"
"2026-01-21","33.16","33.46","32.97","33.06","46355","15.3722","0","-0.00928978124063518","304.421897927115","46.5765503828485","44.5650901720749","42.0218919118809","39.349489744582","0.0129259744454249","0.123949041880703","0.126788193233733","-0.00928978124063529","-0.00928978124063529","72.7951800504627","0.160099590726623","37003.75605","1.25271961412144","True","True","True","True"
"2026-01-22","33.55","33.76","33.5","33.56","21888","7.3574","0","0.0151240169388989","309.025979867936","47.2809749197942","44.8538713773303","42.1211977796254","39.4702402111624","0.0352983253145744","0.139153723357137","0.144191042411781","0","0","76.0515372853404","0.162443308639952","37822.3319","0.578703609758128","True","True","True","True"
"2026-01-23","33.8","34.04","33.69","33.97","19012","6.4454","0","0.0122169249106077","312.80132705941","47.8586030400897","45.1617449907668","42.2181664520226","39.5907932778293","0.0250949842788246","0.147657201491505","0.138393281206259","0","0","78.3409501709444","0.163477721874449","38477.2459","0.494106856021106","True","True","True","True"
"2026-01-26","34.06","34.2","34","34","21757","7.4102","0","0.000883132175448997","313.077571975859","47.9008685123064","45.4541116817136","42.3167096820975","39.7130845690748","0.0231399488998121","0.139045002080579","0.140815354896994","0","0","78.5028881368853","0.164764278168186","39207.6662","0.554923286915761","True","True","True","True"
"2026-01-27","34.11","34.56","34.09","34.52","27634","9.505","0","0.0152941176470589","317.865817194313","48.6334700307299","45.7596148537807","42.4239824049164","39.843080117947","0.0344620916991309","0.143687063935012","0.152530916888422","0","0","81.135683615102","0.166922671033812","39968.7394","0.691382976166619","True","True","True","True"
"2026-01-28","34.83","35.01","34.76","34.98","26032","9.0897","0","0.0133256083429893","322.101572579869","49.28154060472","46.1066579525255","42.5459719031019","39.9735719036846","0.0580762250453719","0.163928926023544","0.174427818357816","0","0","83.1067017819495","0.163078379296685","40813.5843","0.637818766630599","True","True","True","True"
"2026-01-29","35.14","35.17","34.5","34.61","28385","9.8623","0","-0.0105774728416237","318.694551943661","48.7602664473801","46.4158905460029","42.6642767642244","40.101852064742","0.0312872467222882","0.145262773793707","0.17037818549971","-0.0105774728416238","-0.0105774728416238","76.2092915681553","0.175436807521648","41622.86845","0.681957732780908","True","True","True","True"
"2026-01-30","34.27","34.27","33.8","34.03","33336","11.3377","0","-0.0167581623808147","313.353816892308","47.9431339845232","46.6333637276024","42.777881615659","40.2158596454008","0.00176626435089777","0.0997728247430818","0.165738252821928","-0.0271583762149799","-0.0271583762149799","66.8439604789544","0.182279221116448","39469.03105","0.844620253225091","True","True","True","True"
"2026-02-02","33.59","33.63","33.23","33.51","29802","9.9582","0","-0.0152806347340583","308.565571673854","47.2105324660996","46.7554728462789","42.8771011089345","40.3224828174275","-0.0144117647058826","0.0545515384971573","0.144293507448671","-0.0420240137221271","-0.0420240137221271","59.7540231629603","0.175837284559282","37893.9463","0.786452426043576","True","True","True","True"
"2026-02-03","34.26","34.35","34","34.35","23524","8.0513","0","0.0250671441360788","316.300429334434","48.3939656881684","46.9060814328467","43.0060510203634","40.435769443025","-0.00492468134414836","0.0663740118828733","0.190299338464448","-0.0180102915951972","-0.0180102915951972","66.0233560032651","0.18936111775687","37235.379","0.631777025822672","True","True","True","True"
"2026-02-04","34.12","34.46","33.98","34.4","21609","7.415","0","0.00145560407569123","316.760837528516","48.464408141863","47.0693485400773","43.1268210414239","40.5498563217331","-0.0165809033733563","0.0722435756705735","0.175800982440531","-0.0165809033733562","-0.0165809033733562","66.3592788584862","0.187544583297295","36300.28505","0.595280724937448","True","True","True","True"
"2026-02-05","33.92","34.08","33.66","33.77","20431","6.9166","0","-0.0183139534883719","310.959694283081","47.5768332253114","47.1999836988806","43.2401942789051","40.6542011835093","-0.0242704420687663","0.0581063877630108","0.166829867427521","-0.0345911949685533","-0.0345911949685533","58.509766673181","0.20096659884128","35668.3428","0.572792268891169","True","True","True","True"
"2026-02-06","33.37","33.82","33","33.63","18229","6.0877","0","-0.00414569144210841","309.670551339651","47.3795943549666","47.3214095140224","43.346364602747","40.7578619350165","-0.0117543344108141","0.0540257632980023","0.15533568707776","-0.0385934819897086","-0.0385934819897086","56.8990534592553","0.202241300946271","35030.44395","0.520381672182604","True","True","True","True"
"2026-02-09","34.65","34.71","34.4","34.4","34932","12.0877","0","0.022896223609872","316.760837528516","48.4644081418629","47.476845422986","43.472137889367","40.8675775441313","0.0265592360489404","0.0685408640423588","0.184427273539777","-0.0165809033733565","-0.0165809033733565","62.9416465210268","0.213664751792471","35653.8184","0.979749282618212","True","True","True","True"
"2026-02-10","34.99","35.27","34.93","35.26","47788","16.7924","0","0.0249999999999999","324.679858466729","49.6760183454095","47.6785046453043","43.6344196757688","40.9849377293167","0.0264919941775834","0.0883640234803769","0.243793787617933","0","0","68.288999931463","0.226919905297111","36329.33485","1.31540387946299","True","True","True","True"
"2026-02-11","35.35","36.01","35.34","35.87","44869","16.0569","0","0.0173000567214974","330.296838434531","50.5354162804832","47.9061661681313","43.8088494282365","41.1126137965963","0.0427325581395348","0.0990216183713664","0.261189954893265","0","0","71.4372476017797","0.231363186250411","36796.49315","1.21938544026715","True","True","True","True"
"2026-02-23","36.16","36.57","35.97","35.97","35726","12.9635","0","0.0027878449958183","331.217654822695","50.6763011878724","48.1565343328616","44.0023773254539","41.2514704358897","0.0651465798045601","0.109644837948904","0.297242662206221","0","0","71.9292506647935","0.227430589024283","35703.89515","1.00061973210225","True","True","True","True"
"2026-02-24","36.27","37.23","36.27","37.09","30429","11.2295","0","0.0311370586599946","341.530798370135","52.2542121506307","48.4348952569948","44.2272070042767","41.3998870340004","0.102884329467737","0.11924559808365","0.347993772506809","0","0","76.7580855510235","0.238105421350655","34757.56405","0.875451224263802","True","True","True","True"
"2026-02-25","37.66","38.35","37.61","38.09","26104","9.9194","0","0.0269614451334592","350.738962251778","53.6630612245221","48.7771726362668","44.4507187064858","41.561458007414","0.107267441860465","0.146217666282171","0.333165618986429","0","0","80.0568334491369","0.249309841096815","31052.56515","0.840641211890348","True","True","True","True"
"2026-02-26","38.21","38.5","37.98","38.31","17500","6.6982","0","0.00577579417169849","352.76475830574","53.9730080207782","49.125158357518","44.7044125164295","41.7191946388832","0.0865002836074875","0.148037159124962","0.392802238857566","0","0","80.7056396295536","0.249138115711624","28767.0662","0.608336104847563","True","True","True","True"
"2026-03-02","37.36","38.22","37.33","38.01","23747","9.0245","0","-0.00783085356303848","350.002309141247","53.5503532986108","49.4738485033061","44.9551952134225","41.8726477811694","0.0596598829105102","0.149727767695099","0.390795751791673","-0.00783085356303848","-0.00783085356303848","77.0257074470174","0.247920435981579","27636.6419","0.859252187220329","True","True","True","True"
"2026-03-03","37.97","38.14","37.03","37.04","32160","12.0329","0","-0.0255196001052355","341.070390176053","52.1837696969362","49.7189882421632","45.1701495199427","42.011232194212","0.0297470113983873","0.103694874851013","0.328287189739127","-0.0331506134168624","-0.0331506134168624","66.4718995689331","0.271375725742997","28150.26615","1.14245474016593","True","True","True","True"
"2026-03-04","36.16","36.16","35.29","35.36","48623","17.3194","0","-0.0453563714902808","325.600674854893","49.8169032527987","49.8169032527986","45.332168988712","42.1324855863572","-0.0466433000808845","0.0409184574624664","0.242448931175707","-0.0770033933698775","-0.0770033933698775","52.941963033243","0.323289250182903","29630.8313","1.64096557088494","True","True","True","True"
"2026-03-05","36.75","37.1","36.1","36.39","27904","10.2105","0","0.0291289592760182","335.085083652985","51.2680177989068","49.9852607171287","45.5114126347903","42.2657228330774","-0.0446311367813076","0.0702941176470584","0.265458318015131","-0.0501174628034455","-0.0501174628034455","58.5169174048498","0.337013483882006","29938.19205","0.932069042559302","True","True","True","True"
"2026-03-06","36.1","36.68","36.02","36.39","13071","4.7478","0","0","335.085083652985","51.2680177989068","50.1169881055375","45.6863056151647","42.4058123782812","-0.0501174628034456","0.0541714947856313","0.257356792291604","-0.0501174628034455","-0.0501174628034455","58.5169174048498","0.334347322785278","29210.0403","0.447471857818697","True","True","True","True"
"2026-03-09","34.11","34.59","33.97","34.58","39175","13.4333","0","-0.0497389392690301","318.418307027212","48.7180009751634","50.0888111240597","45.8247892471288","42.5251956165001","-0.0902394106813996","-0.0114351057747283","0.205623039462792","-0.0973636126337774","-0.0973636126337774","47.1361333815306","0.379973895864226","29867.20455","1.31163781780843","False","True","True","True"
"2026-03-10","35.74","35.96","35.13","35.52","16682","5.9456","0","0.0271833429728168","327.073981075956","50.0423191046213","50.1529137569217","45.9855623812024","42.6550710059181","-0.0410367170626349","0.0262929789078297","0.238796031957738","-0.0728269381362571","-0.0728269381362571","52.3222303715629","0.389938883136995","29282.0608","0.569705872613993","False","True","True","True"
"2026-03-11","36.2","37.29","36.2","37.19","21055","7.7676","0","0.0470157657657657","342.4516147583","52.3950970580198","50.3755119105966","46.179892615751","42.8030301452848","0.0517533936651584","0.0928592418454302","0.286233781097761","-0.0292351866353435","-0.0292351866353435","59.8569248722969","0.415045665839654","28668.0007","0.734447484508398","True","True","True","True"
"2026-03-12","37","37.25","36.62","36.79","11227","4.1414","0","-0.0107555794568432","338.768349205642","51.8315574284633","50.6065631587148","46.3663532561366","42.9415073887976","0.0109920307776861","0.0978812294837357","0.275259834605825","-0.0396763247193949","-0.0396763247193949","57.5124800463353","0.412448088598046","27739.23955","0.404717763793204","True","True","True","True"
"2026-03-13","36.12","36.92","36.05","36.65","14755","5.3933","0","-0.00380538189725466","337.479206262212","51.6343185581185","50.7685808022123","46.5408252506088","43.076600708776","0.00714482000549599","0.0669577874818046","0.254295291032749","-0.0433307230488127","-0.0433307230488127","56.6757685029503","0.406509361445866","27300.79015","0.540477726795757","True","True","True","True"
"2026-03-16","36.96","37.05","36.35","36.48","15683","5.7501","0","-0.00463847203274215","335.913818402333","51.394814215557","50.915101105897","46.7045619741974","43.2048036603162","0.0549450549450552","0.0604651162790701","0.236325693228814","-0.0477682067345344","-0.0477682067345344","55.6176558337214","0.407501881326451","27004.5215","0.580772630983297","True","True","True","True"
"2026-03-17","37","37.3","36.95","37.03","12383","4.5967","0","0.0150767543859651","340.978308537237","52.1696812061972","51.1447435049413","46.8818657474855","43.3330466048653","0.0425112612612615","0.0965353864376668","0.256148657595438","-0.0334116418689641","-0.0334116418689641","58.3283097033983","0.401251180476757","26602.1661","0.465505062762539","True","True","True","True"
"2026-03-18","37.57","37.88","37.5","37.74","14425","5.4349","0","0.0191736429921685","347.516104893203","53.1699640486601","51.4342619896259","47.0684447697848","43.4677762068441","0.0147889217531596","0.12221231043711","0.266698795504051","-0.0148786217697729","-0.0148786217697729","61.5896245184357","0.402795510946255","26411.9457","0.546146549135151","True","True","True","True"
"2026-03-19","37.2","37.62","37.16","37.31","11060","4.1368","0","-0.0113937466878643","343.556594424097","52.5641589468868","51.6392495298771","47.2547160382216","43.5953908667654","0.0141342756183747","0.0845930232558145","0.270037395950546","-0.026102845210128","-0.026102845210128","58.5985104640619","0.402209194666107","25218.36","0.438572888958679","True","True","True","True"
"2026-03-20","37.32","37.5","36.75","37.18","11671","4.3356","0","-0.00348432055749137","342.359533119483","52.3810085672809","51.7744990409707","47.435106867624","43.7218055734512","0.0144611186903139","0.0544526375496319","0.260444792135685","-0.0294962150874448","-0.0294962150874448","57.686377265148","0.395488902124181","23412.5051","0.49847933615613","True","True","True","True"
"2026-03-23","36","36.43","35.98","36.24","17677","6.3866","0","-0.0252824098977944","333.703859070739","51.0566904378231","51.8005627488377","47.6019095263247","43.8338125298043","-0.0065789473684208","0.0103150264845275","0.24381285514392","-0.0540328895849648","-0.0540328895849648","51.4500785026963","0.403795022020714","22052.89955","0.801572462610705","False","True","True","True"
"2026-03-24","36.86","36.86","35.78","36.12","15146","5.5007","0","-0.00331125827814582","332.598879404942","50.8876285489561","51.8111291168919","47.7737256851445","43.9464772032928","-0.0245746691871455","0.00417014178482078","0.254049043960939","-0.0571652310101803","-0.0571652310101803","50.6966005287881","0.403981483902983","21023.89285","0.720413108460073","False","True","True","True"
"2026-03-25","37.09","37.52","37.09","37.38","16034","5.989","0","0.0348837209302326","344.201165895812","52.6627783820592","51.8315574284633","47.9788257403643","44.0694753597108","-0.00953895071542132","0.00781881908870319","0.304930294657765","-0.024275646045419","-0.024275646045419","57.701244857277","0.407947436932075","20304.1876","0.789711330287354","True","True","True","True"
"2026-03-26","37.5","37.94","37.25","37.26","11961","4.4971","0","-0.00321027287319431","343.096186230015","52.4937164931922","51.7730901918968","48.1819782305771","44.1926961666938","-0.00134012329134303","-0.0217904961932265","0.302426010145316","-0.0274079874706347","-0.0274079874706347","56.8725261799961","0.396076254113897","19597.0208","0.610334097313404","True","True","True","True"
"2026-03-27","36.5","37","36.34","36.99","10033","3.6716","0","-0.00724637681159412","340.609981981971","52.1133272432416","51.68010615302","48.3711772349756","44.3123119966902","-0.00511027434104361","-0.0344557556773688","0.278497399258509","-0.0268350434096293","-0.0344557556773691","54.9598787915108","0.395904091155336","19223.6465","0.521886365315758","True","True","True","True"
"2026-03-30","36.16","36.35","35.83","36.28","15494","5.5866","0","-0.0191943768586105","334.072185626005","51.1130444007787","51.5582407081284","48.5323931278365","44.4194590039141","0.00110375275938179","-0.0455143383320177","0.23342018268094","-0.0386857445680978","-0.05298877577656","50.1807492558207","0.40036083756342","18810.98745","0.823649690968243","False","True","True","True"
"2026-03-31","35.98","36.06","35.14","35.19","21561","7.6548","0","-0.0300441014332967","324.035286995014","49.5773989102371","51.4279221687934","48.6669272627623","44.5152229317372","-0.0257475083056479","-0.0499460043196543","0.194482107417689","-0.0675675675675679","-0.0814408770555994","43.8732694632379","0.404186429677157","18281.0013","1.17940377806329","False","True","True","True"
"2026-04-01","36.54","36.94","36.42","36.86","15467","5.6767","0","0.0474566638249503","339.412920677357","51.9301768636357","51.5335858493353","48.8374113643003","44.6308108757905","-0.0139111824505085","0.0424208144796381","0.245294213923368","-0.0233174350821415","-0.037849125554686","53.5141032625553","0.407159556386456","16623.21","0.930466979602616","True","True","True","True"
"2026-04-02","37.16","37.31","35.99","36.08","13246","4.8391","0","-0.0211611502984265","332.230552849676","50.8312745860004","51.51174868869","48.9837070291774","44.7443111326323","-0.0316693505099304","-0.00851882385270686","0.208727755149037","-0.0439851616322209","-0.0582093448185858","49.2582500061605","0.402462838514691","15890.30005","0.833606851873134","False","True","True","True"
"2026-04-07","36.78","37.08","36.61","36.78","10881","4.0096","0","0.0194013303769403","338.676267566826","51.8174689377244","51.5392212456308","49.1386080683164","44.8620053099623","-0.00567721005677213","0.0107172300082441","0.218563447610943","-0.0254372019077904","-0.039937353171496","52.8799483233846","0.408390559029205","15780.84035","0.689537233674631","True","True","True","True"
"2026-04-08","38.45","39.1","38.45","39.07","32426","12.6009","0","0.0622620989668299","359.762962855788","55.0437333169356","51.8555078627194","49.3503256464349","45.0061499572154","0.0769018743109151","0.129843840370157","0.30002010119325","0","0","62.3479370460716","0.417795255448889","15443.381","2.09965473234132","True","True","True","True"
"2026-04-09","39.2","39.29","39.03","39.13","13572","5.316","0","0.00153570514461232","360.315452688687","55.1282642613691","52.1098051205568","49.5595364744938","45.1442554971645","0.111963626030123","0.101632882882883","0.29483190807708","0","0","62.5602057065159","0.410771205427259","15287.87045","0.887759419756203","True","True","True","True"
"2026-04-10","39.75","40.14","39.75","40.13","14850","5.9414","0","0.0255558395093278","369.52361657033","56.5371133352605","52.3169059344189","49.775260524206","45.2880105140773","0.0887140531741728","0.0790535090077982","0.296911062501906","0","0","66.0005537465258","0.388215606617198","14977.59225","0.991452881887608","True","True","True","True"
"2026-04-13","40.05","40.32","39.91","40.06","12991","5.2081","0","-0.00174433092449544","368.879045098615","56.438493900088","52.5472527580001","49.9697629209979","45.4246352370931","0.110310421286031","0.0888828486001634","0.260678443216834","-0.00174433092449566","-0.00174433092449566","65.5465063415785","0.384948924849728","15065.82105","0.862292135084134","True","True","True","True"
"2026-04-14","40.93","41.28","40.77","41.2","11986","4.9236","0","0.0284573140289566","379.376351923688","58.0445818443242","52.8677659223104","50.1808093857898","45.5773631923757","0.120174007612833","0.124147339699863","0.279027926916286","0","0","69.2559302744172","0.392628899019768","14927.36305","0.802975646793825","True","True","True","True"
"2026-04-15","41.91","42.53","41.82","41.99","11297","4.7656","0","0.0191747572815533","386.650801390186","59.1575726126984","53.2559038421675","50.4134511627139","45.7371907378762","0.0747376503711286","0.151041666666667","0.308822899488586","0","0","71.5424630671617","0.393045527892822","14708.0421","0.768087820472039","True","True","True","True"
"2026-04-16","42.37","42.66","42.24","42.6","10514","4.4617","0","0.0145272683972375","392.267781357988","60.0169705477721","53.6482683092462","50.6643318376894","45.9088568984673","0.0886787630973673","0.15041857953011","0.334774418676465","0","0","73.199910449714","0.392906984622937","14614.54735","0.719389232400688","True","True","True","True"
"2026-04-17","42.55","42.8","42.49","42.56","8499","3.6215","0","-0.000938967136150159","391.899454802722","59.9606165848165","53.987800936054","50.9144908132341","46.0844041084043","0.0605532020931971","0.127715951245363","0.333908310614422","-0.00093896713615027","-0.00093896713615027","72.9000734334577","0.391340723791482","14318.2601","0.593581059475236","True","True","True","True"
"2026-04-20","42.69","43.29","42.69","42.96","11366","4.8943","0","0.00939849624060152","395.582720355379","60.524156214373","54.3858007994283","51.1672985840972","46.2592091497911","0.0723914128806791","0.151433931921737","0.334433590676156","0","0","74.0450070232365","0.385783892383911","14333.5523","0.792959955921046","True","True","True","True"
"2026-04-21","43.45","43.92","43.27","43.92","14615","6.3854","0","0.0223463687150838","404.422557681756","61.8766513253087","54.8605829373297","51.4378622078683","46.4374537855021","0.0660194174757283","0.181280258203335","0.355670672469033","0","0","76.6001816905468","0.38705480095019","14480.7571","1.00925289327586","True","True","True","True"
"2026-04-22","43.91","44.61","43.87","44.41","10687","4.7401","0","0.0111566484517303","408.934557983761","62.5669873715155","55.4360977840143","51.7142755669945","46.6253668207317","0.0576327697070731","0.225441501103753","0.360678842260173","0","0","77.8014337182078","0.36571759544037","14131.243","0.756247344978782","True","True","True","True"
"2026-04-23","45.36","45.78","43.3","44.21","30843","13.6776","0","-0.0045034902049087","407.092925207433","62.2852175567372","56.0059772344034","51.9912135613856","46.8052759087564","0.0377934272300469","0.223975636766334","0.363842042972506","-0.0045034902049087","-0.0045034902049087","76.0845660760013","0.366337220755872","14916.08805","2.06775321361823","True","True","True","True"
"2026-04-24","44.95","45.9","44.9","45.9","20611","9.3722","0","0.0382266455553042","422.654722167409","64.6661724916136","56.6061469398811","52.2908665417798","47.0038298548365","0.0784774436090225","0.22792937399679","0.385100376167149","0","0","80.0839555140959","0.369478510935665","15144.9046","1.36090510599849","True","True","True","True"
"2026-04-27","47.11","47.5","46.65","46.99","30624","14.421","0","0.0237472766884532","432.6916207984","66.2018179821552","57.2915520143293","52.613938280831","47.2175737128083","0.0938081936685287","0.261137949543746","0.414039594082416","0","0","82.1565687991584","0.368530657576123","16078.07045","1.90470909399455","True","True","True","True"
"2026-04-28","46.96","47.6","46.8","46.86","15586","7.3404","0","-0.00276654607363269","431.494559493786","66.0186676025493","57.9868190322946","52.9306945142776","47.4326192503241","0.0669398907103824","0.266828872668289","0.404255319148936","-0.00276654607363269","-0.00276654607363269","81.0729101783185","0.365773190334176","16355.72325","0.952915059870556","True","True","True","True"
"2026-04-29","46.24","46.74","45.82","46.4","13839","6.401","0","-0.00981647460520707","427.258804108231","65.3705970285593","58.6996966636837","53.2439286250394","47.6329102684602","0.0448097275388426","0.278941565600882","0.403508771929824","-0.0125558629495637","-0.0125558629495637","77.1929522970759","0.356513947810361","16273.00385","0.850443847218779","True","True","True","True"
"2026-04-30","47.16","47.24","46.6","46.79","15063","7.0695","0","0.00840517241379302","430.849988022071","65.9200481673769","59.5168291265407","53.5545798458324","47.8378888127289","0.0583578375933045","0.329639102017619","0.394219308700835","-0.00425622472866571","-0.00425622472866571","78.1478079339168","0.319721842073871","15948.1214","0.944502027680828","True","True","True","True"
"2026-05-04","47.99","49.08","47.9","49.07","19488","9.4615","0","0.0487283607608464","451.844601672217","69.1322240558492","60.3769314861514","53.9091401960951","48.0636533240588","0.0690631808278868","0.331253391209984","0.444509861642625","0","0","82.706219310929","0.321485550507088","16149.1422","1.20673678878126","True","True","True","True"
"2026-05-05","49.09","49.25","48.83","49.24","13301","6.5284","0","0.00346443855716316","453.409989532097","69.3717283984108","61.3039541767719","54.2669878608635","48.2918487714805","0.0478825281974886","0.364745011086474","0.448235294117646","0","0","82.9911196658269","0.296030368048059","16151.863","0.823476462127001","True","True","True","True"
"2026-05-06","50.25","50.5","49.03","49.83","19484","9.6834","0","0.011982128350934","458.842806222266","70.2029493520067","62.223228197486","54.6264791828848","48.5252307939006","0.0633802816901405","0.354812398042414","0.443511008111239","0","0","83.977664096168","0.296014972695102","16581.98255","1.17500232202331","True","True","True","True"
"2026-05-07","50.85","51.05","50.55","50.95","11511","5.8478","0","0.0224764198274132","469.155949769706","71.780860314765","63.0600845473775","55.0014678447189","48.7737198739104","0.0980603448275859","0.304069618633222","0.456546598056032","0","0","85.6761130627062","0.241196860828622","15536.23195","0.740897537900108","True","True","True","True"
"2026-05-08","50.5","51","49.72","50.45","16582","8.3493","0","-0.00981354268891066","464.551867828884","71.0764357778193","63.8574931232","55.3734040002262","49.0188403822253","0.0782218422739902","0.289292103245591","0.457671193296734","-0.00981354268891066","-0.00981354268891066","81.5214552644046","0.251777549043505","15686.71215","1.057044640167","True","True","True","True"
"2026-05-11","50.3","50.9","50.2","50.8","10809","5.4746","0","0.00693756194251716","467.774725187459","71.5695329536813","64.609114104121","55.7671773163788","49.2725294660189","0.0352557570817196","0.265885870919511","0.492800470173376","-0.00294406280667336","-0.00294406280667336","82.1731335318201","0.248013674034312","15484.675","0.698034282282321","True","True","True","True"
"2026-05-12","50.95","51.2","50.2","50.95","15959","8.1073","0","0.00295275590551203","469.155949769706","71.780860314765","65.3762324248549","56.1766827805233","49.5268919447289","0.034727863525589","0.271842236645032","0.520441659206206","0","0","82.4586533779656","0.24511167191451","15633.0927","1.02087880538187","True","True","True","True"
"2026-05-13","49.7","50.25","49.54","50.05","19103","9.5165","0","-0.0176643768400394","460.868602276227","70.5128961482628","65.9996481400518","56.5453316215248","49.7756913209441","0.00441501103752739","0.214805825242718","0.457059679767102","-0.0176643768400394","-0.0176643768400394","74.7253478502803","0.25884644196668","15988.93755","1.19477644716925","True","True","True","True"
"2026-05-14","50.85","51.1","50.1","50.2","6536","3.3007","0","0.00299700299700301","462.249826858474","70.7242235093465","66.5779806848842","56.9163285443162","50.02157479287","-0.0147203140333662","0.19552274351036","0.459302325581395","-0.0147203140333662","-0.0147203140333662","75.1437538510585","0.257525655755933","15750.8933","0.4149722098619","True","True","True","True"
"2026-05-15","51.05","51.2","49.1","49.19","21791","10.9321","0","-0.0201195219123507","452.949581338014","69.3012859447162","67.0421964547314","57.2784027563063","50.2592985176057","-0.0249752229930627","0.15469483568075","0.456618300266509","-0.034543670264966","-0.034543670264966","67.0902159769214","0.27649476726391","16314.7544","1.33564805609332","True","True","True","True"
"2026-05-18","48.37","49.27","47.89","49.05","18373","8.8967","0","-0.00284610693230336","451.660438394584","69.1040470743714","67.4993679792092","57.6404769682964","50.4934207855217","-0.0344488188976378","0.152490601503759","0.458519179304192","-0.0372914622178609","-0.0372914622178609","66.0337605113036","0.277335564453541","16808.4333","1.09305999387819","True","True","True","True"
"2026-05-19","48.99","49.2","48","48","15502","7.5142","0","-0.0214067278287461","441.991866318859","67.6247555467855","67.8543979458298","57.9598160917118","50.7159769905393","-0.0578999018645732","0.117318435754189","0.395348837209302","-0.0578999018645734","-0.0578999018645734","58.5828637043944","0.295174709743412","17015.2269","0.911054850523328","False","True","True","True"
"2026-05-20","48","48.3","47.55","47.66","12360","5.9229","0","-0.00708333333333344","438.861090599101","67.1457468616624","68.1178527226475","58.2509782336493","50.942698954709","-0.047752247752248","0.0851548269581053","0.351673284174703","-0.0645731108930329","-0.0645731108930329","56.3650418760619","0.291658659126486","16902.47865","0.731240740244923","False","True","True","True"
"2026-05-21","49.06","49.99","49.06","49.83","12072","5.9883","0","0.0455308434746118","458.842806222266","70.2029493520067","68.499650821672","58.578770451508","51.1938099398723","-0.00737051792828702","0.122044584553028","0.389183161416225","-0.0219823356231603","-0.0219823356231603","65.3748117681786","0.325956896256375","16971.76595","0.711326154011687","True","True","True","True"
"2026-05-22","50.5","51.1","50.4","51.1","11257","5.7145","0","0.0254866546257275","470.537174351952","71.9921876758487","68.9849993276276","58.9340352263076","51.4682062758808","0.0388290302907095","0.155847093417779","0.420628301362246","0","0","69.3620120172268","0.330525884910769","15992.46225","0.703876290219162","True","True","True","True"
"2026-05-25","52.7","53.55","52.7","53.45","19354","10.3246","0","0.0459882583170255","492.176359473813","75.3029829994934","69.5168398530216","59.318181407122","51.7726942056993","0.089704383282365","0.164488017429193","0.441089242383392","0","0","75.0803162326705","0.341084475146702","15929.64775","1.21499786459497","True","True","True","True"
"2026-05-26","54.05","54.25","53.25","53.5","12109","6.4944","0","0.00093545369504211","492.636767667895","75.373425453188","69.9754202265732","59.6800208109331","52.0653697587094","0.114583333333333","0.138540114918067","0.404568128117616","0","0","75.1864327635556","0.336572715335608","15003.8911","0.807051578773456","True","True","True","True"
"2026-05-27","55","55.6","54.4","54.75","13700","7.5443","0","0.0233644859813085","504.146972519949","77.1344867955522","70.5312111862234","60.0660454571793","52.3852289868044","0.148762064624423","0.168373879641485","0.429130775254503","0","0","77.7386450941011","0.339573646456993","14909.61175","0.918872216776537","True","True","True","True"
"2026-05-28","55.1","55.3","52.7","53.15","19395","10.457","0","-0.0292237442922375","489.41391030932","74.880328277326","71.0066977486617","60.4215450401579","52.6883701267902","0.0666265302026894","0.145474137931034","0.398316232570376","-0.0292237442922375","-0.0292237442922375","68.0853433059805","0.359500749794153","15187.4036","1.27705258323417","True","True","True","True"
"2026-05-29","54.4","55","54.15","54.9","11842","6.4706","0","0.032925682031985","505.528197102195","77.3458141566359","71.5779860481246","60.8409124478196","53.0055309838811","0.0743639921722115","0.173327634109852","0.48218142548596","0","0","72.1577078874509","0.371072857756858","15026.3344","0.788059727993276","True","True","True","True"
"2026-06-01","55.3","56.2","55.3","55.5","11525","6.4212","0","0.0109289617486339","511.053095431181","78.1911236009707","72.0309310253807","61.3138161202891","53.3229925545005","0.0383536014967261","0.131037293662115","0.569570135746606","0","0","73.4104601099121","0.339325507443986","14628.1917","0.787856095705938","True","True","True","True"
"2026-06-02","55.75","56","54.35","55.3","15536","8.5734","0","-0.00360360360360368","509.211462654852","77.9093537861924","72.4578122947698","61.7578383867439","53.6346255107671","0.0336448598130841","0.123070674248578","0.519648255015113","-0.00360360360360379","-0.00360360360360379","72.2435888660473","0.341057028266712","14739.9532","1.05399988651253","True","True","True","True"
"2026-06-03","56.1","56.5","56","56.05","11882","6.6754","0","0.0135623869801085","516.117585566085","78.9659905916109","72.89596435675","62.2194712666223","53.9528884408935","0.0237442922374427","0.124824402970098","0.540258312723275","0","0","73.9178541111321","0.341468242981015","14359.8847","0.827478649602249","True","True","True","True"
"2026-06-04","55.65","55.95","55.15","55.3","9941","5.5164","0","-0.0133809099018734","509.211462654852","77.9093537861924","73.2023890303214","62.7059938134728","54.2653915303008","0.0404515522107243","0.0853778213935228","0.59919028340081","-0.0133809099018734","-0.0133809099018734","69.4090464261678","0.342403016102767","14281.38755","0.696067729077207","True","True","True","True"
"2026-06-05","54.65","54.9","53.05","54.1","13906","7.5143","0","-0.0216998191681735","498.161665996881","76.2187348975228","73.4595039863066","63.1422674100211","54.5639148956118","-0.0145719489981787","0.0723488602576805","0.523085585585585","-0.0347903657448706","-0.0347903657448706","62.8077358603146","0.351393464483096","14147.6279","0.982946547526882","True","True","True","True"
"2026-06-08","50","52.55","50","52.4","24143","12.4584","0","-0.0314232902033272","482.507787398088","73.8236914719075","73.5722119122179","63.4994106502526","54.8396516330018","-0.0558558558558558","0.0314960629921255","0.408980908846464","-0.0651204281891169","-0.0651204281891169","54.8491429330866","0.37249713209642","14814.32495","1.6296911996655","True","True","True","True"
"2026-06-09","52.9","54.35","52.7","54.35","9147","4.9005","0","0.0372137404580153","500.463706967292","76.5709471659956","73.8117162547794","63.9117338125448","55.1390435343407","-0.0171790235081374","0.0667320902845925","0.477303615112802","-0.0303300624442462","-0.0303300624442462","60.9600147257742","0.393168899312334","14473.6861","0.631954841137532","True","True","True","True"
"2026-06-10","53.7","54.1","52.15","52.2","19458","10.3264","0","-0.0395584176632935","480.666154621759","73.5419216571292","73.9631675302227","64.2768605308616","55.4088428907352","-0.0686886708296164","0.0429570429570432","0.424283765347884","-0.0686886708296164","-0.0686886708296164","52.5198791372286","0.415845135304806","14491.44785","1.3427534088666","False","True","True","True"
"2026-06-11","51.85","52.6","50.5","51.85","16771","8.6456","0","-0.00670498084291193","477.443297263184","73.0488244812672","74.0793975788188","64.6377607019568","55.6711613380771","-0.0623869801084991","0.0328685258964143","0.421326754385964","-0.0749330954504906","-0.0749330954504906","51.2752879093391","0.417093656592579","15003.2047","1.11784917524987","False","True","True","True"
"2026-06-12","53.8","53.95","52.8","53","9814","5.2361","0","0.0221793635486982","488.032685727074","74.6690009162423","74.3477833273951","65.0127493637909","55.9473075556382","-0.0203327171903883","0.0774547672291117","0.431271941668916","-0.0544157002676182","-0.0544157002676182","55.0448984255131","0.414432906870508","14404.3791","0.681338496568727","True","True","True","True"
"2026-06-15","54.6","54.85","54.15","54.55","7099","3.8714","0","0.0292452830188679","502.30533974362","76.8527169807739","74.7352168227152","65.4074619126594","56.2379533412221","0.041030534351145","0.112130479102956","0.445416004239534","-0.0267618198037468","-0.0267618198037468","59.583522381098","0.422909615427568","13840.70035","0.512911255968344","True","True","True","True"
"2026-06-16","54.85","55.05","54.55","54.85","9123","5.0037","0","0.005499541704858","505.067788908113","77.2753717029413","75.217747630523","65.8193154585937","56.5370157484076","0.00919963201471941","0.142708333333333","0.470115250603055","-0.0214094558429972","-0.0214094558429972","60.4165005960515","0.410674296958269","13521.77765","0.674715354456372","True","True","True","True"
"2026-06-17","54.4","54.95","54.15","54.95","6352","3.4673","0","0.00182315405651789","505.988605296277","77.4162566103304","75.7312731179564","66.2365695926445","56.8358382301343","0.0526819923371646","0.152958455728074","0.477945131791285","-0.0196253345227475","-0.0196253345227475","60.7072049483311","0.407827717318681","13221.3878","0.480432470182896","True","True","True","True"
"2026-06-18","55.55","55.65","55.15","55.4","8782","4.8693","0","0.00818926296633293","510.132279043017","78.0502386935816","76.1236375850351","66.6864620635738","57.1441857949492","0.0684667309546769","0.111780052177403","0.52869757174393","-0.0115967885816235","-0.0115967885816235","62.0575955132414","0.382330780164501","13056.8796","0.672618364344878","True","True","True","True"
"2026-06-22","56.6","57.45","56.6","57.35","11288","6.4504","0","0.0351985559566788","528.08819861222","80.7974943876697","76.5639029206262","67.1849598275524","57.4793427563484","0.0820754716981134","0.122309197651664","0.587763012181617","0","0","67.3017737867596","0.390501910918074","13058.42845","0.864398962189053","True","True","True","True"
"2026-06-23","57.6","57.95","56.55","56.7","14701","8.4015","0","-0.011333914559721","522.102892089153","79.8817424896403","76.7928408951335","67.6386092293454","57.8087174848548","0.0394133822181488","0.0608044901777365","0.516853932584268","-0.011333914559721","-0.011333914559721","64.1204170944471","0.364966001611674","12825.7613","1.14622006882352","True","True","True","True"
"2026-06-24","55.5","55.7","54.65","55.35","20239","11.1709","0","-0.0238095238095238","509.671870848935","77.979796239887","76.9231594344685","68.0633772251236","58.1226777278504","0.00911577028258903","0.0345794392523362","0.485507246376811","-0.0348735832606799","-0.0348735832606799","57.9893101470471","0.377367556570325","13232.2621","1.529513989902","True","True","True","True"
"2026-06-25","55.95","55.95","54.85","55.35","6979","3.8685","0","0","509.671870848935","77.979796239887","76.9654249066852","68.4944850417344","58.432831138355","0.00727934485896276","0.0109589041095886","0.496350364963503","-0.0348735832606799","-0.0348735832606799","57.9893101470471","0.368815158339419","12896.2294","0.541194932528108","True","True","True","True"
"2026-06-26","54.5","54.5","52.55","52.7","20295","10.8317","0","-0.047877145438121","485.270236562581","74.2463461940749","76.9337258025227","68.8800400716227","58.7062165997296","-0.0487364620938627","-0.00846660395108156","0.452590959206173","-0.0810810810810809","-0.0810810810810809","47.6226750434648","0.394037305652154","12941.2426","1.56827111795277","False","True","True","True"
"2026-06-29","52.7","53.8","52.7","53","8470","4.5024","0","0.00569259962049329","488.032685727074","74.6690009162423","76.799885140503","69.2982334383894","58.9825803505759","-0.0758500435919791","-0.0346083788706741","0.506109690252913","-0.0758500435919789","-0.0758500435919789","48.739871688426","0.375139894004137","12772.636","0.663098596092459","False","True","True","True"
"2026-06-30","54.3","55.25","54.3","54.85","9979","5.4804","0","0.0349056603773585","505.067788908113","77.2753717029413","76.7540975456015","69.7206533523778","59.279032358339","-0.0326278659611993","-0.0117117117117117","0.488062940857297","-0.04359197907585","-0.04359197907585","55.1000247495339","0.394808750878889","12695.3237","0.786010993953624","True","True","True","True"
"2026-07-01","56.15","56.15","55.3","55.85","8328","4.6525","0","0.0182315405651778","514.275952789756","78.6842207768327","76.7928408951335","70.184869122225","59.5842880757012","0.00903342366756998","0.00994575045208013","0.547949002217294","-0.0261551874455096","-0.0261551874455096","58.1245701727593","0.399955514599879","12334.9421","0.675177632167402","True","True","True","True"
"2026-07-02","54.65","55.75","54.5","55.7","10947","6.0521","0","-0.00268576544315124","512.89472820751","78.472893415749","76.7681860363404","70.6291261968588","59.8838671325876","0.00632339656729908","-0.00624442462087393","0.514410005437739","-0.0287707061900606","-0.0287707061900606","57.4988942469054","0.397226885587915","12288.1836","0.890882522295647","True","True","True","True"
"2026-07-03","54.2","55.95","54.2","55.7","9310","5.1132","0","0","512.89472820751","78.472893415749","76.7963630178183","71.0196121985057","60.1849689224703","0.0569259962049338","0.00723327305605848","0.425646275915023","-0.0287707061900606","-0.0287707061900606","57.4988942469054","0.3940824099205","12256.63215","0.759571135534161","True","True","True","True"
"2026-07-06","56.2","56.35","54.9","55.3","11299","6.2794","0","-0.00718132854578102","509.211462654853","77.9093537861924","76.8808939622517","71.3992970239194","60.4794167492066","0.0433962264150944","0.0221811460258781","0.413237924865831","-0.0357454228421967","-0.0357454228421967","55.646366995755","0.386455424326326","12126.2565","0.931767277065268","True","True","True","True"
"2026-07-07","55.45","55.5","53.5","53.7","16134","8.7695","0","-0.0289330922242313","494.478400444224","75.6551952679663","76.9724691520547","71.7179317227978","60.7465961235019","-0.0209662716499541","0.024809160305344","0.338151009220034","-0.0636442894507407","-0.0636442894507407","48.8645825761212","0.383743491801473","11725.7965","1.37590440018296","False","True","True","True"
"2026-07-08","53.75","53.8","52.85","53.4","13756","7.3265","0","-0.005586592178771","491.715951279731","75.2325405457988","76.9055488210448","72.0311658335597","61.0004643772788","-0.0438675022381377","-0.0174793008279668","0.333000499251122","-0.0688753269398429","-0.0688753269398429","47.6909580757149","0.360276160940851","11956.28125","1.15055933465935","False","True","True","True"
"2026-07-09","53.5","54.15","53.1","53.3","5511","2.9562","0","-0.00187265917602997","490.795134891567","75.0916556384097","76.9830355201089","72.3152837301278","61.2480465579588","-0.0430879712746858","0.0210727969348656","0.293689320388349","-0.0706190061028767","-0.0706190061028767","47.2832905708057","0.329823553256953","11258.9085","0.489477821051659","False","True","True","True"
"2026-07-13","53.95","54.25","53","53.3","6809","3.647","0","0","490.795134891567","75.0916556384097","77.085177077966","72.5808517805563","61.4971514716351","-0.0430879712746858","0.0279652844744458","0.269349845201239","-0.0706190061028767","-0.0706190061028767","47.2832905708057","0.328535156874108","10760.77215","0.632723461206267","False","True","True","True"
"2026-07-14","52.8","53.05","50.9","52.25","16124","8.3513","0","-0.0196998123827392","481.126562815842","73.6123641108238","77.0323452376951","72.8074416732738","61.7358867554816","-0.0551537070524412","-0.0141509433962266","0.226525821596244","-0.0889276373147337","-0.0889276373147337","42.8253931341362","0.327345281068292","11076.2548","1.45571867848327","False","True","True","True"
"2026-07-15","52.8","53.35","52.4","53.2","7681","4.0831","0","0.0181818181818183","489.874318503403","74.9507707310206","76.9372479252074","73.0572775757105","61.9858841944723","-0.00931098696461818","-0.02474793767186","0.25","-0.0723626852659106","-0.0723626852659106","47.6357394539888","0.316172247018102","11105.368","0.691675863420285","False","True","True","True"
"2026-07-16","52.6","53.4","52.05","53.05","4578","2.417","0","-0.00281954887218061","488.493093921156","74.7394433699369","76.8104515085572","73.2941990283033","62.2307488062002","-0.00655430711610494","-0.0328167730173198","0.234869646182494","-0.0749782040104617","-0.0749782040104617","46.9638631745604","0.315259796043979","10878.08115","0.420810797132176","False","True","True","True"
"2026-07-17","51.15","51.35","49.51","49.53","21727","10.9421","0","-0.0663524976437323","456.080357057773","69.7802946298393","76.4286534095326","73.4259264167121","62.4318943122902","-0.0707317073170731","-0.0986351228389445","0.127732240437158","-0.136355710549259","-0.136355710549259","34.6227560750193","0.389847454684965","11646.82615","1.8654768020213","False","True","True","True"
"2026-07-20","49.63","49.8","48.3","48.85","18607","9.1335","0","-0.0137290530991319","449.818805618256","68.8222772595932","75.9672553378332","73.5301812481801","62.6222284075873","-0.0834896810506567","-0.118231046931408","0.0999774825489754","-0.14821272885789","-0.14821272885789","32.8280774546435","0.387854581298963","12138.06945","1.53295901598256","False","True","True","True"
"2026-07-21","49.24","51.15","49.24","51.1","7454","3.7581","0","0.0460593654042989","470.537174351952","71.9921876758487","75.5269900022422","73.6919640834986","62.8415888224421","-0.0220095693779905","-0.108979947689625","0.155847093417779","-0.0987654320987652","-0.108979947689625","43.3008137446013","0.404699746952803","11946.38225","0.62395023397146","False","True","True","True"
"2026-07-22","52.4","52.8","51.9","52.1","8777","4.599","0","0.0195694716242663","479.745338233595","73.4010367497401","75.2029547152472","73.8375451544674","63.0642058481236","-0.0206766917293233","-0.081128747795414","0.135076252723312","-0.0671441360787822","-0.0915431560592845","47.2380830453223","0.413502094127465","11650.1598","0.753354129957943","False","True","True","True"
"2026-07-23","52.6","52.85","52.05","52.45","5467","2.8636","0","0.00671785028790794","482.96819559217","73.8941339256021","74.9986715995329","73.9657504201915","63.2898443505112","-0.011310084825636","-0.0523938572719057","0.116194935092572","-0.0608773500447626","-0.0854402789886656","48.5838521629684","0.40816674073799","10911.56755","0.501035710492394","False","True","True","True"
"2026-07-24","51.65","52.15","51","51.15","6649","3.4185","0","-0.024785510009533","470.997582546035","72.0626301295433","74.7028132940157","74.0664831289747","63.4985888216262","0.0327074500302849","-0.0758807588075878","0.0915492957746471","-0.0841539838854075","-0.108108108108108","44.0859482847094","0.415671773839582","10895.03225","0.61024766585707","False","True","True","True"
"2026-07-27","51","51.1","50","51.05","7262","3.6721","0","-0.00195503421309873","470.07676615787","71.9217452221542","74.5865832454197","74.1756689322013","63.7097987786204","0.0450358239508701","-0.0313092979127133","0.100215517241379","-0.0859444941808415","-0.109851787271142","43.7504103052424","0.381350868446704","10243.34115","0.708904926006492","False","True","True","True"
"2026-07-28","49.52","49.52","48.08","48.14","23550","11.4455","0","-0.0570029382957884","443.281009262289","67.8219944171303","74.2442329204641","74.2073680363639","63.8809739410982","-0.0579256360078277","-0.0916981132075472","0.0288523188715539","-0.138048343777977","-0.160592850915431","35.3248389490444","0.428142794706637","10997.37775","2.14144221789599","False","True","True","True"
"2026-07-29","48.15","48.35","45.04","46.07","26802","12.3994","0","-0.0429995845450769","424.220110027289","64.9056768341752","73.6257481770258","74.1369255826693","64.0230328893822","-0.11573896353167","-0.16007292616226","-0.0611371510087639","-0.175111906893465","-0.196687009590235","30.7833783501428","0.422439222138017","11838.55815","2.26398110820615","False","False","True","False"
"2026-07-30","45.43","47.71","45.22","46.04","22808","10.6011","0","-0.000651182982418064","423.943865110839","64.8634113619584","72.9347077062821","74.0617869653951","64.1643874131293","-0.122211630123928","-0.175649059982095","-0.0649878147847281","-0.17342908438061","-0.197210113339145","30.721733518542","0.411870169866214","12562.56655","1.81558799384032","False","False","True","False"
"2026-07-31","49.71","50.6","49.67","50.6","24869","12.493","0","0.0990443092962641","465.933092411131","71.287763138903","72.5754511924398","74.0798671951767","64.3531731890307","-0.0107526881720431","-0.0915619389587076","0.0154525386313471","-0.0915619389587073","-0.117698343504795","47.824764418277","0.563778549751492","13258.6534","1.87568558055828","False","False","True","True"
"2026-08-03","51.6","51.6","50.3","50.85","45726","23.2687","0","0.00494071146245068","468.235133381542","71.6399754073759","72.2338052920211","74.0775191133869","64.5394934790529","-0.00391772771792354","-0.0870736086175944","-0.00196270853778224","-0.0804701627486436","-0.11333914559721","48.574340614859","0.564538969668524","15079.4704","3.03234283347245","False","False","True","False"
"2026-08-04","50.7","51.6","50","50.9","35521","18.0572","0","0.000983284169124854","468.695541575624","71.7104178610705","71.923858495765","74.0880854814411","64.7307447408336","0.0573327793934357","-0.0795660036166365","0.00891972249752193","-0.052141527001862","-0.112467306015693","48.7329774884702","0.564663566024605","16290.59185","2.18047805304262","False","False","True","True"
"2026-08-05","52.6","53.25","52.4","52.65","29066","15.3789","0","0.0343811394891944","484.809828368499","74.1759037403803","71.8498939193857","74.1315249945527","64.9493511554658","0.142826134143694","-0.0195530726256986","0.0364173228346458","-0.0140449438202247","-0.0819529206625979","54.0730219305258","0.571589493376011","16937.2223","1.71611280085755","True","False","True","True"
"2026-08-06","52.5","52.95","51.95","52.75","26718","14.0359","0","0.00189933523266861","485.730644756663","74.3167886477695","71.8041063244843","74.1737904667695","65.1752366236463","0.145742832319722","-0.0121722846441947","0.0353287536800784","-0.0103189493433395","-0.0802092414995638","54.3655357356348","0.571302471378882","17585.2978","1.51933287134893","True","False","True","True"
"2026-08-07","53.1","53.2","51.9","52.25","40475","21.2062","0","-0.00947867298578198","481.126562815842","73.6123641108238","71.7301417481049","74.2254482661454","65.3853899438351","0.0326086956521738","-0.0196998123827392","0.0439560439560447","-0.0196998123827392","-0.0889276373147337","52.5628818349736","0.572269478063255","19333.5014","2.09351928357892","True","False","True","True"
"2026-08-10","53.15","53.65","53.05","53.2","39732","21.1833","0","0.0181818181818183","489.874318503403","74.9507707310206","71.7230975027355","74.29589071984","65.6061096320781","0.0462143559488692","-0.00187617260787976","0.0597609561752992","0","-0.0723626852659106","55.5768347586563","0.576058370124491","20979.6849","1.8938446020226","True","False","True","True"
"2026-08-11","53","53.65","52.7","53.5","38779","20.6529","0","0.00563909774436078","492.636767667895","75.373425453188","71.8111505698537","74.3970930449812","65.8377479006437","0.0510805500982319","0.0239234449760766","0.087619434844481","0","-0.0671316477768087","56.5163979882756","0.571261442500381","22112.41445","1.75369822629206","True","False","True","True"
"2026-08-12","53.85","54.15","53.6","54.15","35488","19.1499","0","0.0121495327102803","498.622074190963","76.2891773512174","71.8780709008635","74.516845216262","66.0786610922792","0.0284900284900285","0.0178571428571428","0.103975535168195","0","-0.0557977332170879","58.5614207875956","0.569364029741872","23502.7482","1.5099506533453","True","False","True","True"
"2026-08-13","55.3","55.4","54.7","55","52839","29.0798","0","0.0156971375807942","506.44901349036","77.486699064025","72.015433685568","74.6812109415493","66.3205135166305","0.0426540284360191","0.0367577756833177","0.145833333333333","0","-0.0409764603312988","61.1354670466476","0.57129586752987","25915.81055","2.03886584593049","True","False","True","True"
"2026-08-14","55.5","55.55","54.8","54.8","90976","50.1448","0","-0.00363636363636366","504.607380714031","77.2049292492468","72.3866654165383","74.8488639813424","66.5499211074958","0.0488038277511964","0.106400161518272","0.149811162400337","-0.00363636363636366","-0.0444638186573668","60.1881008503027","0.511404410777052","29378.26495","3.09671017518684","True","False","True","True"
"2026-08-17","55.15","55.35","54.75","55.15","126801","69.8472","0","0.00638686131386867","507.830238072606","77.6980264251087","72.8304528748141","74.9737819325608","66.7762761920344","0.0366541353383456","0.128966223132037","0.106762994180213","0","-0.0383609415867477","61.3177892488435","0.506305321187025","34787.9327","3.64495697670474","True","False","True","True"
"2026-08-18","50.5","50.5","49.35","49.48","90127","44.9522","4.6","-0.0194016319129646","497.977502719248","76.190557916045","73.0403713868239","75.0437547698974","66.9888949981025","0.010841121495327","0.0583170254403127","0.0583170254403131","-0.0194016319129646","-0.0570183086312116","56.0788287418624","0.491675170010029","38921.57445","2.31559961984015","True","False","True","True"
"2026-08-19","48.24","48.98","48.2","48.54","47413","23.0718","0","-0.0189975747776879","488.517137873733","74.7431220946812","73.107475654071","75.0344237548172","67.1763025809696","-0.0202657219571071","0.0182842832250028","-0.00743477724934205","-0.0380306227375767","-0.0749326738269808","51.5265826902601","0.493786586665111","40853.376","1.16055835875106","True","False","True","False"
"2026-08-20","49.11","49.15","48.26","48.68","34290","16.6383","0","0.00288421920065929","489.92612838264","74.9586976425439","73.1607038399181","75.0275116246398","67.3537662177864","-0.0326249724406554","0.0144066065922581","-0.00550230811656249","-0.0352560921892303","-0.07226457688293","52.1495959192779","0.493421803697999","42294.50565","0.810735992134714","True","False","True","False"
"2026-08-21","48.63","48.91","48.23","48.59","17948","8.7238","0","-0.00184880854560387","489.020348769771","74.820113361775","73.2985780015296","74.9889387340768","67.527492095628","-0.0308894252046095","0.038265092840418","-0.0300043927162119","-0.03703971897031","-0.0739797820612482","51.6896609074326","0.484051143433305","42859.47345","0.418764454046273","True","False","True","False"
"2026-08-24","48.71","49.01","48.44","48.46","29784","14.494","0","-0.00267544762296779","487.712000440072","74.619936067331","73.4334875437885","74.9845988639102","67.703071952034","-0.0396160687652034","0.0375156475533605","-0.00347744482410017","-0.0396160687652034","-0.0764573006521526","50.9901136959356","0.484142095045761","43985.57345","0.67712098908648","True","False","True","False"
"2026-08-25","48.02","48.5","47.49","48.5","30341","14.4981","0","0.000825423029302552","488.114569156903","74.6815290810061","73.7764642769823","74.9401941126497","67.8905532802346","-0.0198059822150363","0.101140267590587","-0.0344464028814055","-0.03882334575139","-0.0756949872395666","51.2089176276144","0.430812091622238","44325.1122","0.684510935090199","True","False","True","False"
"2026-08-26","48.5","49.58","48.41","49.53","19665","9.6686","0","0.0212371134020619","498.480713615286","76.2675491831388","74.3445578944305","74.9081345390192","68.1109753296541","0.0203955500618047","0.17505205866648","-0.0246009307609951","-0.0184107281456979","-0.0560654168654791","56.5839782790657","0.394358254557132","43968.2649","0.447261815873931","True","False","True","False"
"2026-08-27","49.85","50.15","49.59","49.61","18102","9.0261","0","0.00161518271754479","499.285851048947","76.3907352104889","74.920924086857","74.8828242294241","68.320331308084","0.0191043549712406","0.177716891641797","-0.0194921213166653","-0.0168252821180714","-0.0545407900403073","56.9803903112543","0.393751611326161","43732.929","0.413915267372098","True","True","True","False"
"2026-08-28","50.1","50.35","49.99","50","22249","11.1609","0","0.00786131828260439","503.210896038044","76.9912670938207","75.2060992846029","74.8499121711277","68.5346917188749","0.029018316526034","0.0800067740069847","-0.0250072655708571","-0.00909623273339177","-0.0471082342675945","58.9482225506596","0.201930891697996","43601.95005","0.510286488895237","True","True","True","False"
"2026-08-31","49.24","49.58","48.94","49.58","20463","10.0721","0","-0.00840000000000007","498.983924511324","76.3445404502326","75.4413275367457","74.8238319488617","68.7649128811672","0.0231118448204704","0.0656695513378462","-0.0200850508945831","-0.0174198243784313","-0.0551125250997466","55.9785236850008","0.206547009294514","42338.8134","0.483324622413721","True","True","True","False"
"2026-09-01","50.15","51.25","50.15","51.05","36305","18.497","0","0.0296490520371118","513.778324854843","78.6080837027909","75.7862108288317","74.8636544289495","69.0029609194853","0.0525773195876289","0.0961877792301238","0.0313485760224264","0","-0.027097507187214","63.0036386929741","0.22645152845195","42378.0032","0.856696192802213","True","True","True","True"
"2026-09-02","50.75","51","49.98","50","22191","11.1719","0","-0.0205680705190988","503.210896038044","76.9912670938207","75.9269789965037","74.9164473559813","69.2079290031169","0.00948919846557628","0.0379552282004454","0.0429073046708677","-0.0205680705190986","-0.0471082342675943","56.1151265296282","0.214614588646414","42034.23235","0.527921309832128","True","True","True","True"
"2026-09-03","50.15","50.3","49.53","49.8","14834","7.4092","0","-0.004","501.198052453892","76.6833020254455","76.0453046653875","74.9183199369722","69.4150268747585","0.00382987300947391","0.03184359040179","0.00146733015077194","-0.0244857982370222","-0.0509198013305239","54.8841989366812","0.215652521386364","41440.03315","0.357961513841115","True","True","True","True"
"2026-09-04","50.4","50.6","49.79","50.35","16315","8.176","0","0.0110441767068274","506.73337231031","77.5302059634775","76.2411967580202","74.984791342078","69.6308259364698","0.00700000000000012","0.0532226060116125","0.0542314399254153","-0.0137120470127321","-0.0404379919074672","57.6362966890867","0.21389553233211","40232.01755","0.405516476515854","True","True","True","True"
"2026-09-07","50.9","51.6","50.8","51.35","24715","12.6661","0","0.0198609731876862","516.797590231071","79.0700313053539","76.4471597867369","75.0851447891461","69.8614527455514","0.0356998789834613","0.0549595492368757","0.0824271556297362","0","-0.0213801565928192","62.1564117041406","0.215585732840551","39481.17385","0.626004411467112","True","True","True","True"
"2026-09-08","51.5","51.55","50.7","50.8","12176","6.2242","0","-0.0107108081791627","511.262270374653","78.2231273673219","76.5896448824436","75.1443802299974","70.0785647968941","-0.00489715964740434","0.0378077803549437","0.0475984197922545","-0.0107108081791628","-0.0318619660158759","58.4617494156316","0.220452738720979","38151.05645","0.319156404383135","True","True","True","True"
"2026-09-09","51.05","51.55","50.85","50.95","9972","5.1144","0","0.00295275590551203","512.771903062767","78.4541011686033","76.6978910733129","75.1710699664612","70.2892659395603","0.0190000000000001","0.0283778629230618","0.0208370536623981","-0.00778967867575464","-0.0290032907186784","59.1744935420878","0.217201623914971","36875.26805","0.270431173177601","True","True","True","True"
"2026-09-10","50.65","50.65","50.25","50.5","12043","6.0788","0","-0.00883218842001965","508.243004998425","77.7611797647589","76.7116151083496","75.1791667674915","70.4992411130426","0.0140562248995986","0.00354229440729092","0.00628671271469461","-0.0165530671859786","-0.0375793166102701","56.066400180437","0.213337337350201","34835.4607","0.345702733881168","True","True","True","True"
"2026-09-11","49.75","50.1","49.6","49.96","26334","13.112","0","-0.0106930693069307","502.808327321214","76.9296740801457","76.6978523498945","75.1710570586551","70.7038133256498","-0.00774577954319755","-0.00356525382223227","-0.00628527587731331","-0.0270691333982472","-0.04787054768018","52.5026545517603","0.216494917327868","31603.34965","0.833258223942727","True","True","True","False"
"2026-09-14","49.2","49.76","48.98","49.54","25644","12.6791","0","-0.00840672538030429","498.581355794494","76.2829474365576","76.627098400467","75.1416022043714","70.9140321339726","-0.0352482960077897","-0.0182125473922446","-0.0226429961856003","-0.0352482960077898","-0.0558748385123323","49.84867334247","0.216992418387015","26545.5149","0.966032231682197","False","True","True","False"
"2026-09-15","49.48","49.83","49.2","49.21","21743","10.7719","0","-0.00666128381106168","495.260163880643","75.7748050737384","76.6063107583516","75.0578907158058","71.1214252716791","-0.0312992125984249","-0.00545675020210135","-0.0621639241661659","-0.0416747809152873","-0.0514127169476125","47.803971929181","0.207013526339167","23126.3084","0.940169638142506","False","True","True","False"
"2026-09-16","49.42","50.05","49.3","49.65","13177","6.5475","0","0.00894127209916684","499.688419765778","76.452328224164","76.6917710648258","75.0007338113813","71.3196715203633","-0.0255152109911678","0.0228677379480839","-0.0429311399400317","-0.0331061343719571","-0.0331061343719571","50.7072129195967","0.19685957087552","21414.50365","0.615313444353402","False","True","True","False"
"2026-09-17","50.2","50.8","49.81","49.81","12185","6.1279","0","0.00322255790533754","501.2986946331","76.6987002788642","76.7787711966418","74.9793822120309","71.5213797185773","-0.0136633663366333","0.0232128184059166","-0.016428562561022","-0.0299902629016552","-0.0299902629016552","51.7580194183143","0.196901536246744","20309.27285","0.599975296506","False","True","True","False"
"2026-09-18","50.5","51.05","50.5","51","17932","9.1006","0","0.0238907849829351","513.275113958805","78.5310924356972","76.9643201503379","74.988570481961","71.7415277618477","0.0208166533226584","0.0495986828565553","0.00706973116618892","-0.0068159688412851","-0.0068159688412851","58.7938182206623","0.212184547497645","20308.46585","0.882975805875558","True","True","True","True"
"2026-09-21","51.35","51.85","51.35","51.8","18511","9.5622","0","0.0156862745098039","521.326488295414","79.7629527091983","77.2214709824313","75.0805139238798","71.9802769977512","0.0456197012515143","0.0689228229467602","0.0743013871780753","0","0","62.729182259184","0.216207960577108","19744.84095","0.937513604028297","True","True","True","True"
"2026-09-22","52.95","53.15","52.2","52.2","18249","9.6318","0","0.00772200772200793","525.352175463718","80.3788828459489","77.5063386706784","75.1756786227082","72.2369560305488","0.0607600081284294","0.0762886597938151","0.0764692423849547","0","0","64.5521026613539","0.216493580789389","19140.23045","0.953427078512526","True","True","True","True"
"2026-09-23","52.7","52.8","52.4","52.6","9425","4.9572","0","0.00766283524904221","529.377862632023","80.9948129826995","77.7427018606564","75.2376693107042","72.479161331541","0.059415911379658","0.061982636785787","0.0481322987879793","0","0","66.3258048110317","0.207127695384386","18628.2096","0.505948193754487","True","True","True","True"
"2026-09-24","52.4","52.6","52.25","52.5","10442","5.471","0","-0.00190114068441072","528.371440839946","80.8408304485118","77.9652066225576","75.2736128052322","72.7292409637286","0.0540052198353744","0.0582543841967351","0.0274084136614352","-0.00190114068441072","-0.00190114068441072","65.4441757297872","0.207835059086489","18245.21605","0.572306514287618","True","True","True","True"
