交易日,欄位,值,狀態,來源,資料時點,備註
2026-08-14,avg_vol20,29378.26495,ok,TWSE STOCK_DAY,2026-08-14,
2026-08-14,breadth_count,4,stale,國泰投信權重 + TWSE 個股收盤,2026-09-24,權重基準日 2026-09-24，非 2026-08-14 當日權重；歷史日的加權貢獻為估計值
2026-08-14,close,54.8,ok,TWSE STOCK_DAY,2026-08-14,
2026-08-14,close_adj,77.20492924924676,ok,TWSE STOCK_DAY,2026-08-14,
2026-08-14,close_adj_gt_ma120,True,ok,TWSE STOCK_DAY,2026-08-14,
2026-08-14,close_adj_gt_ma20,True,ok,TWSE STOCK_DAY,2026-08-14,
2026-08-14,day_direction,down,ok,TWSE STOCK_DAY,2026-08-14,
2026-08-14,drawdown20,-0.0036363636363636598,ok,TWSE STOCK_DAY,2026-08-14,
2026-08-14,drawdown60,-0.044463818657366816,ok,TWSE STOCK_DAY,2026-08-14,
2026-08-14,foreign_net_100m,453.51,ok,TWSE BFI82U,2026-08-14,
2026-08-14,high,55.55,ok,TWSE STOCK_DAY,2026-08-14,
2026-08-14,institutional_net,516.63,ok,TWSE BFI82U,2026-08-14,
2026-08-14,institutional_net_100m,516.63,ok,TWSE BFI82U,2026-08-14,
2026-08-14,low,54.8,ok,TWSE STOCK_DAY,2026-08-14,
2026-08-14,ma120,66.54992110749586,ok,TWSE STOCK_DAY,2026-08-14,
2026-08-14,ma20,72.3866654165383,ok,TWSE STOCK_DAY,2026-08-14,
2026-08-14,ma20_gt_ma60,False,ok,TWSE STOCK_DAY,2026-08-14,
2026-08-14,ma60,74.84886398134243,ok,TWSE STOCK_DAY,2026-08-14,
2026-08-14,nav,54.59,ok,國泰投信 cwapi,2026-08-14,
2026-08-14,ndx_ret,0.008068869672887002,ok,Yahoo Finance ^IXIC,2026-08-13,
2026-08-14,nvda_ret,0.005399646274448999,ok,Yahoo Finance NVDA,2026-08-13,
2026-08-14,open,55.5,ok,TWSE STOCK_DAY,2026-08-14,
2026-08-14,premium,0.0038,ok,國泰投信 cwapi,2026-08-14,
2026-08-14,ret20,0.10640016151827192,ok,TWSE STOCK_DAY,2026-08-14,
2026-08-14,ret5,0.048803827751196405,ok,TWSE STOCK_DAY,2026-08-14,
2026-08-14,ret60,0.14981116240033665,ok,TWSE STOCK_DAY,2026-08-14,
2026-08-14,ret60_positive,True,ok,TWSE STOCK_DAY,2026-08-14,
2026-08-14,rsi14,60.18810085030267,ok,TWSE STOCK_DAY,2026-08-14,
2026-08-14,rv20,0.5114044107770517,ok,TWSE STOCK_DAY,2026-08-14,
2026-08-14,sox_ret,0.00456636684436007,ok,Yahoo Finance ^SOX,2026-08-13,
2026-08-14,stock_foreign_net_lots,-1463.88,ok,TWSE T86,2026-08-14,
2026-08-14,stock_institutional_net_lots,-69989.304,ok,TWSE T86,2026-08-14,
2026-08-14,top_holdings,"[{""code"": ""2330"", ""name"": ""台積電"", ""weight"": 0.3797, ""close"": 2395.0, ""prev_close"": 2435.0, ""ret"": -0.01642710472279263, ""contrib"": -0.006237371663244361}, {""code"": ""2454"", ""name"": ""聯發科"", ""weight"": 0.1215, ""close"": 4210.0, ""prev_close"": 4225.0, ""ret"": -0.0035502958579881616, ""contrib"": -0.0004313609467455616}, {""code"": ""2308"", ""name"": ""台達電"", ""weight"": 0.060700000000000004, ""close"": 1885.0, ""prev_close"": 1885.0, ""ret"": 0.0, ""contrib"": 0.0}, {""code"": ""2317"", ""name"": ""鴻海"", ""weight"": 0.046, ""close"": 259.5, ""prev_close"": 262.0, ""ret"": -0.009541984732824416, ""contrib"": -0.0004389312977099231}, {""code"": ""2303"", ""name"": ""聯電"", ""weight"": 0.0349, ""close"": 121.0, ""prev_close"": 124.5, ""ret"": -0.028112449799196804, ""contrib"": -0.0009811244979919685}, {""code"": ""3037"", ""name"": ""欣興"", ""weight"": 0.0341, ""close"": 1020.0, ""prev_close"": 1000.0, ""ret"": 0.020000000000000018, ""contrib"": 0.0006820000000000005}, {""code"": ""2059"", ""name"": ""川湖"", ""weight"": 0.026699999999999998, ""close"": 12500.0, ""prev_close"": 12235.0, ""ret"": 0.021659174499387035, ""contrib"": 0.0005782999591336338}, {""code"": ""2383"", ""name"": ""台光電"", ""weight"": 0.024900000000000002, ""close"": 6165.0, ""prev_close"": 5690.0, ""ret"": 0.0834797891036907, ""contrib"": 0.0020786467486818986}, {""code"": ""3017"", ""name"": ""奇鋐"", ""weight"": 0.0229, ""close"": 3235.0, ""prev_close"": 3200.0, ""ret"": 0.010937500000000044, ""contrib"": 0.000250468750000001}, {""code"": ""3008"", ""name"": ""大立光"", ""weight"": 0.0208, ""close"": 4610.0, ""prev_close"": 4660.0, ""ret"": -0.010729613733905574, ""contrib"": -0.00022317596566523594}]",stale,國泰投信權重 + TWSE 個股收盤,2026-09-24,權重基準日 2026-09-24，非 2026-08-14 當日權重；歷史日的加權貢獻為估計值
2026-08-14,tsm_ret,0.0031224428683409577,ok,Yahoo Finance TSM,2026-08-13,
2026-08-14,turnover_100m,50.1448,ok,TWSE STOCK_DAY,2026-08-14,
2026-08-14,twd_change,-0.0002110518697276964,ok,Yahoo Finance TWD=X,2026-08-13,
2026-08-14,us10y,4.640999794006348,ok,Yahoo Finance ^TNX,2026-08-13,
2026-08-14,usdtwd,32.202301025390625,ok,Yahoo Finance TWD=X,2026-08-13,
2026-08-14,vix,14.630000114440918,ok,Yahoo Finance ^VIX,2026-08-13,
2026-08-14,volume_lots,90976,ok,TWSE STOCK_DAY,2026-08-14,
2026-08-14,volume_ratio,3.096710175186843,ok,TWSE STOCK_DAY,2026-08-14,
2026-08-14,wcr,-0.004722548913541516,stale,國泰投信權重 + TWSE 個股收盤,2026-09-24,權重基準日 2026-09-24，非 2026-08-14 當日權重；歷史日的加權貢獻為估計值
2026-08-17,avg_vol20,34787.9327,ok,TWSE STOCK_DAY,2026-08-17,
2026-08-17,breadth_count,6,stale,國泰投信權重 + TWSE 個股收盤,2026-09-24,權重基準日 2026-09-24，非 2026-08-17 當日權重；歷史日的加權貢獻為估計值
2026-08-17,close,55.15,ok,TWSE STOCK_DAY,2026-08-17,
2026-08-17,close_adj,77.69802642510874,ok,TWSE STOCK_DAY,2026-08-17,
2026-08-17,close_adj_gt_ma120,True,ok,TWSE STOCK_DAY,2026-08-17,
2026-08-17,close_adj_gt_ma20,True,ok,TWSE STOCK_DAY,2026-08-17,
2026-08-17,day_direction,up,ok,TWSE STOCK_DAY,2026-08-17,
2026-08-17,drawdown20,0.0,ok,TWSE STOCK_DAY,2026-08-17,
2026-08-17,drawdown60,-0.03836094158674774,ok,TWSE STOCK_DAY,2026-08-17,
2026-08-17,foreign_net_100m,454.47,ok,TWSE BFI82U,2026-08-17,
2026-08-17,high,55.35,ok,TWSE STOCK_DAY,2026-08-17,
2026-08-17,institutional_net,290.76,ok,TWSE BFI82U,2026-08-17,
2026-08-17,institutional_net_100m,290.76,ok,TWSE BFI82U,2026-08-17,
2026-08-17,low,54.75,ok,TWSE STOCK_DAY,2026-08-17,
2026-08-17,ma120,66.77627619203442,ok,TWSE STOCK_DAY,2026-08-17,
2026-08-17,ma20,72.83045287481409,ok,TWSE STOCK_DAY,2026-08-17,
2026-08-17,ma20_gt_ma60,False,ok,TWSE STOCK_DAY,2026-08-17,
2026-08-17,ma60,74.9737819325608,ok,TWSE STOCK_DAY,2026-08-17,
2026-08-17,nav,54.66,ok,國泰投信 cwapi,2026-08-17,
2026-08-17,ndx_ret,-0.002755999697154121,stale,Yahoo Finance ^IXIC,2026-08-14,美股資料為 2026-08-14，較預期的 2026-08-16 舊 2 天（休市或缺值）
2026-08-17,nvda_ret,-0.0006213909798140627,stale,Yahoo Finance NVDA,2026-08-14,美股資料為 2026-08-14，較預期的 2026-08-16 舊 2 天（休市或缺值）
2026-08-17,open,55.15,ok,TWSE STOCK_DAY,2026-08-17,
2026-08-17,premium,0.009000000000000001,ok,國泰投信 cwapi,2026-08-17,
2026-08-17,ret20,0.12896622313203698,ok,TWSE STOCK_DAY,2026-08-17,
2026-08-17,ret5,0.036654135338345606,ok,TWSE STOCK_DAY,2026-08-17,
2026-08-17,ret60,0.10676299418021329,ok,TWSE STOCK_DAY,2026-08-17,
2026-08-17,ret60_positive,True,ok,TWSE STOCK_DAY,2026-08-17,
2026-08-17,rsi14,61.317789248843546,ok,TWSE STOCK_DAY,2026-08-17,
2026-08-17,rv20,0.5063053211870254,ok,TWSE STOCK_DAY,2026-08-17,
2026-08-17,sox_ret,-0.003127022745062602,stale,Yahoo Finance ^SOX,2026-08-14,美股資料為 2026-08-14，較預期的 2026-08-16 舊 2 天（休市或缺值）
2026-08-17,stock_foreign_net_lots,-222.882,ok,TWSE T86,2026-08-17,
2026-08-17,stock_institutional_net_lots,-106113.008,ok,TWSE T86,2026-08-17,
2026-08-17,top_holdings,"[{""code"": ""2330"", ""name"": ""台積電"", ""weight"": 0.3797, ""close"": 2400.0, ""prev_close"": 2395.0, ""ret"": 0.0020876826722338038, ""contrib"": 0.0007926931106471753}, {""code"": ""2454"", ""name"": ""聯發科"", ""weight"": 0.1215, ""close"": 4050.0, ""prev_close"": 4210.0, ""ret"": -0.038004750593824244, ""contrib"": -0.004617577197149646}, {""code"": ""2308"", ""name"": ""台達電"", ""weight"": 0.060700000000000004, ""close"": 1885.0, ""prev_close"": 1885.0, ""ret"": 0.0, ""contrib"": 0.0}, {""code"": ""2317"", ""name"": ""鴻海"", ""weight"": 0.046, ""close"": 255.0, ""prev_close"": 259.5, ""ret"": -0.017341040462427793, ""contrib"": -0.0007976878612716785}, {""code"": ""2303"", ""name"": ""聯電"", ""weight"": 0.0349, ""close"": 121.5, ""prev_close"": 121.0, ""ret"": 0.004132231404958775, ""contrib"": 0.00014421487603306124}, {""code"": ""3037"", ""name"": ""欣興"", ""weight"": 0.0341, ""close"": 1120.0, ""prev_close"": 1020.0, ""ret"": 0.0980392156862746, ""contrib"": 0.003343137254901964}, {""code"": ""2059"", ""name"": ""川湖"", ""weight"": 0.026699999999999998, ""close"": 13750.0, ""prev_close"": 12500.0, ""ret"": 0.10000000000000009, ""contrib"": 0.0026700000000000022}, {""code"": ""2383"", ""name"": ""台光電"", ""weight"": 0.024900000000000002, ""close"": 6350.0, ""prev_close"": 6165.0, ""ret"": 0.030008110300081103, ""contrib"": 0.0007472019464720195}, {""code"": ""3017"", ""name"": ""奇鋐"", ""weight"": 0.0229, ""close"": 3150.0, ""prev_close"": 3235.0, ""ret"": -0.026275115919629055, ""contrib"": -0.0006017001545595053}, {""code"": ""3008"", ""name"": ""大立光"", ""weight"": 0.0208, ""close"": 5070.0, ""prev_close"": 4610.0, ""ret"": 0.09978308026030369, ""contrib"": 0.0020754880694143166}]",stale,國泰投信權重 + TWSE 個股收盤,2026-09-24,權重基準日 2026-09-24，非 2026-08-17 當日權重；歷史日的加權貢獻為估計值
2026-08-17,tsm_ret,-0.009616911484063517,stale,Yahoo Finance TSM,2026-08-14,美股資料為 2026-08-14，較預期的 2026-08-16 舊 2 天（休市或缺值）
2026-08-17,turnover_100m,69.8472,ok,TWSE STOCK_DAY,2026-08-17,
2026-08-17,twd_change,-0.0024284380760136726,stale,Yahoo Finance TWD=X,2026-08-14,美股資料為 2026-08-14，較預期的 2026-08-16 舊 2 天（休市或缺值）
2026-08-17,us10y,4.696000099182129,stale,Yahoo Finance ^TNX,2026-08-14,美股資料為 2026-08-14，較預期的 2026-08-16 舊 2 天（休市或缺值）
2026-08-17,usdtwd,32.12409973144531,stale,Yahoo Finance TWD=X,2026-08-14,美股資料為 2026-08-14，較預期的 2026-08-16 舊 2 天（休市或缺值）
2026-08-17,vix,14.25,stale,Yahoo Finance ^VIX,2026-08-14,美股資料為 2026-08-14，較預期的 2026-08-16 舊 2 天（休市或缺值）
2026-08-17,volume_lots,126801,ok,TWSE STOCK_DAY,2026-08-17,
2026-08-17,volume_ratio,3.644956976704741,ok,TWSE STOCK_DAY,2026-08-17,
2026-08-17,wcr,0.00375577004448771,stale,國泰投信權重 + TWSE 個股收盤,2026-09-24,權重基準日 2026-09-24，非 2026-08-17 當日權重；歷史日的加權貢獻為估計值
2026-08-18,avg_vol20,38921.57445,ok,TWSE STOCK_DAY,2026-08-18,
2026-08-18,breadth_count,3,stale,國泰投信權重 + TWSE 個股收盤,2026-09-24,權重基準日 2026-09-24，非 2026-08-18 當日權重；歷史日的加權貢獻為估計值
2026-08-18,close,49.48,ok,TWSE STOCK_DAY,2026-08-18,
2026-08-18,close_adj,76.19055791604498,ok,TWSE STOCK_DAY,2026-08-18,
2026-08-18,close_adj_gt_ma120,True,ok,TWSE STOCK_DAY,2026-08-18,
2026-08-18,close_adj_gt_ma20,True,ok,TWSE STOCK_DAY,2026-08-18,
2026-08-18,day_direction,down,ok,TWSE STOCK_DAY,2026-08-18,
2026-08-18,drawdown20,-0.019401631912964623,ok,TWSE STOCK_DAY,2026-08-18,
2026-08-18,drawdown60,-0.0570183086312116,ok,TWSE STOCK_DAY,2026-08-18,
2026-08-18,foreign_net_100m,-119.86,ok,TWSE BFI82U,2026-08-18,
2026-08-18,high,50.5,ok,TWSE STOCK_DAY,2026-08-18,
2026-08-18,institutional_net,-257.66,ok,TWSE BFI82U,2026-08-18,
2026-08-18,institutional_net_100m,-257.66,ok,TWSE BFI82U,2026-08-18,
2026-08-18,low,49.35,ok,TWSE STOCK_DAY,2026-08-18,
2026-08-18,ma120,66.98889499810251,ok,TWSE STOCK_DAY,2026-08-18,
2026-08-18,ma20,73.04037138682389,ok,TWSE STOCK_DAY,2026-08-18,
2026-08-18,ma20_gt_ma60,False,ok,TWSE STOCK_DAY,2026-08-18,
2026-08-18,ma60,75.0437547698974,ok,TWSE STOCK_DAY,2026-08-18,
2026-08-18,nav,49.33,ok,國泰投信 cwapi,2026-08-18,
2026-08-18,ndx_ret,-0.0031519882969573976,ok,Yahoo Finance ^IXIC,2026-08-17,
2026-08-18,nvda_ret,-0.0006662335798259811,ok,Yahoo Finance NVDA,2026-08-17,
2026-08-18,open,50.5,ok,TWSE STOCK_DAY,2026-08-18,
2026-08-18,premium,0.003,ok,國泰投信 cwapi,2026-08-18,
2026-08-18,ret20,0.0583170254403127,ok,TWSE STOCK_DAY,2026-08-18,
2026-08-18,ret5,0.01084112149532701,ok,TWSE STOCK_DAY,2026-08-18,
2026-08-18,ret60,0.05831702544031314,ok,TWSE STOCK_DAY,2026-08-18,
2026-08-18,ret60_positive,True,ok,TWSE STOCK_DAY,2026-08-18,
2026-08-18,rsi14,56.07882874186242,ok,TWSE STOCK_DAY,2026-08-18,
2026-08-18,rv20,0.4916751700100287,ok,TWSE STOCK_DAY,2026-08-18,
2026-08-18,sox_ret,0.01642501226301829,ok,Yahoo Finance ^SOX,2026-08-17,
2026-08-18,stock_foreign_net_lots,1171.79,ok,TWSE T86,2026-08-18,
2026-08-18,stock_institutional_net_lots,-65840.707,ok,TWSE T86,2026-08-18,
2026-08-18,top_holdings,"[{""code"": ""2330"", ""name"": ""台積電"", ""weight"": 0.3797, ""close"": 2380.0, ""prev_close"": 2400.0, ""ret"": -0.008333333333333304, ""contrib"": -0.0031641666666666554}, {""code"": ""2454"", ""name"": ""聯發科"", ""weight"": 0.1215, ""close"": 3885.0, ""prev_close"": 4050.0, ""ret"": -0.040740740740740744, ""contrib"": -0.00495}, {""code"": ""2308"", ""name"": ""台達電"", ""weight"": 0.060700000000000004, ""close"": 1820.0, ""prev_close"": 1885.0, ""ret"": -0.03448275862068961, ""contrib"": -0.00209310344827586}, {""code"": ""2317"", ""name"": ""鴻海"", ""weight"": 0.046, ""close"": 249.0, ""prev_close"": 255.0, ""ret"": -0.02352941176470591, ""contrib"": -0.0010823529411764718}, {""code"": ""2303"", ""name"": ""聯電"", ""weight"": 0.0349, ""close"": 119.0, ""prev_close"": 121.5, ""ret"": -0.020576131687242816, ""contrib"": -0.0007181069958847743}, {""code"": ""3037"", ""name"": ""欣興"", ""weight"": 0.0341, ""close"": 1145.0, ""prev_close"": 1120.0, ""ret"": 0.022321428571428603, ""contrib"": 0.0007611607142857153}, {""code"": ""2059"", ""name"": ""川湖"", ""weight"": 0.026699999999999998, ""close"": 14370.0, ""prev_close"": 13750.0, ""ret"": 0.04509090909090907, ""contrib"": 0.001203927272727272}, {""code"": ""2383"", ""name"": ""台光電"", ""weight"": 0.024900000000000002, ""close"": 6205.0, ""prev_close"": 6350.0, ""ret"": -0.022834645669291387, ""contrib"": -0.0005685826771653556}, {""code"": ""3017"", ""name"": ""奇鋐"", ""weight"": 0.0229, ""close"": 3035.0, ""prev_close"": 3150.0, ""ret"": -0.03650793650793649, ""contrib"": -0.0008360317460317456}, {""code"": ""3008"", ""name"": ""大立光"", ""weight"": 0.0208, ""close"": 5290.0, ""prev_close"": 5070.0, ""ret"": 0.04339250493096647, ""contrib"": 0.0009025641025641025}]",stale,國泰投信權重 + TWSE 個股收盤,2026-09-24,權重基準日 2026-09-24，非 2026-08-18 當日權重；歷史日的加權貢獻為估計值
2026-08-18,tsm_ret,0.010836155860323382,ok,Yahoo Finance TSM,2026-08-17,
2026-08-18,turnover_100m,44.9522,ok,TWSE STOCK_DAY,2026-08-18,
2026-08-18,twd_change,-0.004168200504919728,ok,Yahoo Finance TWD=X,2026-08-17,
2026-08-18,us10y,4.723999977111816,ok,Yahoo Finance ^TNX,2026-08-17,
2026-08-18,usdtwd,31.99020004272461,ok,Yahoo Finance TWD=X,2026-08-17,
2026-08-18,vix,15.1899995803833,ok,Yahoo Finance ^VIX,2026-08-17,
2026-08-18,volume_lots,90127,ok,TWSE STOCK_DAY,2026-08-18,
2026-08-18,volume_ratio,2.3155996198401474,ok,TWSE STOCK_DAY,2026-08-18,
2026-08-18,wcr,-0.01054469238562377,stale,國泰投信權重 + TWSE 個股收盤,2026-09-24,權重基準日 2026-09-24，非 2026-08-18 當日權重；歷史日的加權貢獻為估計值
2026-08-19,avg_vol20,40853.376000000004,ok,TWSE STOCK_DAY,2026-08-19,
2026-08-19,breadth_count,2,stale,國泰投信權重 + TWSE 個股收盤,2026-09-24,權重基準日 2026-09-24，非 2026-08-19 當日權重；歷史日的加權貢獻為估計值
2026-08-19,close,48.54,ok,TWSE STOCK_DAY,2026-08-19,
2026-08-19,close_adj,74.74312209468115,ok,TWSE STOCK_DAY,2026-08-19,
2026-08-19,close_adj_gt_ma120,True,ok,TWSE STOCK_DAY,2026-08-19,
2026-08-19,close_adj_gt_ma20,True,ok,TWSE STOCK_DAY,2026-08-19,
2026-08-19,day_direction,down,ok,TWSE STOCK_DAY,2026-08-19,
2026-08-19,drawdown20,-0.038030622737576736,ok,TWSE STOCK_DAY,2026-08-19,
2026-08-19,drawdown60,-0.07493267382698077,ok,TWSE STOCK_DAY,2026-08-19,
2026-08-19,foreign_net_100m,-416.39,ok,TWSE BFI82U,2026-08-19,
2026-08-19,high,48.98,ok,TWSE STOCK_DAY,2026-08-19,
2026-08-19,institutional_net,-753.59,ok,TWSE BFI82U,2026-08-19,
2026-08-19,institutional_net_100m,-753.59,ok,TWSE BFI82U,2026-08-19,
2026-08-19,low,48.2,ok,TWSE STOCK_DAY,2026-08-19,
2026-08-19,ma120,67.1763025809696,ok,TWSE STOCK_DAY,2026-08-19,
2026-08-19,ma20,73.10747565407095,ok,TWSE STOCK_DAY,2026-08-19,
2026-08-19,ma20_gt_ma60,False,ok,TWSE STOCK_DAY,2026-08-19,
2026-08-19,ma60,75.0344237548172,ok,TWSE STOCK_DAY,2026-08-19,
2026-08-19,nav,48.64,ok,國泰投信 cwapi,2026-08-19,
2026-08-19,ndx_ret,-0.013330846929753393,ok,Yahoo Finance ^IXIC,2026-08-18,
2026-08-19,nvda_ret,-0.023421133026656604,ok,Yahoo Finance NVDA,2026-08-18,
2026-08-19,open,48.24,ok,TWSE STOCK_DAY,2026-08-19,
2026-08-19,premium,-0.0021,ok,國泰投信 cwapi,2026-08-19,
2026-08-19,ret20,0.01828428322500275,ok,TWSE STOCK_DAY,2026-08-19,
2026-08-19,ret5,-0.020265721957107075,ok,TWSE STOCK_DAY,2026-08-19,
2026-08-19,ret60,-0.0074347772493420505,ok,TWSE STOCK_DAY,2026-08-19,
2026-08-19,ret60_positive,False,ok,TWSE STOCK_DAY,2026-08-19,
2026-08-19,rsi14,51.52658269026008,ok,TWSE STOCK_DAY,2026-08-19,
2026-08-19,rv20,0.493786586665111,ok,TWSE STOCK_DAY,2026-08-19,
2026-08-19,sox_ret,-0.04980112820398541,ok,Yahoo Finance ^SOX,2026-08-18,
2026-08-19,stock_foreign_net_lots,1144.514,ok,TWSE T86,2026-08-19,
2026-08-19,stock_institutional_net_lots,-27729.545,ok,TWSE T86,2026-08-19,
2026-08-19,top_holdings,"[{""code"": ""2330"", ""name"": ""台積電"", ""weight"": 0.3797, ""close"": 2350.0, ""prev_close"": 2380.0, ""ret"": -0.012605042016806678, ""contrib"": -0.004786134453781495}, {""code"": ""2454"", ""name"": ""聯發科"", ""weight"": 0.1215, ""close"": 3845.0, ""prev_close"": 3885.0, ""ret"": -0.01029601029601035, ""contrib"": -0.0012509652509652574}, {""code"": ""2308"", ""name"": ""台達電"", ""weight"": 0.060700000000000004, ""close"": 1765.0, ""prev_close"": 1820.0, ""ret"": -0.030219780219780223, ""contrib"": -0.0018343406593406596}, {""code"": ""2317"", ""name"": ""鴻海"", ""weight"": 0.046, ""close"": 245.0, ""prev_close"": 249.0, ""ret"": -0.016064257028112428, ""contrib"": -0.0007389558232931716}, {""code"": ""2303"", ""name"": ""聯電"", ""weight"": 0.0349, ""close"": 115.5, ""prev_close"": 119.0, ""ret"": -0.02941176470588236, ""contrib"": -0.0010264705882352943}, {""code"": ""3037"", ""name"": ""欣興"", ""weight"": 0.0341, ""close"": 1130.0, ""prev_close"": 1145.0, ""ret"": -0.013100436681222738, ""contrib"": -0.00044672489082969534}, {""code"": ""2059"", ""name"": ""川湖"", ""weight"": 0.026699999999999998, ""close"": 14095.0, ""prev_close"": 14370.0, ""ret"": -0.01913709116214335, ""contrib"": -0.0005109603340292274}, {""code"": ""2383"", ""name"": ""台光電"", ""weight"": 0.024900000000000002, ""close"": 5880.0, ""prev_close"": 6205.0, ""ret"": -0.05237711522965349, ""contrib"": -0.0013041901692183722}, {""code"": ""3017"", ""name"": ""奇鋐"", ""weight"": 0.0229, ""close"": 3095.0, ""prev_close"": 3035.0, ""ret"": 0.01976935749588149, ""contrib"": 0.0004527182866556861}, {""code"": ""3008"", ""name"": ""大立光"", ""weight"": 0.0208, ""close"": 5550.0, ""prev_close"": 5290.0, ""ret"": 0.04914933837429114, ""contrib"": 0.0010223062381852558}]",stale,國泰投信權重 + TWSE 個股收盤,2026-09-24,權重基準日 2026-09-24，非 2026-08-19 當日權重；歷史日的加權貢獻為估計值
2026-08-19,tsm_ret,-0.04074528971588709,ok,Yahoo Finance TSM,2026-08-18,
2026-08-19,turnover_100m,23.0718,ok,TWSE STOCK_DAY,2026-08-19,
2026-08-19,twd_change,-0.004373220778009723,ok,Yahoo Finance TWD=X,2026-08-18,
2026-08-19,us10y,4.705999851226807,ok,Yahoo Finance ^TNX,2026-08-18,
2026-08-19,usdtwd,31.850299835205078,ok,Yahoo Finance TWD=X,2026-08-18,
2026-08-19,vix,15.84000015258789,ok,Yahoo Finance ^VIX,2026-08-18,
2026-08-19,volume_lots,47413,ok,TWSE STOCK_DAY,2026-08-19,
2026-08-19,volume_ratio,1.1605583587510613,ok,TWSE STOCK_DAY,2026-08-19,
2026-08-19,wcr,-0.010423717644852231,stale,國泰投信權重 + TWSE 個股收盤,2026-09-24,權重基準日 2026-09-24，非 2026-08-19 當日權重；歷史日的加權貢獻為估計值
2026-08-20,avg_vol20,42294.50565,ok,TWSE STOCK_DAY,2026-08-20,
2026-08-20,breadth_count,4,stale,國泰投信權重 + TWSE 個股收盤,2026-09-24,權重基準日 2026-09-24，非 2026-08-20 當日權重；歷史日的加權貢獻為估計值
2026-08-20,close,48.68,ok,TWSE STOCK_DAY,2026-08-20,
2026-08-20,close_adj,74.95869764254385,ok,TWSE STOCK_DAY,2026-08-20,
2026-08-20,close_adj_gt_ma120,True,ok,TWSE STOCK_DAY,2026-08-20,
2026-08-20,close_adj_gt_ma20,True,ok,TWSE STOCK_DAY,2026-08-20,
2026-08-20,day_direction,up,ok,TWSE STOCK_DAY,2026-08-20,
2026-08-20,drawdown20,-0.035256092189230315,ok,TWSE STOCK_DAY,2026-08-20,
2026-08-20,drawdown60,-0.07226457688292998,ok,TWSE STOCK_DAY,2026-08-20,
2026-08-20,foreign_net_100m,73.18,ok,TWSE BFI82U,2026-08-20,
2026-08-20,high,49.15,ok,TWSE STOCK_DAY,2026-08-20,
2026-08-20,institutional_net,-8.38,ok,TWSE BFI82U,2026-08-20,
2026-08-20,institutional_net_100m,-8.38,ok,TWSE BFI82U,2026-08-20,
2026-08-20,low,48.26,ok,TWSE STOCK_DAY,2026-08-20,
2026-08-20,ma120,67.35376621778646,ok,TWSE STOCK_DAY,2026-08-20,
2026-08-20,ma20,73.16070383991804,ok,TWSE STOCK_DAY,2026-08-20,
2026-08-20,ma20_gt_ma60,False,ok,TWSE STOCK_DAY,2026-08-20,
2026-08-20,ma60,75.0275116246398,ok,TWSE STOCK_DAY,2026-08-20,
2026-08-20,nav,48.73,ok,國泰投信 cwapi,2026-08-20,
2026-08-20,ndx_ret,0.001573958205488557,ok,Yahoo Finance ^IXIC,2026-08-19,
2026-08-20,nvda_ret,-0.009920851370134876,ok,Yahoo Finance NVDA,2026-08-19,
2026-08-20,open,49.11,ok,TWSE STOCK_DAY,2026-08-20,
2026-08-20,premium,-0.001,ok,國泰投信 cwapi,2026-08-20,
2026-08-20,ret20,0.01440660659225812,ok,TWSE STOCK_DAY,2026-08-20,
2026-08-20,ret5,-0.03262497244065543,ok,TWSE STOCK_DAY,2026-08-20,
2026-08-20,ret60,-0.005502308116562493,ok,TWSE STOCK_DAY,2026-08-20,
2026-08-20,ret60_positive,False,ok,TWSE STOCK_DAY,2026-08-20,
2026-08-20,rsi14,52.14959591927788,ok,TWSE STOCK_DAY,2026-08-20,
2026-08-20,rv20,0.4934218036979987,ok,TWSE STOCK_DAY,2026-08-20,
2026-08-20,sox_ret,-0.02119911119283202,ok,Yahoo Finance ^SOX,2026-08-19,
2026-08-20,stock_foreign_net_lots,387.374,ok,TWSE T86,2026-08-20,
2026-08-20,stock_institutional_net_lots,-18289.048,ok,TWSE T86,2026-08-20,
2026-08-20,top_holdings,"[{""code"": ""2330"", ""name"": ""台積電"", ""weight"": 0.3797, ""close"": 2375.0, ""prev_close"": 2350.0, ""ret"": 0.010638297872340496, ""contrib"": 0.004039361702127687}, {""code"": ""2454"", ""name"": ""聯發科"", ""weight"": 0.1215, ""close"": 3700.0, ""prev_close"": 3845.0, ""ret"": -0.03771131339401823, ""contrib"": -0.004581924577373215}, {""code"": ""2308"", ""name"": ""台達電"", ""weight"": 0.060700000000000004, ""close"": 1745.0, ""prev_close"": 1765.0, ""ret"": -0.011331444759206777, ""contrib"": -0.0006878186968838514}, {""code"": ""2317"", ""name"": ""鴻海"", ""weight"": 0.046, ""close"": 246.5, ""prev_close"": 245.0, ""ret"": 0.00612244897959191, ""contrib"": 0.00028163265306122785}, {""code"": ""2303"", ""name"": ""聯電"", ""weight"": 0.0349, ""close"": 115.5, ""prev_close"": 115.5, ""ret"": 0.0, ""contrib"": 0.0}, {""code"": ""3037"", ""name"": ""欣興"", ""weight"": 0.0341, ""close"": 1140.0, ""prev_close"": 1130.0, ""ret"": 0.008849557522123908, ""contrib"": 0.00030176991150442523}, {""code"": ""2059"", ""name"": ""川湖"", ""weight"": 0.026699999999999998, ""close"": 13925.0, ""prev_close"": 14095.0, ""ret"": -0.012061014544164639, ""contrib"": -0.00032202908832919583}, {""code"": ""2383"", ""name"": ""台光電"", ""weight"": 0.024900000000000002, ""close"": 5985.0, ""prev_close"": 5880.0, ""ret"": 0.017857142857142794, ""contrib"": 0.0004446428571428556}, {""code"": ""3017"", ""name"": ""奇鋐"", ""weight"": 0.0229, ""close"": 2985.0, ""prev_close"": 3095.0, ""ret"": -0.03554119547657508, ""contrib"": -0.0008138933764135694}, {""code"": ""3008"", ""name"": ""大立光"", ""weight"": 0.0208, ""close"": 5515.0, ""prev_close"": 5550.0, ""ret"": -0.006306306306306353, ""contrib"": -0.00013117117117117215}]",stale,國泰投信權重 + TWSE 個股收盤,2026-09-24,權重基準日 2026-09-24，非 2026-08-20 當日權重；歷史日的加權貢獻為估計值
2026-08-20,tsm_ret,-0.0031929738335447766,ok,Yahoo Finance TSM,2026-08-19,
2026-08-20,turnover_100m,16.6383,ok,TWSE STOCK_DAY,2026-08-20,
2026-08-20,twd_change,0.0009921712609282096,ok,Yahoo Finance TWD=X,2026-08-19,
2026-08-20,us10y,4.6529998779296875,ok,Yahoo Finance ^TNX,2026-08-19,
2026-08-20,usdtwd,31.881900787353516,ok,Yahoo Finance TWD=X,2026-08-19,
2026-08-20,vix,14.890000343322754,ok,Yahoo Finance ^VIX,2026-08-19,
2026-08-20,volume_lots,34290,ok,TWSE STOCK_DAY,2026-08-20,
2026-08-20,volume_ratio,0.8107359921347136,ok,TWSE STOCK_DAY,2026-08-20,
2026-08-20,wcr,-0.001469429786334808,stale,國泰投信權重 + TWSE 個股收盤,2026-09-24,權重基準日 2026-09-24，非 2026-08-20 當日權重；歷史日的加權貢獻為估計值
2026-08-21,avg_vol20,42859.47345,ok,TWSE STOCK_DAY,2026-08-21,
2026-08-21,breadth_count,5,stale,國泰投信權重 + TWSE 個股收盤,2026-09-24,權重基準日 2026-09-24，非 2026-08-21 當日權重；歷史日的加權貢獻為估計值
2026-08-21,close,48.59,ok,TWSE STOCK_DAY,2026-08-21,
2026-08-21,close_adj,74.82011336177499,ok,TWSE STOCK_DAY,2026-08-21,
2026-08-21,close_adj_gt_ma120,True,ok,TWSE STOCK_DAY,2026-08-21,
2026-08-21,close_adj_gt_ma20,True,ok,TWSE STOCK_DAY,2026-08-21,
2026-08-21,day_direction,down,ok,TWSE STOCK_DAY,2026-08-21,
2026-08-21,drawdown20,-0.03703971897031,ok,TWSE STOCK_DAY,2026-08-21,
2026-08-21,drawdown60,-0.07397978206124822,ok,TWSE STOCK_DAY,2026-08-21,
2026-08-21,foreign_net_100m,283.05,ok,TWSE BFI82U,2026-08-21,
2026-08-21,high,48.91,ok,TWSE STOCK_DAY,2026-08-21,
2026-08-21,institutional_net,333.29,ok,TWSE BFI82U,2026-08-21,
2026-08-21,institutional_net_100m,333.29,ok,TWSE BFI82U,2026-08-21,
2026-08-21,low,48.23,ok,TWSE STOCK_DAY,2026-08-21,
2026-08-21,ma120,67.52749209562809,ok,TWSE STOCK_DAY,2026-08-21,
2026-08-21,ma20,73.29857800152962,ok,TWSE STOCK_DAY,2026-08-21,
2026-08-21,ma20_gt_ma60,False,ok,TWSE STOCK_DAY,2026-08-21,
2026-08-21,ma60,74.98893873407684,ok,TWSE STOCK_DAY,2026-08-21,
2026-08-21,nav,48.66,ok,國泰投信 cwapi,2026-08-21,
2026-08-21,ndx_ret,-0.010023129442841672,ok,Yahoo Finance ^IXIC,2026-08-20,
2026-08-21,nvda_ret,-0.003263428309640881,ok,Yahoo Finance NVDA,2026-08-20,
2026-08-21,open,48.63,ok,TWSE STOCK_DAY,2026-08-21,
2026-08-21,premium,-0.0014000000000000002,ok,國泰投信 cwapi,2026-08-21,
2026-08-21,ret20,0.038265092840418014,ok,TWSE STOCK_DAY,2026-08-21,
2026-08-21,ret5,-0.030889425204609466,ok,TWSE STOCK_DAY,2026-08-21,
2026-08-21,ret60,-0.030004392716211914,ok,TWSE STOCK_DAY,2026-08-21,
2026-08-21,ret60_positive,False,ok,TWSE STOCK_DAY,2026-08-21,
2026-08-21,rsi14,51.68966090743263,ok,TWSE STOCK_DAY,2026-08-21,
2026-08-21,rv20,0.48405114343330513,ok,TWSE STOCK_DAY,2026-08-21,
2026-08-21,sox_ret,0.00526391628316536,ok,Yahoo Finance ^SOX,2026-08-20,
2026-08-21,stock_foreign_net_lots,-362.11,ok,TWSE T86,2026-08-21,
2026-08-21,stock_institutional_net_lots,-6971.047,ok,TWSE T86,2026-08-21,
2026-08-21,top_holdings,"[{""code"": ""2330"", ""name"": ""台積電"", ""weight"": 0.3797, ""close"": 2410.0, ""prev_close"": 2375.0, ""ret"": 0.01473684210526316, ""contrib"": 0.005595578947368421}, {""code"": ""2454"", ""name"": ""聯發科"", ""weight"": 0.1215, ""close"": 3790.0, ""prev_close"": 3700.0, ""ret"": 0.024324324324324298, ""contrib"": 0.0029554054054054023}, {""code"": ""2308"", ""name"": ""台達電"", ""weight"": 0.060700000000000004, ""close"": 1750.0, ""prev_close"": 1745.0, ""ret"": 0.002865329512893977, ""contrib"": 0.00017392550143266442}, {""code"": ""2317"", ""name"": ""鴻海"", ""weight"": 0.046, ""close"": 245.5, ""prev_close"": 246.5, ""ret"": -0.0040567951318458695, ""contrib"": -0.00018661257606491}, {""code"": ""2303"", ""name"": ""聯電"", ""weight"": 0.0349, ""close"": 116.5, ""prev_close"": 115.5, ""ret"": 0.008658008658008587, ""contrib"": 0.0003021645021644997}, {""code"": ""3037"", ""name"": ""欣興"", ""weight"": 0.0341, ""close"": 1085.0, ""prev_close"": 1140.0, ""ret"": -0.04824561403508776, ""contrib"": -0.0016451754385964925}, {""code"": ""2059"", ""name"": ""川湖"", ""weight"": 0.026699999999999998, ""close"": 13385.0, ""prev_close"": 13925.0, ""ret"": -0.03877917414721721, ""contrib"": -0.0010354039497306995}, {""code"": ""2383"", ""name"": ""台光電"", ""weight"": 0.024900000000000002, ""close"": 5680.0, ""prev_close"": 5985.0, ""ret"": -0.05096073517126154, ""contrib"": -0.0012689223057644125}, {""code"": ""3017"", ""name"": ""奇鋐"", ""weight"": 0.0229, ""close"": 2865.0, ""prev_close"": 2985.0, ""ret"": -0.04020100502512558, ""contrib"": -0.0009206030150753758}, {""code"": ""3008"", ""name"": ""大立光"", ""weight"": 0.0208, ""close"": 5610.0, ""prev_close"": 5515.0, ""ret"": 0.017225747960108784, ""contrib"": 0.0003582955575702627}]",stale,國泰投信權重 + TWSE 個股收盤,2026-09-24,權重基準日 2026-09-24，非 2026-08-21 當日權重；歷史日的加權貢獻為估計值
2026-08-21,tsm_ret,0.009488227564018237,ok,Yahoo Finance TSM,2026-08-20,
2026-08-21,turnover_100m,8.7238,ok,TWSE STOCK_DAY,2026-08-21,
2026-08-21,twd_change,-0.0020952662644722064,ok,Yahoo Finance TWD=X,2026-08-20,
2026-08-21,us10y,4.696000099182129,ok,Yahoo Finance ^TNX,2026-08-20,
2026-08-21,usdtwd,31.815099716186523,ok,Yahoo Finance TWD=X,2026-08-20,
2026-08-21,vix,16.010000228881836,ok,Yahoo Finance ^VIX,2026-08-20,
2026-08-21,volume_lots,17948,ok,TWSE STOCK_DAY,2026-08-21,
2026-08-21,volume_ratio,0.41876445404627344,ok,TWSE STOCK_DAY,2026-08-21,
2026-08-21,wcr,0.004328652628709359,stale,國泰投信權重 + TWSE 個股收盤,2026-09-24,權重基準日 2026-09-24，非 2026-08-21 當日權重；歷史日的加權貢獻為估計值
2026-08-24,avg_vol20,43985.573449999996,ok,TWSE STOCK_DAY,2026-08-24,
2026-08-24,breadth_count,2,stale,國泰投信權重 + TWSE 個股收盤,2026-09-24,權重基準日 2026-09-24，非 2026-08-24 當日權重；歷史日的加權貢獻為估計值
2026-08-24,close,48.46,ok,TWSE STOCK_DAY,2026-08-24,
2026-08-24,close_adj,74.61993606733104,ok,TWSE STOCK_DAY,2026-08-24,
2026-08-24,close_adj_gt_ma120,True,ok,TWSE STOCK_DAY,2026-08-24,
2026-08-24,close_adj_gt_ma20,True,ok,TWSE STOCK_DAY,2026-08-24,
2026-08-24,day_direction,down,ok,TWSE STOCK_DAY,2026-08-24,
2026-08-24,drawdown20,-0.039616068765203405,ok,TWSE STOCK_DAY,2026-08-24,
2026-08-24,drawdown60,-0.07645730065215262,ok,TWSE STOCK_DAY,2026-08-24,
2026-08-24,foreign_net_100m,-157.36,ok,TWSE BFI82U,2026-08-24,
2026-08-24,high,49.01,ok,TWSE STOCK_DAY,2026-08-24,
2026-08-24,institutional_net,-170.14,ok,TWSE BFI82U,2026-08-24,
2026-08-24,institutional_net_100m,-170.14,ok,TWSE BFI82U,2026-08-24,
2026-08-24,low,48.44,ok,TWSE STOCK_DAY,2026-08-24,
2026-08-24,ma120,67.7030719520341,ok,TWSE STOCK_DAY,2026-08-24,
2026-08-24,ma20,73.43348754378846,ok,TWSE STOCK_DAY,2026-08-24,
2026-08-24,ma20_gt_ma60,False,ok,TWSE STOCK_DAY,2026-08-24,
2026-08-24,ma60,74.98459886391025,ok,TWSE STOCK_DAY,2026-08-24,
2026-08-24,nav,48.28,ok,國泰投信 cwapi,2026-08-24,
2026-08-24,ndx_ret,0.004346118737267535,stale,Yahoo Finance ^IXIC,2026-08-21,美股資料為 2026-08-21，較預期的 2026-08-23 舊 2 天（休市或缺值）
2026-08-24,nvda_ret,-0.00982248016076015,stale,Yahoo Finance NVDA,2026-08-21,美股資料為 2026-08-21，較預期的 2026-08-23 舊 2 天（休市或缺值）
2026-08-24,open,48.71,ok,TWSE STOCK_DAY,2026-08-24,
2026-08-24,premium,0.0037,ok,國泰投信 cwapi,2026-08-24,
2026-08-24,ret20,0.037515647553360454,ok,TWSE STOCK_DAY,2026-08-24,
2026-08-24,ret5,-0.039616068765203405,ok,TWSE STOCK_DAY,2026-08-24,
2026-08-24,ret60,-0.003477444824100173,ok,TWSE STOCK_DAY,2026-08-24,
2026-08-24,ret60_positive,False,ok,TWSE STOCK_DAY,2026-08-24,
2026-08-24,rsi14,50.990113695935555,ok,TWSE STOCK_DAY,2026-08-24,
2026-08-24,rv20,0.4841420950457614,ok,TWSE STOCK_DAY,2026-08-24,
2026-08-24,sox_ret,-0.005055026723009282,stale,Yahoo Finance ^SOX,2026-08-21,美股資料為 2026-08-21，較預期的 2026-08-23 舊 2 天（休市或缺值）
2026-08-24,stock_foreign_net_lots,-438.219,ok,TWSE T86,2026-08-24,
2026-08-24,stock_institutional_net_lots,-11571.825,ok,TWSE T86,2026-08-24,
2026-08-24,top_holdings,"[{""code"": ""2330"", ""name"": ""台積電"", ""weight"": 0.3797, ""close"": 2375.0, ""prev_close"": 2410.0, ""ret"": -0.014522821576763434, ""contrib"": -0.005514315352697075}, {""code"": ""2454"", ""name"": ""聯發科"", ""weight"": 0.1215, ""close"": 3765.0, ""prev_close"": 3790.0, ""ret"": -0.006596306068601621, ""contrib"": -0.0008014511873350969}, {""code"": ""2308"", ""name"": ""台達電"", ""weight"": 0.060700000000000004, ""close"": 1735.0, ""prev_close"": 1750.0, ""ret"": -0.008571428571428563, ""contrib"": -0.0005202857142857138}, {""code"": ""2317"", ""name"": ""鴻海"", ""weight"": 0.046, ""close"": 243.5, ""prev_close"": 245.5, ""ret"": -0.008146639511201648, ""contrib"": -0.0003747454175152758}, {""code"": ""2303"", ""name"": ""聯電"", ""weight"": 0.0349, ""close"": 123.5, ""prev_close"": 116.5, ""ret"": 0.06008583690987135, ""contrib"": 0.0020969957081545102}, {""code"": ""3037"", ""name"": ""欣興"", ""weight"": 0.0341, ""close"": 1075.0, ""prev_close"": 1085.0, ""ret"": -0.009216589861751112, ""contrib"": -0.0003142857142857129}, {""code"": ""2059"", ""name"": ""川湖"", ""weight"": 0.026699999999999998, ""close"": 14410.0, ""prev_close"": 13385.0, ""ret"": 0.07657825924542405, ""contrib"": 0.0020446395218528222}, {""code"": ""2383"", ""name"": ""台光電"", ""weight"": 0.024900000000000002, ""close"": 5430.0, ""prev_close"": 5680.0, ""ret"": -0.04401408450704225, ""contrib"": -0.0010959507042253521}, {""code"": ""3017"", ""name"": ""奇鋐"", ""weight"": 0.0229, ""close"": 2855.0, ""prev_close"": 2865.0, ""ret"": -0.003490401396160525, ""contrib"": -7.993019197207603e-05}, {""code"": ""3008"", ""name"": ""大立光"", ""weight"": 0.0208, ""close"": 5385.0, ""prev_close"": 5610.0, ""ret"": -0.0401069518716578, ""contrib"": -0.0008342245989304823}]",stale,國泰投信權重 + TWSE 個股收盤,2026-09-24,權重基準日 2026-09-24，非 2026-08-24 當日權重；歷史日的加權貢獻為估計值
2026-08-24,tsm_ret,0.0070913754976713594,stale,Yahoo Finance TSM,2026-08-21,美股資料為 2026-08-21，較預期的 2026-08-23 舊 2 天（休市或缺值）
2026-08-24,turnover_100m,14.494,ok,TWSE STOCK_DAY,2026-08-24,
2026-08-24,twd_change,0.0007292445718072305,stale,Yahoo Finance TWD=X,2026-08-21,美股資料為 2026-08-21，較預期的 2026-08-23 舊 2 天（休市或缺值）
2026-08-24,us10y,4.73799991607666,stale,Yahoo Finance ^TNX,2026-08-21,美股資料為 2026-08-21，較預期的 2026-08-23 舊 2 天（休市或缺值）
2026-08-24,usdtwd,31.838300704956055,stale,Yahoo Finance TWD=X,2026-08-21,美股資料為 2026-08-21，較預期的 2026-08-23 舊 2 天（休市或缺值）
2026-08-24,vix,15.130000114440918,stale,Yahoo Finance ^VIX,2026-08-21,美股資料為 2026-08-21，較預期的 2026-08-23 舊 2 天（休市或缺值）
2026-08-24,volume_lots,29784,ok,TWSE STOCK_DAY,2026-08-24,
2026-08-24,volume_ratio,0.6771209890864798,ok,TWSE STOCK_DAY,2026-08-24,
2026-08-24,wcr,-0.005393553651239453,stale,國泰投信權重 + TWSE 個股收盤,2026-09-24,權重基準日 2026-09-24，非 2026-08-24 當日權重；歷史日的加權貢獻為估計值
2026-08-25,avg_vol20,44325.112199999996,ok,TWSE STOCK_DAY,2026-08-25,
2026-08-25,breadth_count,6,stale,國泰投信權重 + TWSE 個股收盤,2026-09-24,權重基準日 2026-09-24，非 2026-08-25 當日權重；歷史日的加權貢獻為估計值
2026-08-25,close,48.5,ok,TWSE STOCK_DAY,2026-08-25,
2026-08-25,close_adj,74.6815290810061,ok,TWSE STOCK_DAY,2026-08-25,
2026-08-25,close_adj_gt_ma120,True,ok,TWSE STOCK_DAY,2026-08-25,
2026-08-25,close_adj_gt_ma20,True,ok,TWSE STOCK_DAY,2026-08-25,
2026-08-25,day_direction,up,ok,TWSE STOCK_DAY,2026-08-25,
2026-08-25,drawdown20,-0.038823345751390015,ok,TWSE STOCK_DAY,2026-08-25,
2026-08-25,drawdown60,-0.07569498723956658,ok,TWSE STOCK_DAY,2026-08-25,
2026-08-25,foreign_net_100m,-7.87,ok,TWSE BFI82U,2026-08-25,
2026-08-25,high,48.5,ok,TWSE STOCK_DAY,2026-08-25,
2026-08-25,institutional_net,-47.11,ok,TWSE BFI82U,2026-08-25,
2026-08-25,institutional_net_100m,-47.11,ok,TWSE BFI82U,2026-08-25,
2026-08-25,low,47.49,ok,TWSE STOCK_DAY,2026-08-25,
2026-08-25,ma120,67.89055328023467,ok,TWSE STOCK_DAY,2026-08-25,
2026-08-25,ma20,73.77646427698225,ok,TWSE STOCK_DAY,2026-08-25,
2026-08-25,ma20_gt_ma60,False,ok,TWSE STOCK_DAY,2026-08-25,
2026-08-25,ma60,74.94019411264976,ok,TWSE STOCK_DAY,2026-08-25,
2026-08-25,nav,48.64,ok,國泰投信 cwapi,2026-08-25,
2026-08-25,ndx_ret,-0.007649654635688119,ok,Yahoo Finance ^IXIC,2026-08-24,
2026-08-25,nvda_ret,-0.029061128249296964,ok,Yahoo Finance NVDA,2026-08-24,
2026-08-25,open,48.02,ok,TWSE STOCK_DAY,2026-08-25,
2026-08-25,premium,-0.0029,ok,國泰投信 cwapi,2026-08-25,
2026-08-25,ret20,0.10114026759058681,ok,TWSE STOCK_DAY,2026-08-25,
2026-08-25,ret5,-0.019805982215036266,ok,TWSE STOCK_DAY,2026-08-25,
2026-08-25,ret60,-0.03444640288140555,ok,TWSE STOCK_DAY,2026-08-25,
2026-08-25,ret60_positive,False,ok,TWSE STOCK_DAY,2026-08-25,
2026-08-25,rsi14,51.208917627614355,ok,TWSE STOCK_DAY,2026-08-25,
2026-08-25,rv20,0.4308120916222383,ok,TWSE STOCK_DAY,2026-08-25,
2026-08-25,sox_ret,-0.027017904218209376,ok,Yahoo Finance ^SOX,2026-08-24,
2026-08-25,stock_foreign_net_lots,1115.207,ok,TWSE T86,2026-08-25,
2026-08-25,stock_institutional_net_lots,-12600.437,ok,TWSE T86,2026-08-25,
2026-08-25,top_holdings,"[{""code"": ""2330"", ""name"": ""台積電"", ""weight"": 0.3797, ""close"": 2400.0, ""prev_close"": 2375.0, ""ret"": 0.010526315789473717, ""contrib"": 0.00399684210526317}, {""code"": ""2454"", ""name"": ""聯發科"", ""weight"": 0.1215, ""close"": 3735.0, ""prev_close"": 3765.0, ""ret"": -0.007968127490039834, ""contrib"": -0.0009681274900398397}, {""code"": ""2308"", ""name"": ""台達電"", ""weight"": 0.060700000000000004, ""close"": 1710.0, ""prev_close"": 1735.0, ""ret"": -0.014409221902017322, ""contrib"": -0.0008746397694524515}, {""code"": ""2317"", ""name"": ""鴻海"", ""weight"": 0.046, ""close"": 243.0, ""prev_close"": 243.5, ""ret"": -0.002053388090349051, ""contrib"": -9.445585215605633e-05}, {""code"": ""2303"", ""name"": ""聯電"", ""weight"": 0.0349, ""close"": 125.0, ""prev_close"": 123.5, ""ret"": 0.012145748987854255, ""contrib"": 0.0004238866396761135}, {""code"": ""3037"", ""name"": ""欣興"", ""weight"": 0.0341, ""close"": 1095.0, ""prev_close"": 1075.0, ""ret"": 0.018604651162790642, ""contrib"": 0.0006344186046511608}, {""code"": ""2059"", ""name"": ""川湖"", ""weight"": 0.026699999999999998, ""close"": 14285.0, ""prev_close"": 14410.0, ""ret"": -0.008674531575294964, ""contrib"": -0.00023160999306037552}, {""code"": ""2383"", ""name"": ""台光電"", ""weight"": 0.024900000000000002, ""close"": 5595.0, ""prev_close"": 5430.0, ""ret"": 0.03038674033149169, ""contrib"": 0.0007566298342541432}, {""code"": ""3017"", ""name"": ""奇鋐"", ""weight"": 0.0229, ""close"": 2950.0, ""prev_close"": 2855.0, ""ret"": 0.03327495621716281, ""contrib"": 0.0007619964973730283}, {""code"": ""3008"", ""name"": ""大立光"", ""weight"": 0.0208, ""close"": 5720.0, ""prev_close"": 5385.0, ""ret"": 0.062209842154131945, ""contrib"": 0.0012939647168059443}]",stale,國泰投信權重 + TWSE 個股收盤,2026-09-24,權重基準日 2026-09-24，非 2026-08-25 當日權重；歷史日的加權貢獻為估計值
2026-08-25,tsm_ret,-0.0210765409537218,ok,Yahoo Finance TSM,2026-08-24,
2026-08-25,turnover_100m,14.4981,ok,TWSE STOCK_DAY,2026-08-25,
2026-08-25,twd_change,-0.0005119683229035665,ok,Yahoo Finance TWD=X,2026-08-24,
2026-08-25,us10y,4.703999996185303,ok,Yahoo Finance ^TNX,2026-08-24,
2026-08-25,usdtwd,31.82200050354004,ok,Yahoo Finance TWD=X,2026-08-24,
2026-08-25,vix,15.850000381469727,ok,Yahoo Finance ^VIX,2026-08-24,
2026-08-25,volume_lots,30341,ok,TWSE STOCK_DAY,2026-08-25,
2026-08-25,volume_ratio,0.6845109350901993,ok,TWSE STOCK_DAY,2026-08-25,
2026-08-25,wcr,0.0056989052933148375,stale,國泰投信權重 + TWSE 個股收盤,2026-09-24,權重基準日 2026-09-24，非 2026-08-25 當日權重；歷史日的加權貢獻為估計值
2026-08-26,avg_vol20,43968.264899999995,ok,TWSE STOCK_DAY,2026-08-26,
2026-08-26,breadth_count,9,stale,國泰投信權重 + TWSE 個股收盤,2026-09-24,權重基準日 2026-09-24，非 2026-08-26 當日權重；歷史日的加權貢獻為估計值
2026-08-26,close,49.53,ok,TWSE STOCK_DAY,2026-08-26,
2026-08-26,close_adj,76.26754918313881,ok,TWSE STOCK_DAY,2026-08-26,
2026-08-26,close_adj_gt_ma120,True,ok,TWSE STOCK_DAY,2026-08-26,
2026-08-26,close_adj_gt_ma20,True,ok,TWSE STOCK_DAY,2026-08-26,
2026-08-26,day_direction,up,ok,TWSE STOCK_DAY,2026-08-26,
2026-08-26,drawdown20,-0.018410728145697886,ok,TWSE STOCK_DAY,2026-08-26,
2026-08-26,drawdown60,-0.056065416865479056,ok,TWSE STOCK_DAY,2026-08-26,
2026-08-26,foreign_net_100m,366.13,ok,TWSE BFI82U,2026-08-26,
2026-08-26,high,49.58,ok,TWSE STOCK_DAY,2026-08-26,
2026-08-26,institutional_net,579.13,ok,TWSE BFI82U,2026-08-26,
2026-08-26,institutional_net_100m,579.13,ok,TWSE BFI82U,2026-08-26,
2026-08-26,low,48.41,ok,TWSE STOCK_DAY,2026-08-26,
2026-08-26,ma120,68.11097532965418,ok,TWSE STOCK_DAY,2026-08-26,
2026-08-26,ma20,74.34455789443044,ok,TWSE STOCK_DAY,2026-08-26,
2026-08-26,ma20_gt_ma60,False,ok,TWSE STOCK_DAY,2026-08-26,
2026-08-26,ma60,74.90813453901924,ok,TWSE STOCK_DAY,2026-08-26,
2026-08-26,nav,49.54,ok,國泰投信 cwapi,2026-08-26,
2026-08-26,ndx_ret,0.006586223261910051,ok,Yahoo Finance ^IXIC,2026-08-25,
2026-08-26,nvda_ret,0.021920603500928948,ok,Yahoo Finance NVDA,2026-08-25,
2026-08-26,open,48.5,ok,TWSE STOCK_DAY,2026-08-26,
2026-08-26,premium,-0.0002,ok,國泰投信 cwapi,2026-08-26,
2026-08-26,ret20,0.17505205866648033,ok,TWSE STOCK_DAY,2026-08-26,
2026-08-26,ret5,0.020395550061804713,ok,TWSE STOCK_DAY,2026-08-26,
2026-08-26,ret60,-0.02460093076099512,ok,TWSE STOCK_DAY,2026-08-26,
2026-08-26,ret60_positive,False,ok,TWSE STOCK_DAY,2026-08-26,
2026-08-26,rsi14,56.58397827906566,ok,TWSE STOCK_DAY,2026-08-26,
2026-08-26,rv20,0.39435825455713175,ok,TWSE STOCK_DAY,2026-08-26,
2026-08-26,sox_ret,0.014432956728742896,ok,Yahoo Finance ^SOX,2026-08-25,
2026-08-26,stock_foreign_net_lots,2107.04,ok,TWSE T86,2026-08-26,
2026-08-26,stock_institutional_net_lots,511.519,ok,TWSE T86,2026-08-26,
2026-08-26,top_holdings,"[{""code"": ""2330"", ""name"": ""台積電"", ""weight"": 0.3797, ""close"": 2415.0, ""prev_close"": 2400.0, ""ret"": 0.006250000000000089, ""contrib"": 0.0023731250000000336}, {""code"": ""2454"", ""name"": ""聯發科"", ""weight"": 0.1215, ""close"": 3945.0, ""prev_close"": 3735.0, ""ret"": 0.05622489959839361, ""contrib"": 0.006831325301204823}, {""code"": ""2308"", ""name"": ""台達電"", ""weight"": 0.060700000000000004, ""close"": 1750.0, ""prev_close"": 1710.0, ""ret"": 0.023391812865497075, ""contrib"": 0.0014198830409356724}, {""code"": ""2317"", ""name"": ""鴻海"", ""weight"": 0.046, ""close"": 246.5, ""prev_close"": 243.0, ""ret"": 0.014403292181069949, ""contrib"": 0.0006625514403292176}, {""code"": ""2303"", ""name"": ""聯電"", ""weight"": 0.0349, ""close"": 123.5, ""prev_close"": 125.0, ""ret"": -0.01200000000000001, ""contrib"": -0.00041880000000000037}, {""code"": ""3037"", ""name"": ""欣興"", ""weight"": 0.0341, ""close"": 1160.0, ""prev_close"": 1095.0, ""ret"": 0.05936073059360725, ""contrib"": 0.002024200913242007}, {""code"": ""2059"", ""name"": ""川湖"", ""weight"": 0.026699999999999998, ""close"": 14510.0, ""prev_close"": 14285.0, ""ret"": 0.015750787539376976, ""contrib"": 0.0004205460273013652}, {""code"": ""2383"", ""name"": ""台光電"", ""weight"": 0.024900000000000002, ""close"": 5895.0, ""prev_close"": 5595.0, ""ret"": 0.0536193029490617, ""contrib"": 0.0013351206434316363}, {""code"": ""3017"", ""name"": ""奇鋐"", ""weight"": 0.0229, ""close"": 3155.0, ""prev_close"": 2950.0, ""ret"": 0.06949152542372872, ""contrib"": 0.0015913559322033876}, {""code"": ""3008"", ""name"": ""大立光"", ""weight"": 0.0208, ""close"": 6290.0, ""prev_close"": 5720.0, ""ret"": 0.09965034965034958, ""contrib"": 0.0020727272727272712}]",stale,國泰投信權重 + TWSE 個股收盤,2026-09-24,權重基準日 2026-09-24，非 2026-08-26 當日權重；歷史日的加權貢獻為估計值
2026-08-26,tsm_ret,0.01777530632916058,ok,Yahoo Finance TSM,2026-08-25,
2026-08-26,turnover_100m,9.6686,ok,TWSE STOCK_DAY,2026-08-26,
2026-08-26,twd_change,-0.0003142551921185843,ok,Yahoo Finance TWD=X,2026-08-25,
2026-08-26,us10y,4.638999938964844,ok,Yahoo Finance ^TNX,2026-08-25,
2026-08-26,usdtwd,31.812000274658203,ok,Yahoo Finance TWD=X,2026-08-25,
2026-08-26,vix,15.449999809265137,ok,Yahoo Finance ^VIX,2026-08-25,
2026-08-26,volume_lots,19665,ok,TWSE STOCK_DAY,2026-08-26,
2026-08-26,volume_ratio,0.44726181587393055,ok,TWSE STOCK_DAY,2026-08-26,
2026-08-26,wcr,0.018312035571375413,stale,國泰投信權重 + TWSE 個股收盤,2026-09-24,權重基準日 2026-09-24，非 2026-08-26 當日權重；歷史日的加權貢獻為估計值
2026-08-27,avg_vol20,43732.929,ok,TWSE STOCK_DAY,2026-08-27,
2026-08-27,breadth_count,5,stale,國泰投信權重 + TWSE 個股收盤,2026-09-24,權重基準日 2026-09-24，非 2026-08-27 當日權重；歷史日的加權貢獻為估計值
2026-08-27,close,49.61,ok,TWSE STOCK_DAY,2026-08-27,
2026-08-27,close_adj,76.39073521048891,ok,TWSE STOCK_DAY,2026-08-27,
2026-08-27,close_adj_gt_ma120,True,ok,TWSE STOCK_DAY,2026-08-27,
2026-08-27,close_adj_gt_ma20,True,ok,TWSE STOCK_DAY,2026-08-27,
2026-08-27,day_direction,up,ok,TWSE STOCK_DAY,2026-08-27,
2026-08-27,drawdown20,-0.01682528211807144,ok,TWSE STOCK_DAY,2026-08-27,
2026-08-27,drawdown60,-0.05454079004030732,ok,TWSE STOCK_DAY,2026-08-27,
2026-08-27,foreign_net_100m,490.94,ok,TWSE BFI82U,2026-08-27,
2026-08-27,high,50.15,ok,TWSE STOCK_DAY,2026-08-27,
2026-08-27,institutional_net,626.79,ok,TWSE BFI82U,2026-08-27,
2026-08-27,institutional_net_100m,626.79,ok,TWSE BFI82U,2026-08-27,
2026-08-27,low,49.59,ok,TWSE STOCK_DAY,2026-08-27,
2026-08-27,ma120,68.32033130808402,ok,TWSE STOCK_DAY,2026-08-27,
2026-08-27,ma20,74.92092408685696,ok,TWSE STOCK_DAY,2026-08-27,
2026-08-27,ma20_gt_ma60,True,ok,TWSE STOCK_DAY,2026-08-27,
2026-08-27,ma60,74.88282422942417,ok,TWSE STOCK_DAY,2026-08-27,
2026-08-27,nav,49.59,ok,國泰投信 cwapi,2026-08-27,
2026-08-27,ndx_ret,-0.0008069029788043691,ok,Yahoo Finance ^IXIC,2026-08-26,
2026-08-27,nvda_ret,-0.015911754710582593,ok,Yahoo Finance NVDA,2026-08-26,
2026-08-27,open,49.85,ok,TWSE STOCK_DAY,2026-08-27,
2026-08-27,premium,0.0004,ok,國泰投信 cwapi,2026-08-27,
2026-08-27,ret20,0.1777168916417975,ok,TWSE STOCK_DAY,2026-08-27,
2026-08-27,ret5,0.019104354971240634,ok,TWSE STOCK_DAY,2026-08-27,
2026-08-27,ret60,-0.019492121316665334,ok,TWSE STOCK_DAY,2026-08-27,
2026-08-27,ret60_positive,False,ok,TWSE STOCK_DAY,2026-08-27,
2026-08-27,rsi14,56.980390311254325,ok,TWSE STOCK_DAY,2026-08-27,
2026-08-27,rv20,0.3937516113261615,ok,TWSE STOCK_DAY,2026-08-27,
2026-08-27,sox_ret,0.002002081045137327,ok,Yahoo Finance ^SOX,2026-08-26,
2026-08-27,stock_foreign_net_lots,2079.075,ok,TWSE T86,2026-08-27,
2026-08-27,stock_institutional_net_lots,2430.287,ok,TWSE T86,2026-08-27,
2026-08-27,top_holdings,"[{""code"": ""2330"", ""name"": ""台積電"", ""weight"": 0.3797, ""close"": 2410.0, ""prev_close"": 2415.0, ""ret"": -0.0020703933747412417, ""contrib"": -0.0007861283643892494}, {""code"": ""2454"", ""name"": ""聯發科"", ""weight"": 0.1215, ""close"": 3865.0, ""prev_close"": 3945.0, ""ret"": -0.020278833967046883, ""contrib"": -0.0024638783269961963}, {""code"": ""2308"", ""name"": ""台達電"", ""weight"": 0.060700000000000004, ""close"": 1770.0, ""prev_close"": 1750.0, ""ret"": 0.011428571428571344, ""contrib"": 0.0006937142857142806}, {""code"": ""2317"", ""name"": ""鴻海"", ""weight"": 0.046, ""close"": 252.0, ""prev_close"": 246.5, ""ret"": 0.022312373225152227, ""contrib"": 0.0010263691683570025}, {""code"": ""2303"", ""name"": ""聯電"", ""weight"": 0.0349, ""close"": 118.5, ""prev_close"": 123.5, ""ret"": -0.04048582995951422, ""contrib"": -0.0014129554655870462}, {""code"": ""3037"", ""name"": ""欣興"", ""weight"": 0.0341, ""close"": 1180.0, ""prev_close"": 1160.0, ""ret"": 0.01724137931034475, ""contrib"": 0.0005879310344827559}, {""code"": ""2059"", ""name"": ""川湖"", ""weight"": 0.026699999999999998, ""close"": 14340.0, ""prev_close"": 14510.0, ""ret"": -0.011716057891109632, ""contrib"": -0.00031281874569262714}, {""code"": ""2383"", ""name"": ""台光電"", ""weight"": 0.024900000000000002, ""close"": 5500.0, ""prev_close"": 5895.0, ""ret"": -0.06700593723494486, ""contrib"": -0.001668447837150127}, {""code"": ""3017"", ""name"": ""奇鋐"", ""weight"": 0.0229, ""close"": 3340.0, ""prev_close"": 3155.0, ""ret"": 0.058637083993660966, ""contrib"": 0.001342789223454836}, {""code"": ""3008"", ""name"": ""大立光"", ""weight"": 0.0208, ""close"": 6915.0, ""prev_close"": 6290.0, ""ret"": 0.09936406995230529, ""contrib"": 0.00206677265500795}]",stale,國泰投信權重 + TWSE 個股收盤,2026-09-24,權重基準日 2026-09-24，非 2026-08-27 當日權重；歷史日的加權貢獻為估計值
2026-08-27,tsm_ret,0.0006708003565807363,ok,Yahoo Finance TSM,2026-08-26,
2026-08-27,turnover_100m,9.0261,ok,TWSE STOCK_DAY,2026-08-27,
2026-08-27,twd_change,0.0009398842232435367,ok,Yahoo Finance TWD=X,2026-08-26,
2026-08-27,us10y,4.664000034332275,ok,Yahoo Finance ^TNX,2026-08-26,
2026-08-27,usdtwd,31.841899871826172,ok,Yahoo Finance TWD=X,2026-08-26,
2026-08-27,vix,15.210000038146973,ok,Yahoo Finance ^VIX,2026-08-26,
2026-08-27,volume_lots,18102,ok,TWSE STOCK_DAY,2026-08-27,
2026-08-27,volume_ratio,0.4139152673720985,ok,TWSE STOCK_DAY,2026-08-27,
2026-08-27,wcr,-0.0009266523727984219,stale,國泰投信權重 + TWSE 個股收盤,2026-09-24,權重基準日 2026-09-24，非 2026-08-27 當日權重；歷史日的加權貢獻為估計值
2026-08-28,avg_vol20,43601.95005,ok,TWSE STOCK_DAY,2026-08-28,
2026-08-28,breadth_count,7,stale,國泰投信權重 + TWSE 個股收盤,2026-09-24,權重基準日 2026-09-24，非 2026-08-28 當日權重；歷史日的加權貢獻為估計值
2026-08-28,close,50.0,ok,TWSE STOCK_DAY,2026-08-28,
2026-08-28,close_adj,76.99126709382072,ok,TWSE STOCK_DAY,2026-08-28,
2026-08-28,close_adj_gt_ma120,True,ok,TWSE STOCK_DAY,2026-08-28,
2026-08-28,close_adj_gt_ma20,True,ok,TWSE STOCK_DAY,2026-08-28,
2026-08-28,day_direction,up,ok,TWSE STOCK_DAY,2026-08-28,
2026-08-28,drawdown20,-0.009096232733391774,ok,TWSE STOCK_DAY,2026-08-28,
2026-08-28,drawdown60,-0.04710823426759447,ok,TWSE STOCK_DAY,2026-08-28,
2026-08-28,foreign_net_100m,417.54,ok,TWSE BFI82U,2026-08-28,
2026-08-28,high,50.35,ok,TWSE STOCK_DAY,2026-08-28,
2026-08-28,institutional_net,458.28,ok,TWSE BFI82U,2026-08-28,
2026-08-28,institutional_net_100m,458.28,ok,TWSE BFI82U,2026-08-28,
2026-08-28,low,49.99,ok,TWSE STOCK_DAY,2026-08-28,
2026-08-28,ma120,68.53469171887497,ok,TWSE STOCK_DAY,2026-08-28,
2026-08-28,ma20,75.20609928460286,ok,TWSE STOCK_DAY,2026-08-28,
2026-08-28,ma20_gt_ma60,True,ok,TWSE STOCK_DAY,2026-08-28,
2026-08-28,ma60,74.84991217112767,ok,TWSE STOCK_DAY,2026-08-28,
2026-08-28,nav,50.17,ok,國泰投信 cwapi,2026-08-28,
2026-08-28,ndx_ret,0.01573468258634536,ok,Yahoo Finance ^IXIC,2026-08-27,
2026-08-28,nvda_ret,0.0873795275466771,ok,Yahoo Finance NVDA,2026-08-27,
2026-08-28,open,50.1,ok,TWSE STOCK_DAY,2026-08-28,
2026-08-28,premium,-0.0034000000000000002,ok,國泰投信 cwapi,2026-08-28,
2026-08-28,ret20,0.08000677400698475,ok,TWSE STOCK_DAY,2026-08-28,
2026-08-28,ret5,0.029018316526034038,ok,TWSE STOCK_DAY,2026-08-28,
2026-08-28,ret60,-0.025007265570857085,ok,TWSE STOCK_DAY,2026-08-28,
2026-08-28,ret60_positive,False,ok,TWSE STOCK_DAY,2026-08-28,
2026-08-28,rsi14,58.94822255065956,ok,TWSE STOCK_DAY,2026-08-28,
2026-08-28,rv20,0.2019308916979964,ok,TWSE STOCK_DAY,2026-08-28,
2026-08-28,sox_ret,0.023333397813776635,ok,Yahoo Finance ^SOX,2026-08-27,
2026-08-28,stock_foreign_net_lots,5663.054,ok,TWSE T86,2026-08-28,
2026-08-28,stock_institutional_net_lots,4992.155,ok,TWSE T86,2026-08-28,
2026-08-28,top_holdings,"[{""code"": ""2330"", ""name"": ""台積電"", ""weight"": 0.3797, ""close"": 2420.0, ""prev_close"": 2410.0, ""ret"": 0.004149377593360981, ""contrib"": 0.0015755186721991645}, {""code"": ""2454"", ""name"": ""聯發科"", ""weight"": 0.1215, ""close"": 3985.0, ""prev_close"": 3865.0, ""ret"": 0.031047865459249646, ""contrib"": 0.0037723156532988317}, {""code"": ""2308"", ""name"": ""台達電"", ""weight"": 0.060700000000000004, ""close"": 1830.0, ""prev_close"": 1770.0, ""ret"": 0.03389830508474567, ""contrib"": 0.0020576271186440623}, {""code"": ""2317"", ""name"": ""鴻海"", ""weight"": 0.046, ""close"": 253.0, ""prev_close"": 252.0, ""ret"": 0.003968253968253954, ""contrib"": 0.0001825396825396819}, {""code"": ""2303"", ""name"": ""聯電"", ""weight"": 0.0349, ""close"": 130.0, ""prev_close"": 118.5, ""ret"": 0.09704641350210963, ""contrib"": 0.003386919831223626}, {""code"": ""3037"", ""name"": ""欣興"", ""weight"": 0.0341, ""close"": 1110.0, ""prev_close"": 1180.0, ""ret"": -0.05932203389830504, ""contrib"": -0.0020228813559322015}, {""code"": ""2059"", ""name"": ""川湖"", ""weight"": 0.026699999999999998, ""close"": 14300.0, ""prev_close"": 14340.0, ""ret"": -0.002789400278940035, ""contrib"": -7.447698744769894e-05}, {""code"": ""2383"", ""name"": ""台光電"", ""weight"": 0.024900000000000002, ""close"": 5490.0, ""prev_close"": 5500.0, ""ret"": -0.0018181818181818299, ""contrib"": -4.5272727272727565e-05}, {""code"": ""3017"", ""name"": ""奇鋐"", ""weight"": 0.0229, ""close"": 3360.0, ""prev_close"": 3340.0, ""ret"": 0.0059880239520957446, ""contrib"": 0.00013712574850299256}, {""code"": ""3008"", ""name"": ""大立光"", ""weight"": 0.0208, ""close"": 7065.0, ""prev_close"": 6915.0, ""ret"": 0.021691973969631295, ""contrib"": 0.0004511930585683309}]",stale,國泰投信權重 + TWSE 個股收盤,2026-09-24,權重基準日 2026-09-24，非 2026-08-28 當日權重；歷史日的加權貢獻為估計值
2026-08-28,tsm_ret,0.023007458391132163,ok,Yahoo Finance TSM,2026-08-27,
2026-08-28,turnover_100m,11.1609,ok,TWSE STOCK_DAY,2026-08-28,
2026-08-28,twd_change,-0.001130563761603809,ok,Yahoo Finance TWD=X,2026-08-27,
2026-08-28,us10y,4.671999931335449,ok,Yahoo Finance ^TNX,2026-08-27,
2026-08-28,usdtwd,31.80590057373047,ok,Yahoo Finance TWD=X,2026-08-27,
2026-08-28,vix,14.510000228881836,ok,Yahoo Finance ^VIX,2026-08-27,
2026-08-28,volume_lots,22249,ok,TWSE STOCK_DAY,2026-08-28,
2026-08-28,volume_ratio,0.510286488895237,ok,TWSE STOCK_DAY,2026-08-28,
2026-08-28,wcr,0.009420608694324062,stale,國泰投信權重 + TWSE 個股收盤,2026-09-24,權重基準日 2026-09-24，非 2026-08-28 當日權重；歷史日的加權貢獻為估計值
2026-08-31,avg_vol20,42338.8134,ok,TWSE STOCK_DAY,2026-08-31,
2026-08-31,breadth_count,3,stale,國泰投信權重 + TWSE 個股收盤,2026-09-24,權重基準日 2026-09-24，非 2026-08-31 當日權重；歷史日的加權貢獻為估計值
2026-08-31,close,49.58,ok,TWSE STOCK_DAY,2026-08-31,
2026-08-31,close_adj,76.34454045023263,ok,TWSE STOCK_DAY,2026-08-31,
2026-08-31,close_adj_gt_ma120,True,ok,TWSE STOCK_DAY,2026-08-31,
2026-08-31,close_adj_gt_ma20,True,ok,TWSE STOCK_DAY,2026-08-31,
2026-08-31,day_direction,down,ok,TWSE STOCK_DAY,2026-08-31,
2026-08-31,drawdown20,-0.01741982437843126,ok,TWSE STOCK_DAY,2026-08-31,
2026-08-31,drawdown60,-0.05511252509974662,ok,TWSE STOCK_DAY,2026-08-31,
2026-08-31,foreign_net_100m,-143.92,ok,TWSE BFI82U,2026-08-31,
2026-08-31,high,49.58,ok,TWSE STOCK_DAY,2026-08-31,
2026-08-31,institutional_net,-258.46,ok,TWSE BFI82U,2026-08-31,
2026-08-31,institutional_net_100m,-258.46,ok,TWSE BFI82U,2026-08-31,
2026-08-31,low,48.94,ok,TWSE STOCK_DAY,2026-08-31,
2026-08-31,ma120,68.76491288116722,ok,TWSE STOCK_DAY,2026-08-31,
2026-08-31,ma20,75.44132753674569,ok,TWSE STOCK_DAY,2026-08-31,
2026-08-31,ma20_gt_ma60,True,ok,TWSE STOCK_DAY,2026-08-31,
2026-08-31,ma60,74.82383194886168,ok,TWSE STOCK_DAY,2026-08-31,
2026-08-31,nav,49.86,ok,國泰投信 cwapi,2026-08-31,
2026-08-31,ndx_ret,-0.005234462058060774,stale,Yahoo Finance ^IXIC,2026-08-28,美股資料為 2026-08-28，較預期的 2026-08-30 舊 2 天（休市或缺值）
2026-08-31,nvda_ret,-0.04574959589106331,stale,Yahoo Finance NVDA,2026-08-28,美股資料為 2026-08-28，較預期的 2026-08-30 舊 2 天（休市或缺值）
2026-08-31,open,49.24,ok,TWSE STOCK_DAY,2026-08-31,
2026-08-31,premium,-0.005600000000000001,ok,國泰投信 cwapi,2026-08-31,
2026-08-31,ret20,0.06566955133784624,ok,TWSE STOCK_DAY,2026-08-31,
2026-08-31,ret5,0.02311184482047035,ok,TWSE STOCK_DAY,2026-08-31,
2026-08-31,ret60,-0.020085050894583123,ok,TWSE STOCK_DAY,2026-08-31,
2026-08-31,ret60_positive,False,ok,TWSE STOCK_DAY,2026-08-31,
2026-08-31,rsi14,55.97852368500081,ok,TWSE STOCK_DAY,2026-08-31,
2026-08-31,rv20,0.20654700929451403,ok,TWSE STOCK_DAY,2026-08-31,
2026-08-31,sox_ret,-0.03471670312217734,stale,Yahoo Finance ^SOX,2026-08-28,美股資料為 2026-08-28，較預期的 2026-08-30 舊 2 天（休市或缺值）
2026-08-31,stock_foreign_net_lots,-4566.363,ok,TWSE T86,2026-08-31,
2026-08-31,stock_institutional_net_lots,-5490.375,ok,TWSE T86,2026-08-31,
2026-08-31,top_holdings,"[{""code"": ""2330"", ""name"": ""台積電"", ""weight"": 0.3797, ""close"": 2405.0, ""prev_close"": 2420.0, ""ret"": -0.006198347107438051, ""contrib"": -0.002353512396694228}, {""code"": ""2454"", ""name"": ""聯發科"", ""weight"": 0.1215, ""close"": 3925.0, ""prev_close"": 3985.0, ""ret"": -0.01505646173149311, ""contrib"": -0.0018293601003764128}, {""code"": ""2308"", ""name"": ""台達電"", ""weight"": 0.060700000000000004, ""close"": 1840.0, ""prev_close"": 1830.0, ""ret"": 0.005464480874316946, ""contrib"": 0.00033169398907103865}, {""code"": ""2317"", ""name"": ""鴻海"", ""weight"": 0.046, ""close"": 250.0, ""prev_close"": 253.0, ""ret"": -0.011857707509881465, ""contrib"": -0.0005454545454545474}, {""code"": ""2303"", ""name"": ""聯電"", ""weight"": 0.0349, ""close"": 129.0, ""prev_close"": 130.0, ""ret"": -0.007692307692307665, ""contrib"": -0.0002684615384615375}, {""code"": ""3037"", ""name"": ""欣興"", ""weight"": 0.0341, ""close"": 999.0, ""prev_close"": 1110.0, ""ret"": -0.09999999999999998, ""contrib"": -0.003409999999999999}, {""code"": ""2059"", ""name"": ""川湖"", ""weight"": 0.026699999999999998, ""close"": 14180.0, ""prev_close"": 14300.0, ""ret"": -0.008391608391608352, ""contrib"": -0.00022405594405594298}, {""code"": ""2383"", ""name"": ""台光電"", ""weight"": 0.024900000000000002, ""close"": 5485.0, ""prev_close"": 5490.0, ""ret"": -0.0009107468123861207, ""contrib"": -2.2677595628414405e-05}, {""code"": ""3017"", ""name"": ""奇鋐"", ""weight"": 0.0229, ""close"": 3425.0, ""prev_close"": 3360.0, ""ret"": 0.019345238095238138, ""contrib"": 0.00044300595238095335}, {""code"": ""3008"", ""name"": ""大立光"", ""weight"": 0.0208, ""close"": 7650.0, ""prev_close"": 7065.0, ""ret"": 0.08280254777070062, ""contrib"": 0.0017222929936305728}]",stale,國泰投信權重 + TWSE 個股收盤,2026-09-24,權重基準日 2026-09-24，非 2026-08-31 當日權重；歷史日的加權貢獻為估計值
2026-08-31,tsm_ret,-0.022887898569366127,stale,Yahoo Finance TSM,2026-08-28,美股資料為 2026-08-28，較預期的 2026-08-30 舊 2 天（休市或缺值）
2026-08-31,turnover_100m,10.0721,ok,TWSE STOCK_DAY,2026-08-31,
2026-08-31,twd_change,-0.004558916903721677,stale,Yahoo Finance TWD=X,2026-08-28,美股資料為 2026-08-28，較預期的 2026-08-30 舊 2 天（休市或缺值）
2026-08-31,us10y,4.71999979019165,stale,Yahoo Finance ^TNX,2026-08-28,美股資料為 2026-08-28，較預期的 2026-08-30 舊 2 天（休市或缺值）
2026-08-31,usdtwd,31.660900115966797,stale,Yahoo Finance TWD=X,2026-08-28,美股資料為 2026-08-28，較預期的 2026-08-30 舊 2 天（休市或缺值）
2026-08-31,vix,14.430000305175781,stale,Yahoo Finance ^VIX,2026-08-28,美股資料為 2026-08-28，較預期的 2026-08-30 舊 2 天（休市或缺值）
2026-08-31,volume_lots,20463,ok,TWSE STOCK_DAY,2026-08-31,
2026-08-31,volume_ratio,0.4833246224137212,ok,TWSE STOCK_DAY,2026-08-31,
2026-08-31,wcr,-0.0061565291855885185,stale,國泰投信權重 + TWSE 個股收盤,2026-09-24,權重基準日 2026-09-24，非 2026-08-31 當日權重；歷史日的加權貢獻為估計值
2026-09-01,avg_vol20,42378.0032,ok,TWSE STOCK_DAY,2026-09-01,
2026-09-01,breadth_count,6,stale,國泰投信權重 + TWSE 個股收盤,2026-09-24,權重基準日 2026-09-24，非 2026-09-01 當日權重；歷史日的加權貢獻為估計值
2026-09-01,close,51.05,ok,TWSE STOCK_DAY,2026-09-01,
2026-09-01,close_adj,78.60808370279095,ok,TWSE STOCK_DAY,2026-09-01,
2026-09-01,close_adj_gt_ma120,True,ok,TWSE STOCK_DAY,2026-09-01,
2026-09-01,close_adj_gt_ma20,True,ok,TWSE STOCK_DAY,2026-09-01,
2026-09-01,day_direction,up,ok,TWSE STOCK_DAY,2026-09-01,
2026-09-01,drawdown20,0.0,ok,TWSE STOCK_DAY,2026-09-01,
2026-09-01,drawdown60,-0.027097507187214043,ok,TWSE STOCK_DAY,2026-09-01,
2026-09-01,foreign_net_100m,267.08,ok,TWSE BFI82U,2026-09-01,
2026-09-01,high,51.25,ok,TWSE STOCK_DAY,2026-09-01,
2026-09-01,institutional_net,566.37,ok,TWSE BFI82U,2026-09-01,
2026-09-01,institutional_net_100m,566.37,ok,TWSE BFI82U,2026-09-01,
2026-09-01,low,50.15,ok,TWSE STOCK_DAY,2026-09-01,
2026-09-01,ma120,69.0029609194853,ok,TWSE STOCK_DAY,2026-09-01,
2026-09-01,ma20,75.78621082883171,ok,TWSE STOCK_DAY,2026-09-01,
2026-09-01,ma20_gt_ma60,True,ok,TWSE STOCK_DAY,2026-09-01,
2026-09-01,ma60,74.86365442894949,ok,TWSE STOCK_DAY,2026-09-01,
2026-09-01,nav,51.18,ok,國泰投信 cwapi,2026-09-01,
2026-09-01,ndx_ret,-0.0011941820851382179,ok,Yahoo Finance ^IXIC,2026-08-31,
2026-09-01,nvda_ret,0.014847141724795065,ok,Yahoo Finance NVDA,2026-08-31,
2026-09-01,open,50.15,ok,TWSE STOCK_DAY,2026-09-01,
2026-09-01,premium,-0.0025,ok,國泰投信 cwapi,2026-09-01,
2026-09-01,ret20,0.09618777923012378,ok,TWSE STOCK_DAY,2026-09-01,
2026-09-01,ret5,0.0525773195876289,ok,TWSE STOCK_DAY,2026-09-01,
2026-09-01,ret60,0.031348576022426355,ok,TWSE STOCK_DAY,2026-09-01,
2026-09-01,ret60_positive,True,ok,TWSE STOCK_DAY,2026-09-01,
2026-09-01,rsi14,63.00363869297406,ok,TWSE STOCK_DAY,2026-09-01,
2026-09-01,rv20,0.22645152845194969,ok,TWSE STOCK_DAY,2026-09-01,
2026-09-01,sox_ret,0.005701097290303547,ok,Yahoo Finance ^SOX,2026-08-31,
2026-09-01,stock_foreign_net_lots,19311.634,ok,TWSE T86,2026-09-01,
2026-09-01,stock_institutional_net_lots,20127.662,ok,TWSE T86,2026-09-01,
2026-09-01,top_holdings,"[{""code"": ""2330"", ""name"": ""台積電"", ""weight"": 0.3797, ""close"": 2440.0, ""prev_close"": 2405.0, ""ret"": 0.01455301455301461, ""contrib"": 0.005525779625779647}, {""code"": ""2454"", ""name"": ""聯發科"", ""weight"": 0.1215, ""close"": 4315.0, ""prev_close"": 3925.0, ""ret"": 0.09936305732484074, ""contrib"": 0.01207261146496815}, {""code"": ""2308"", ""name"": ""台達電"", ""weight"": 0.060700000000000004, ""close"": 1865.0, ""prev_close"": 1840.0, ""ret"": 0.013586956521739024, ""contrib"": 0.0008247282608695589}, {""code"": ""2317"", ""name"": ""鴻海"", ""weight"": 0.046, ""close"": 256.0, ""prev_close"": 250.0, ""ret"": 0.02400000000000002, ""contrib"": 0.001104000000000001}, {""code"": ""2303"", ""name"": ""聯電"", ""weight"": 0.0349, ""close"": 132.5, ""prev_close"": 129.0, ""ret"": 0.027131782945736482, ""contrib"": 0.0009468992248062032}, {""code"": ""3037"", ""name"": ""欣興"", ""weight"": 0.0341, ""close"": 971.0, ""prev_close"": 999.0, ""ret"": -0.028028028028028062, ""contrib"": -0.0009557557557557569}, {""code"": ""2059"", ""name"": ""川湖"", ""weight"": 0.026699999999999998, ""close"": 14150.0, ""prev_close"": 14180.0, ""ret"": -0.002115655853314524, ""contrib"": -5.648801128349779e-05}, {""code"": ""2383"", ""name"": ""台光電"", ""weight"": 0.024900000000000002, ""close"": 5640.0, ""prev_close"": 5485.0, ""ret"": 0.028258887876025485, ""contrib"": 0.0007036463081130346}, {""code"": ""3017"", ""name"": ""奇鋐"", ""weight"": 0.0229, ""close"": 3410.0, ""prev_close"": 3425.0, ""ret"": -0.004379562043795637, ""contrib"": -0.0001002919708029201}, {""code"": ""3008"", ""name"": ""大立光"", ""weight"": 0.0208, ""close"": 7580.0, ""prev_close"": 7650.0, ""ret"": -0.009150326797385588, ""contrib"": -0.00019032679738562023}]",stale,國泰投信權重 + TWSE 個股收盤,2026-09-24,權重基準日 2026-09-24，非 2026-09-01 當日權重；歷史日的加權貢獻為估計值
2026-09-01,tsm_ret,-0.005269164943815574,ok,Yahoo Finance TSM,2026-08-31,
2026-09-01,turnover_100m,18.497,ok,TWSE STOCK_DAY,2026-09-01,
2026-09-01,twd_change,-0.0011023270076141456,ok,Yahoo Finance TWD=X,2026-08-31,
2026-09-01,us10y,4.757999897003174,ok,Yahoo Finance ^TNX,2026-08-31,
2026-09-01,usdtwd,31.625999450683594,ok,Yahoo Finance TWD=X,2026-08-31,
2026-09-01,vix,14.920000076293945,ok,Yahoo Finance ^VIX,2026-08-31,
2026-09-01,volume_lots,36305,ok,TWSE STOCK_DAY,2026-09-01,
2026-09-01,volume_ratio,0.856696192802213,ok,TWSE STOCK_DAY,2026-09-01,
2026-09-01,wcr,0.019874802349308798,stale,國泰投信權重 + TWSE 個股收盤,2026-09-24,權重基準日 2026-09-24，非 2026-09-01 當日權重；歷史日的加權貢獻為估計值
2026-09-02,avg_vol20,42034.23235,ok,TWSE STOCK_DAY,2026-09-02,
2026-09-02,breadth_count,2,stale,國泰投信權重 + TWSE 個股收盤,2026-09-24,權重基準日 2026-09-24，非 2026-09-02 當日權重；歷史日的加權貢獻為估計值
2026-09-02,close,50.0,ok,TWSE STOCK_DAY,2026-09-02,
2026-09-02,close_adj,76.99126709382074,ok,TWSE STOCK_DAY,2026-09-02,
2026-09-02,close_adj_gt_ma120,True,ok,TWSE STOCK_DAY,2026-09-02,
2026-09-02,close_adj_gt_ma20,True,ok,TWSE STOCK_DAY,2026-09-02,
2026-09-02,day_direction,down,ok,TWSE STOCK_DAY,2026-09-02,
2026-09-02,drawdown20,-0.02056807051909859,ok,TWSE STOCK_DAY,2026-09-02,
2026-09-02,drawdown60,-0.04710823426759425,ok,TWSE STOCK_DAY,2026-09-02,
2026-09-02,foreign_net_100m,-913.55,ok,TWSE BFI82U,2026-09-02,
2026-09-02,high,51.0,ok,TWSE STOCK_DAY,2026-09-02,
2026-09-02,institutional_net,-1152.44,ok,TWSE BFI82U,2026-09-02,
2026-09-02,institutional_net_100m,-1152.44,ok,TWSE BFI82U,2026-09-02,
2026-09-02,low,49.98,ok,TWSE STOCK_DAY,2026-09-02,
2026-09-02,ma120,69.20792900311697,ok,TWSE STOCK_DAY,2026-09-02,
2026-09-02,ma20,75.92697899650372,ok,TWSE STOCK_DAY,2026-09-02,
2026-09-02,ma20_gt_ma60,True,ok,TWSE STOCK_DAY,2026-09-02,
2026-09-02,ma60,74.91644735598136,ok,TWSE STOCK_DAY,2026-09-02,
2026-09-02,nav,50.02,ok,國泰投信 cwapi,2026-09-02,
2026-09-02,ndx_ret,-0.010281074598708195,ok,Yahoo Finance ^IXIC,2026-09-01,
2026-09-02,nvda_ret,-0.015128165397036097,ok,Yahoo Finance NVDA,2026-09-01,
2026-09-02,open,50.75,ok,TWSE STOCK_DAY,2026-09-02,
2026-09-02,premium,-0.0004,ok,國泰投信 cwapi,2026-09-02,
2026-09-02,ret20,0.03795522820044539,ok,TWSE STOCK_DAY,2026-09-02,
2026-09-02,ret5,0.009489198465576276,ok,TWSE STOCK_DAY,2026-09-02,
2026-09-02,ret60,0.042907304670867674,ok,TWSE STOCK_DAY,2026-09-02,
2026-09-02,ret60_positive,True,ok,TWSE STOCK_DAY,2026-09-02,
2026-09-02,rsi14,56.11512652962825,ok,TWSE STOCK_DAY,2026-09-02,
2026-09-02,rv20,0.2146145886464137,ok,TWSE STOCK_DAY,2026-09-02,
2026-09-02,sox_ret,-0.021364403040969426,ok,Yahoo Finance ^SOX,2026-09-01,
2026-09-02,stock_foreign_net_lots,-6306.912,ok,TWSE T86,2026-09-02,
2026-09-02,stock_institutional_net_lots,-10132.658,ok,TWSE T86,2026-09-02,
2026-09-02,top_holdings,"[{""code"": ""2330"", ""name"": ""台積電"", ""weight"": 0.3797, ""close"": 2385.0, ""prev_close"": 2440.0, ""ret"": -0.02254098360655743, ""contrib"": -0.008558811475409855}, {""code"": ""2454"", ""name"": ""聯發科"", ""weight"": 0.1215, ""close"": 4275.0, ""prev_close"": 4315.0, ""ret"": -0.009269988412514474, ""contrib"": -0.0011263035921205086}, {""code"": ""2308"", ""name"": ""台達電"", ""weight"": 0.060700000000000004, ""close"": 1730.0, ""prev_close"": 1865.0, ""ret"": -0.07238605898123329, ""contrib"": -0.004393833780160861}, {""code"": ""2317"", ""name"": ""鴻海"", ""weight"": 0.046, ""close"": 251.0, ""prev_close"": 256.0, ""ret"": -0.01953125, ""contrib"": -0.0008984374999999999}, {""code"": ""2303"", ""name"": ""聯電"", ""weight"": 0.0349, ""close"": 126.0, ""prev_close"": 132.5, ""ret"": -0.049056603773584895, ""contrib"": -0.0017120754716981128}, {""code"": ""3037"", ""name"": ""欣興"", ""weight"": 0.0341, ""close"": 973.0, ""prev_close"": 971.0, ""ret"": 0.002059732234809486, ""contrib"": 7.023686920700346e-05}, {""code"": ""2059"", ""name"": ""川湖"", ""weight"": 0.026699999999999998, ""close"": 13865.0, ""prev_close"": 14150.0, ""ret"": -0.020141342756183733, ""contrib"": -0.0005377738515901057}, {""code"": ""2383"", ""name"": ""台光電"", ""weight"": 0.024900000000000002, ""close"": 5445.0, ""prev_close"": 5640.0, ""ret"": -0.034574468085106336, ""contrib"": -0.0008609042553191478}, {""code"": ""3017"", ""name"": ""奇鋐"", ""weight"": 0.0229, ""close"": 3310.0, ""prev_close"": 3410.0, ""ret"": -0.029325513196480912, ""contrib"": -0.0006715542521994129}, {""code"": ""3008"", ""name"": ""大立光"", ""weight"": 0.0208, ""close"": 7810.0, ""prev_close"": 7580.0, ""ret"": 0.03034300791556732, ""contrib"": 0.0006311345646438002}]",stale,國泰投信權重 + TWSE 個股收盤,2026-09-24,權重基準日 2026-09-24，非 2026-09-02 當日權重；歷史日的加權貢獻為估計值
2026-09-02,tsm_ret,-0.0031782897547439903,ok,Yahoo Finance TSM,2026-09-01,
2026-09-02,turnover_100m,11.1719,ok,TWSE STOCK_DAY,2026-09-02,
2026-09-02,twd_change,0.0019604210375987474,ok,Yahoo Finance TWD=X,2026-09-01,
2026-09-02,us10y,4.796000003814697,ok,Yahoo Finance ^TNX,2026-09-01,
2026-09-02,usdtwd,31.687999725341797,ok,Yahoo Finance TWD=X,2026-09-01,
2026-09-02,vix,16.34000015258789,ok,Yahoo Finance ^VIX,2026-09-01,
2026-09-02,volume_lots,22191,ok,TWSE STOCK_DAY,2026-09-02,
2026-09-02,volume_ratio,0.5279213098321278,ok,TWSE STOCK_DAY,2026-09-02,
2026-09-02,wcr,-0.0180583227446472,stale,國泰投信權重 + TWSE 個股收盤,2026-09-24,權重基準日 2026-09-24，非 2026-09-02 當日權重；歷史日的加權貢獻為估計值
2026-09-03,avg_vol20,41440.033149999996,ok,TWSE STOCK_DAY,2026-09-03,
2026-09-03,breadth_count,3,stale,國泰投信權重 + TWSE 個股收盤,2026-09-24,權重基準日 2026-09-24，非 2026-09-03 當日權重；歷史日的加權貢獻為估計值
2026-09-03,close,49.8,ok,TWSE STOCK_DAY,2026-09-03,
2026-09-03,close_adj,76.68330202544546,ok,TWSE STOCK_DAY,2026-09-03,
2026-09-03,close_adj_gt_ma120,True,ok,TWSE STOCK_DAY,2026-09-03,
2026-09-03,close_adj_gt_ma20,True,ok,TWSE STOCK_DAY,2026-09-03,
2026-09-03,day_direction,down,ok,TWSE STOCK_DAY,2026-09-03,
2026-09-03,drawdown20,-0.024485798237022238,ok,TWSE STOCK_DAY,2026-09-03,
2026-09-03,drawdown60,-0.05091980133052387,ok,TWSE STOCK_DAY,2026-09-03,
2026-09-03,foreign_net_100m,-481.46,ok,TWSE BFI82U,2026-09-03,
2026-09-03,high,50.3,ok,TWSE STOCK_DAY,2026-09-03,
2026-09-03,institutional_net,-641.6,ok,TWSE BFI82U,2026-09-03,
2026-09-03,institutional_net_100m,-641.6,ok,TWSE BFI82U,2026-09-03,
2026-09-03,low,49.53,ok,TWSE STOCK_DAY,2026-09-03,
2026-09-03,ma120,69.4150268747585,ok,TWSE STOCK_DAY,2026-09-03,
2026-09-03,ma20,76.04530466538753,ok,TWSE STOCK_DAY,2026-09-03,
2026-09-03,ma20_gt_ma60,True,ok,TWSE STOCK_DAY,2026-09-03,
2026-09-03,ma60,74.9183199369722,ok,TWSE STOCK_DAY,2026-09-03,
2026-09-03,nav,49.58,ok,國泰投信 cwapi,2026-09-03,
2026-09-03,ndx_ret,0.004523432543480643,ok,Yahoo Finance ^IXIC,2026-09-02,
2026-09-03,nvda_ret,0.03205482497444945,ok,Yahoo Finance NVDA,2026-09-02,
2026-09-03,open,50.15,ok,TWSE STOCK_DAY,2026-09-03,
2026-09-03,premium,0.0044,ok,國泰投信 cwapi,2026-09-03,
2026-09-03,ret20,0.03184359040178997,ok,TWSE STOCK_DAY,2026-09-03,
2026-09-03,ret5,0.0038298730094739053,ok,TWSE STOCK_DAY,2026-09-03,
2026-09-03,ret60,0.0014673301507719394,ok,TWSE STOCK_DAY,2026-09-03,
2026-09-03,ret60_positive,True,ok,TWSE STOCK_DAY,2026-09-03,
2026-09-03,rsi14,54.88419893668124,ok,TWSE STOCK_DAY,2026-09-03,
2026-09-03,rv20,0.21565252138636445,ok,TWSE STOCK_DAY,2026-09-03,
2026-09-03,sox_ret,0.004485906312683641,ok,Yahoo Finance ^SOX,2026-09-02,
2026-09-03,stock_foreign_net_lots,-1328.135,ok,TWSE T86,2026-09-03,
2026-09-03,stock_institutional_net_lots,-3640.948,ok,TWSE T86,2026-09-03,
2026-09-03,top_holdings,"[{""code"": ""2330"", ""name"": ""台積電"", ""weight"": 0.3797, ""close"": 2390.0, ""prev_close"": 2385.0, ""ret"": 0.002096436058700135, ""contrib"": 0.0007960167714884412}, {""code"": ""2454"", ""name"": ""聯發科"", ""weight"": 0.1215, ""close"": 4340.0, ""prev_close"": 4275.0, ""ret"": 0.015204678362572999, ""contrib"": 0.0018473684210526193}, {""code"": ""2308"", ""name"": ""台達電"", ""weight"": 0.060700000000000004, ""close"": 1760.0, ""prev_close"": 1730.0, ""ret"": 0.01734104046242768, ""contrib"": 0.0010526011560693604}, {""code"": ""2317"", ""name"": ""鴻海"", ""weight"": 0.046, ""close"": 247.5, ""prev_close"": 251.0, ""ret"": -0.013944223107569709, ""contrib"": -0.0006414342629482066}, {""code"": ""2303"", ""name"": ""聯電"", ""weight"": 0.0349, ""close"": 125.0, ""prev_close"": 126.0, ""ret"": -0.007936507936507908, ""contrib"": -0.000276984126984126}, {""code"": ""3037"", ""name"": ""欣興"", ""weight"": 0.0341, ""close"": 923.0, ""prev_close"": 973.0, ""ret"": -0.05138746145940387, ""contrib"": -0.001752312435765672}, {""code"": ""2059"", ""name"": ""川湖"", ""weight"": 0.026699999999999998, ""close"": 13450.0, ""prev_close"": 13865.0, ""ret"": -0.02993148214929675, ""contrib"": -0.0007991705733862231}, {""code"": ""2383"", ""name"": ""台光電"", ""weight"": 0.024900000000000002, ""close"": 5290.0, ""prev_close"": 5445.0, ""ret"": -0.02846648301193755, ""contrib"": -0.000708815426997245}, {""code"": ""3017"", ""name"": ""奇鋐"", ""weight"": 0.0229, ""close"": 3300.0, ""prev_close"": 3310.0, ""ret"": -0.0030211480362537513, ""contrib"": -6.91842900302109e-05}, {""code"": ""3008"", ""name"": ""大立光"", ""weight"": 0.0208, ""close"": 7150.0, ""prev_close"": 7810.0, ""ret"": -0.08450704225352113, ""contrib"": -0.0017577464788732394}]",stale,國泰投信權重 + TWSE 個股收盤,2026-09-24,權重基準日 2026-09-24，非 2026-09-03 當日權重；歷史日的加權貢獻為估計值
2026-09-03,tsm_ret,0.0036231884057971175,ok,Yahoo Finance TSM,2026-09-02,
2026-09-03,turnover_100m,7.4092,ok,TWSE STOCK_DAY,2026-09-03,
2026-09-03,twd_change,-0.0004102653494677533,ok,Yahoo Finance TWD=X,2026-09-02,
2026-09-03,us10y,4.796000003814697,ok,Yahoo Finance ^TNX,2026-09-02,
2026-09-03,usdtwd,31.674999237060547,ok,Yahoo Finance TWD=X,2026-09-02,
2026-09-03,vix,15.199999809265137,ok,Yahoo Finance ^VIX,2026-09-02,
2026-09-03,volume_lots,14834,ok,TWSE STOCK_DAY,2026-09-03,
2026-09-03,volume_ratio,0.3579615138411153,ok,TWSE STOCK_DAY,2026-09-03,
2026-09-03,wcr,-0.0023096612463745017,stale,國泰投信權重 + TWSE 個股收盤,2026-09-24,權重基準日 2026-09-24，非 2026-09-03 當日權重；歷史日的加權貢獻為估計值
2026-09-04,avg_vol20,40232.017550000004,ok,TWSE STOCK_DAY,2026-09-04,
2026-09-04,breadth_count,9,stale,國泰投信權重 + TWSE 個股收盤,2026-09-24,權重基準日 2026-09-24，非 2026-09-04 當日權重；歷史日的加權貢獻為估計值
2026-09-04,close,50.35,ok,TWSE STOCK_DAY,2026-09-04,
2026-09-04,close_adj,77.5302059634775,ok,TWSE STOCK_DAY,2026-09-04,
2026-09-04,close_adj_gt_ma120,True,ok,TWSE STOCK_DAY,2026-09-04,
2026-09-04,close_adj_gt_ma20,True,ok,TWSE STOCK_DAY,2026-09-04,
2026-09-04,day_direction,up,ok,TWSE STOCK_DAY,2026-09-04,
2026-09-04,drawdown20,-0.013712047012732098,ok,TWSE STOCK_DAY,2026-09-04,
2026-09-04,drawdown60,-0.04043799190746722,ok,TWSE STOCK_DAY,2026-09-04,
2026-09-04,foreign_net_100m,562.13,ok,TWSE BFI82U,2026-09-04,
2026-09-04,high,50.6,ok,TWSE STOCK_DAY,2026-09-04,
2026-09-04,institutional_net,616.72,ok,TWSE BFI82U,2026-09-04,
2026-09-04,institutional_net_100m,616.72,ok,TWSE BFI82U,2026-09-04,
2026-09-04,low,49.79,ok,TWSE STOCK_DAY,2026-09-04,
2026-09-04,ma120,69.63082593646982,ok,TWSE STOCK_DAY,2026-09-04,
2026-09-04,ma20,76.24119675802021,ok,TWSE STOCK_DAY,2026-09-04,
2026-09-04,ma20_gt_ma60,True,ok,TWSE STOCK_DAY,2026-09-04,
2026-09-04,ma60,74.98479134207801,ok,TWSE STOCK_DAY,2026-09-04,
2026-09-04,nav,50.41,ok,國泰投信 cwapi,2026-09-04,
2026-09-04,ndx_ret,0.01396875590614055,ok,Yahoo Finance ^IXIC,2026-09-03,
2026-09-04,nvda_ret,0.0180027325885872,ok,Yahoo Finance NVDA,2026-09-03,
2026-09-04,open,50.4,ok,TWSE STOCK_DAY,2026-09-04,
2026-09-04,premium,-0.0012,ok,國泰投信 cwapi,2026-09-04,
2026-09-04,ret20,0.05322260601161255,ok,TWSE STOCK_DAY,2026-09-04,
2026-09-04,ret5,0.007000000000000117,ok,TWSE STOCK_DAY,2026-09-04,
2026-09-04,ret60,0.05423143992541535,ok,TWSE STOCK_DAY,2026-09-04,
2026-09-04,ret60_positive,True,ok,TWSE STOCK_DAY,2026-09-04,
2026-09-04,rsi14,57.63629668908666,ok,TWSE STOCK_DAY,2026-09-04,
2026-09-04,rv20,0.21389553233210953,ok,TWSE STOCK_DAY,2026-09-04,
2026-09-04,sox_ret,0.0011358672586370133,ok,Yahoo Finance ^SOX,2026-09-03,
2026-09-04,stock_foreign_net_lots,3931.11,ok,TWSE T86,2026-09-04,
2026-09-04,stock_institutional_net_lots,5160.996,ok,TWSE T86,2026-09-04,
2026-09-04,top_holdings,"[{""code"": ""2330"", ""name"": ""台積電"", ""weight"": 0.3797, ""close"": 2410.0, ""prev_close"": 2390.0, ""ret"": 0.008368200836819994, ""contrib"": 0.0031774058577405517}, {""code"": ""2454"", ""name"": ""聯發科"", ""weight"": 0.1215, ""close"": 4415.0, ""prev_close"": 4340.0, ""ret"": 0.017281105990783363, ""contrib"": 0.0020996543778801784}, {""code"": ""2308"", ""name"": ""台達電"", ""weight"": 0.060700000000000004, ""close"": 1825.0, ""prev_close"": 1760.0, ""ret"": 0.03693181818181812, ""contrib"": 0.0022417613636363603}, {""code"": ""2317"", ""name"": ""鴻海"", ""weight"": 0.046, ""close"": 256.0, ""prev_close"": 247.5, ""ret"": 0.03434343434343434, ""contrib"": 0.0015797979797979797}, {""code"": ""2303"", ""name"": ""聯電"", ""weight"": 0.0349, ""close"": 130.0, ""prev_close"": 125.0, ""ret"": 0.040000000000000036, ""contrib"": 0.0013960000000000012}, {""code"": ""3037"", ""name"": ""欣興"", ""weight"": 0.0341, ""close"": 902.0, ""prev_close"": 923.0, ""ret"": -0.02275189599133265, ""contrib"": -0.0007758396533044433}, {""code"": ""2059"", ""name"": ""川湖"", ""weight"": 0.026699999999999998, ""close"": 13860.0, ""prev_close"": 13450.0, ""ret"": 0.030483271375464582, ""contrib"": 0.0008139033457249043}, {""code"": ""2383"", ""name"": ""台光電"", ""weight"": 0.024900000000000002, ""close"": 5415.0, ""prev_close"": 5290.0, ""ret"": 0.023629489603024467, ""contrib"": 0.0005883742911153093}, {""code"": ""3017"", ""name"": ""奇鋐"", ""weight"": 0.0229, ""close"": 3570.0, ""prev_close"": 3300.0, ""ret"": 0.08181818181818179, ""contrib"": 0.001873636363636363}, {""code"": ""3008"", ""name"": ""大立光"", ""weight"": 0.0208, ""close"": 7400.0, ""prev_close"": 7150.0, ""ret"": 0.034965034965035, ""contrib"": 0.000727272727272728}]",stale,國泰投信權重 + TWSE 個股收盤,2026-09-24,權重基準日 2026-09-24，非 2026-09-04 當日權重；歷史日的加權貢獻為估計值
2026-09-04,tsm_ret,0.003634199195246657,ok,Yahoo Finance TSM,2026-09-03,
2026-09-04,turnover_100m,8.176,ok,TWSE STOCK_DAY,2026-09-04,
2026-09-04,twd_change,0.0016164441336217195,ok,Yahoo Finance TWD=X,2026-09-03,
2026-09-04,us10y,4.76200008392334,ok,Yahoo Finance ^TNX,2026-09-03,
2026-09-04,usdtwd,31.726200103759766,ok,Yahoo Finance TWD=X,2026-09-03,
2026-09-04,vix,14.319999694824219,ok,Yahoo Finance ^VIX,2026-09-03,
2026-09-04,volume_lots,16315,ok,TWSE STOCK_DAY,2026-09-04,
2026-09-04,volume_ratio,0.40551647651585393,ok,TWSE STOCK_DAY,2026-09-04,
2026-09-04,wcr,0.013721966653499932,stale,國泰投信權重 + TWSE 個股收盤,2026-09-24,權重基準日 2026-09-24，非 2026-09-04 當日權重；歷史日的加權貢獻為估計值
2026-09-07,avg_vol20,39481.17385,ok,TWSE STOCK_DAY,2026-09-07,
2026-09-07,breadth_count,7,stale,國泰投信權重 + TWSE 個股收盤,2026-09-24,權重基準日 2026-09-24，非 2026-09-07 當日權重；歷史日的加權貢獻為估計值
2026-09-07,close,51.35,ok,TWSE STOCK_DAY,2026-09-07,
2026-09-07,close_adj,79.07003130535391,ok,TWSE STOCK_DAY,2026-09-07,
2026-09-07,close_adj_gt_ma120,True,ok,TWSE STOCK_DAY,2026-09-07,
2026-09-07,close_adj_gt_ma20,True,ok,TWSE STOCK_DAY,2026-09-07,
2026-09-07,day_direction,up,ok,TWSE STOCK_DAY,2026-09-07,
2026-09-07,drawdown20,0.0,ok,TWSE STOCK_DAY,2026-09-07,
2026-09-07,drawdown60,-0.02138015659281922,ok,TWSE STOCK_DAY,2026-09-07,
2026-09-07,foreign_net_100m,883.08,ok,TWSE BFI82U,2026-09-07,
2026-09-07,high,51.6,ok,TWSE STOCK_DAY,2026-09-07,
2026-09-07,institutional_net,1127.19,ok,TWSE BFI82U,2026-09-07,
2026-09-07,institutional_net_100m,1127.19,ok,TWSE BFI82U,2026-09-07,
2026-09-07,low,50.8,ok,TWSE STOCK_DAY,2026-09-07,
2026-09-07,ma120,69.86145274555146,ok,TWSE STOCK_DAY,2026-09-07,
2026-09-07,ma20,76.44715978673688,ok,TWSE STOCK_DAY,2026-09-07,
2026-09-07,ma20_gt_ma60,True,ok,TWSE STOCK_DAY,2026-09-07,
2026-09-07,ma60,75.08514478914611,ok,TWSE STOCK_DAY,2026-09-07,
2026-09-07,nav,51.58,ok,國泰投信 cwapi,2026-09-07,
2026-09-07,ndx_ret,-0.0028991174002219733,stale,Yahoo Finance ^IXIC,2026-09-04,美股資料為 2026-09-04，較預期的 2026-09-06 舊 2 天（休市或缺值）
2026-09-07,nvda_ret,0.00836070775935327,stale,Yahoo Finance NVDA,2026-09-04,美股資料為 2026-09-04，較預期的 2026-09-06 舊 2 天（休市或缺值）
2026-09-07,open,50.9,ok,TWSE STOCK_DAY,2026-09-07,
2026-09-07,premium,-0.0045000000000000005,ok,國泰投信 cwapi,2026-09-07,
2026-09-07,ret20,0.05495954923687574,ok,TWSE STOCK_DAY,2026-09-07,
2026-09-07,ret5,0.035699878983461275,ok,TWSE STOCK_DAY,2026-09-07,
2026-09-07,ret60,0.08242715562973624,ok,TWSE STOCK_DAY,2026-09-07,
2026-09-07,ret60_positive,True,ok,TWSE STOCK_DAY,2026-09-07,
2026-09-07,rsi14,62.15641170414064,ok,TWSE STOCK_DAY,2026-09-07,
2026-09-07,rv20,0.2155857328405508,ok,TWSE STOCK_DAY,2026-09-07,
2026-09-07,sox_ret,0.03374960353409717,stale,Yahoo Finance ^SOX,2026-09-04,美股資料為 2026-09-04，較預期的 2026-09-06 舊 2 天（休市或缺值）
2026-09-07,stock_foreign_net_lots,7029.426,ok,TWSE T86,2026-09-07,
2026-09-07,stock_institutional_net_lots,16046.033,ok,TWSE T86,2026-09-07,
2026-09-07,top_holdings,"[{""code"": ""2330"", ""name"": ""台積電"", ""weight"": 0.3797, ""close"": 2460.0, ""prev_close"": 2410.0, ""ret"": 0.020746887966804906, ""contrib"": 0.007877593360995822}, {""code"": ""2454"", ""name"": ""聯發科"", ""weight"": 0.1215, ""close"": 4760.0, ""prev_close"": 4415.0, ""ret"": 0.07814269535673835, ""contrib"": 0.00949433748584371}, {""code"": ""2308"", ""name"": ""台達電"", ""weight"": 0.060700000000000004, ""close"": 1850.0, ""prev_close"": 1825.0, ""ret"": 0.013698630136986356, ""contrib"": 0.0008315068493150719}, {""code"": ""2317"", ""name"": ""鴻海"", ""weight"": 0.046, ""close"": 256.0, ""prev_close"": 256.0, ""ret"": 0.0, ""contrib"": 0.0}, {""code"": ""2303"", ""name"": ""聯電"", ""weight"": 0.0349, ""close"": 143.0, ""prev_close"": 130.0, ""ret"": 0.10000000000000009, ""contrib"": 0.003490000000000003}, {""code"": ""3037"", ""name"": ""欣興"", ""weight"": 0.0341, ""close"": 949.0, ""prev_close"": 902.0, ""ret"": 0.05210643015521055, ""contrib"": 0.0017768292682926797}, {""code"": ""2059"", ""name"": ""川湖"", ""weight"": 0.026699999999999998, ""close"": 13905.0, ""prev_close"": 13860.0, ""ret"": 0.0032467532467532756, ""contrib"": 8.668831168831246e-05}, {""code"": ""2383"", ""name"": ""台光電"", ""weight"": 0.024900000000000002, ""close"": 5495.0, ""prev_close"": 5415.0, ""ret"": 0.014773776546629813, ""contrib"": 0.0003678670360110824}, {""code"": ""3017"", ""name"": ""奇鋐"", ""weight"": 0.0229, ""close"": 3420.0, ""prev_close"": 3570.0, ""ret"": -0.04201680672268904, ""contrib"": -0.000962184873949579}, {""code"": ""3008"", ""name"": ""大立光"", ""weight"": 0.0208, ""close"": 6660.0, ""prev_close"": 7400.0, ""ret"": -0.09999999999999998, ""contrib"": -0.0020799999999999994}]",stale,國泰投信權重 + TWSE 個股收盤,2026-09-24,權重基準日 2026-09-24，非 2026-09-07 當日權重；歷史日的加權貢獻為估計值
2026-09-07,tsm_ret,0.028536470630939004,stale,Yahoo Finance TSM,2026-09-04,美股資料為 2026-09-04，較預期的 2026-09-06 舊 2 天（休市或缺值）
2026-09-07,turnover_100m,12.6661,ok,TWSE STOCK_DAY,2026-09-07,
2026-09-07,twd_change,-0.0009708022272419958,stale,Yahoo Finance TWD=X,2026-09-04,美股資料為 2026-09-04，較預期的 2026-09-06 舊 2 天（休市或缺值）
2026-09-07,us10y,4.783999919891357,stale,Yahoo Finance ^TNX,2026-09-04,美股資料為 2026-09-04，較預期的 2026-09-06 舊 2 天（休市或缺值）
2026-09-07,usdtwd,31.69540023803711,stale,Yahoo Finance TWD=X,2026-09-04,美股資料為 2026-09-04，較預期的 2026-09-06 舊 2 天（休市或缺值）
2026-09-07,vix,14.529999732971191,stale,Yahoo Finance ^VIX,2026-09-04,美股資料為 2026-09-04，較預期的 2026-09-06 舊 2 天（休市或缺值）
2026-09-07,volume_lots,24715,ok,TWSE STOCK_DAY,2026-09-07,
2026-09-07,volume_ratio,0.6260044114671124,ok,TWSE STOCK_DAY,2026-09-07,
2026-09-07,wcr,0.020882637438197106,stale,國泰投信權重 + TWSE 個股收盤,2026-09-24,權重基準日 2026-09-24，非 2026-09-07 當日權重；歷史日的加權貢獻為估計值
2026-09-08,avg_vol20,38151.05645,ok,TWSE STOCK_DAY,2026-09-08,
2026-09-08,breadth_count,2,stale,國泰投信權重 + TWSE 個股收盤,2026-09-24,權重基準日 2026-09-24，非 2026-09-08 當日權重；歷史日的加權貢獻為估計值
2026-09-08,close,50.8,ok,TWSE STOCK_DAY,2026-09-08,
2026-09-08,close_adj,78.22312736732187,ok,TWSE STOCK_DAY,2026-09-08,
2026-09-08,close_adj_gt_ma120,True,ok,TWSE STOCK_DAY,2026-09-08,
2026-09-08,close_adj_gt_ma20,True,ok,TWSE STOCK_DAY,2026-09-08,
2026-09-08,day_direction,down,ok,TWSE STOCK_DAY,2026-09-08,
2026-09-08,drawdown20,-0.010710808179162812,ok,TWSE STOCK_DAY,2026-09-08,
2026-09-08,drawdown60,-0.031861966015875876,ok,TWSE STOCK_DAY,2026-09-08,
2026-09-08,foreign_net_100m,132.69,ok,TWSE BFI82U,2026-09-08,
2026-09-08,high,51.55,ok,TWSE STOCK_DAY,2026-09-08,
2026-09-08,institutional_net,-125.15,ok,TWSE BFI82U,2026-09-08,
2026-09-08,institutional_net_100m,-125.15,ok,TWSE BFI82U,2026-09-08,
2026-09-08,low,50.7,ok,TWSE STOCK_DAY,2026-09-08,
2026-09-08,ma120,70.07856479689417,ok,TWSE STOCK_DAY,2026-09-08,
2026-09-08,ma20,76.58964488244358,ok,TWSE STOCK_DAY,2026-09-08,
2026-09-08,ma20_gt_ma60,True,ok,TWSE STOCK_DAY,2026-09-08,
2026-09-08,ma60,75.14438022999745,ok,TWSE STOCK_DAY,2026-09-08,
2026-09-08,nav,50.95,ok,國泰投信 cwapi,2026-09-08,
2026-09-08,ndx_ret,-0.0028991174002219733,stale,Yahoo Finance ^IXIC,2026-09-04,美股資料為 2026-09-04，較預期的 2026-09-07 舊 3 天（休市或缺值）
2026-09-08,nvda_ret,0.00836070775935327,stale,Yahoo Finance NVDA,2026-09-04,美股資料為 2026-09-04，較預期的 2026-09-07 舊 3 天（休市或缺值）
2026-09-08,open,51.5,ok,TWSE STOCK_DAY,2026-09-08,
2026-09-08,premium,-0.0029,ok,國泰投信 cwapi,2026-09-08,
2026-09-08,ret20,0.0378077803549437,ok,TWSE STOCK_DAY,2026-09-08,
2026-09-08,ret5,-0.004897159647404337,ok,TWSE STOCK_DAY,2026-09-08,
2026-09-08,ret60,0.04759841979225454,ok,TWSE STOCK_DAY,2026-09-08,
2026-09-08,ret60_positive,True,ok,TWSE STOCK_DAY,2026-09-08,
2026-09-08,rsi14,58.46174941563161,ok,TWSE STOCK_DAY,2026-09-08,
2026-09-08,rv20,0.22045273872097865,ok,TWSE STOCK_DAY,2026-09-08,
2026-09-08,sox_ret,0.03374960353409717,stale,Yahoo Finance ^SOX,2026-09-04,美股資料為 2026-09-04，較預期的 2026-09-07 舊 3 天（休市或缺值）
2026-09-08,stock_foreign_net_lots,221.972,ok,TWSE T86,2026-09-08,
2026-09-08,stock_institutional_net_lots,-1163.948,ok,TWSE T86,2026-09-08,
2026-09-08,top_holdings,"[{""code"": ""2330"", ""name"": ""台積電"", ""weight"": 0.3797, ""close"": 2470.0, ""prev_close"": 2460.0, ""ret"": 0.004065040650406582, ""contrib"": 0.001543495934959379}, {""code"": ""2454"", ""name"": ""聯發科"", ""weight"": 0.1215, ""close"": 4710.0, ""prev_close"": 4760.0, ""ret"": -0.010504201680672232, ""contrib"": -0.001276260504201676}, {""code"": ""2308"", ""name"": ""台達電"", ""weight"": 0.060700000000000004, ""close"": 1805.0, ""prev_close"": 1850.0, ""ret"": -0.024324324324324298, ""contrib"": -0.001476486486486485}, {""code"": ""2317"", ""name"": ""鴻海"", ""weight"": 0.046, ""close"": 251.5, ""prev_close"": 256.0, ""ret"": -0.017578125, ""contrib"": -0.00080859375}, {""code"": ""2303"", ""name"": ""聯電"", ""weight"": 0.0349, ""close"": 137.0, ""prev_close"": 143.0, ""ret"": -0.04195804195804198, ""contrib"": -0.0014643356643356652}, {""code"": ""3037"", ""name"": ""欣興"", ""weight"": 0.0341, ""close"": 954.0, ""prev_close"": 949.0, ""ret"": 0.005268703898840821, ""contrib"": 0.00017966280295047198}, {""code"": ""2059"", ""name"": ""川湖"", ""weight"": 0.026699999999999998, ""close"": 12520.0, ""prev_close"": 13905.0, ""ret"": -0.09960445882775981, ""contrib"": -0.0026594390507011867}, {""code"": ""2383"", ""name"": ""台光電"", ""weight"": 0.024900000000000002, ""close"": 5340.0, ""prev_close"": 5495.0, ""ret"": -0.0282074613284804, ""contrib"": -0.000702365787079162}, {""code"": ""3017"", ""name"": ""奇鋐"", ""weight"": 0.0229, ""close"": 3285.0, ""prev_close"": 3420.0, ""ret"": -0.03947368421052633, ""contrib"": -0.0009039473684210529}, {""code"": ""3008"", ""name"": ""大立光"", ""weight"": 0.0208, ""close"": 6500.0, ""prev_close"": 6660.0, ""ret"": -0.024024024024024038, ""contrib"": -0.0004996996996996999}]",stale,國泰投信權重 + TWSE 個股收盤,2026-09-24,權重基準日 2026-09-24，非 2026-09-08 當日權重；歷史日的加權貢獻為估計值
2026-09-08,tsm_ret,0.028536470630939004,stale,Yahoo Finance TSM,2026-09-04,美股資料為 2026-09-04，較預期的 2026-09-07 舊 3 天（休市或缺值）
2026-09-08,turnover_100m,6.2242,ok,TWSE STOCK_DAY,2026-09-08,
2026-09-08,twd_change,-0.0023473421241366754,ok,Yahoo Finance TWD=X,2026-09-07,
2026-09-08,us10y,4.783999919891357,stale,Yahoo Finance ^TNX,2026-09-04,美股資料為 2026-09-04，較預期的 2026-09-07 舊 3 天（休市或缺值）
2026-09-08,usdtwd,31.621000289916992,ok,Yahoo Finance TWD=X,2026-09-07,
2026-09-08,vix,15.300000190734863,ok,Yahoo Finance ^VIX,2026-09-07,
2026-09-08,volume_lots,12176,ok,TWSE STOCK_DAY,2026-09-08,
2026-09-08,volume_ratio,0.31915640438313475,ok,TWSE STOCK_DAY,2026-09-08,
2026-09-08,wcr,-0.008067969573015078,stale,國泰投信權重 + TWSE 個股收盤,2026-09-24,權重基準日 2026-09-24，非 2026-09-08 當日權重；歷史日的加權貢獻為估計值
2026-09-09,avg_vol20,36875.26805,ok,TWSE STOCK_DAY,2026-09-09,
2026-09-09,breadth_count,6,stale,國泰投信權重 + TWSE 個股收盤,2026-09-24,權重基準日 2026-09-24，非 2026-09-09 當日權重；歷史日的加權貢獻為估計值
2026-09-09,close,50.95,ok,TWSE STOCK_DAY,2026-09-09,
2026-09-09,close_adj,78.45410116860334,ok,TWSE STOCK_DAY,2026-09-09,
2026-09-09,close_adj_gt_ma120,True,ok,TWSE STOCK_DAY,2026-09-09,
2026-09-09,close_adj_gt_ma20,True,ok,TWSE STOCK_DAY,2026-09-09,
2026-09-09,day_direction,up,ok,TWSE STOCK_DAY,2026-09-09,
2026-09-09,drawdown20,-0.007789678675754641,ok,TWSE STOCK_DAY,2026-09-09,
2026-09-09,drawdown60,-0.029003290718678354,ok,TWSE STOCK_DAY,2026-09-09,
2026-09-09,foreign_net_100m,209.24,ok,TWSE BFI82U,2026-09-09,
2026-09-09,high,51.55,ok,TWSE STOCK_DAY,2026-09-09,
2026-09-09,institutional_net,211.25,ok,TWSE BFI82U,2026-09-09,
2026-09-09,institutional_net_100m,211.25,ok,TWSE BFI82U,2026-09-09,
2026-09-09,low,50.85,ok,TWSE STOCK_DAY,2026-09-09,
2026-09-09,ma120,70.28926593956037,ok,TWSE STOCK_DAY,2026-09-09,
2026-09-09,ma20,76.69789107331287,ok,TWSE STOCK_DAY,2026-09-09,
2026-09-09,ma20_gt_ma60,True,ok,TWSE STOCK_DAY,2026-09-09,
2026-09-09,ma60,75.17106996646127,ok,TWSE STOCK_DAY,2026-09-09,
2026-09-09,nav,51.14,ok,國泰投信 cwapi,2026-09-09,
2026-09-09,ndx_ret,-0.0032285852663127557,ok,Yahoo Finance ^IXIC,2026-09-08,
2026-09-09,nvda_ret,-0.020098996659771884,ok,Yahoo Finance NVDA,2026-09-08,
2026-09-09,open,51.05,ok,TWSE STOCK_DAY,2026-09-09,
2026-09-09,premium,-0.0037,ok,國泰投信 cwapi,2026-09-09,
2026-09-09,ret20,0.02837786292306177,ok,TWSE STOCK_DAY,2026-09-09,
2026-09-09,ret5,0.019000000000000128,ok,TWSE STOCK_DAY,2026-09-09,
2026-09-09,ret60,0.020837053662398075,ok,TWSE STOCK_DAY,2026-09-09,
2026-09-09,ret60_positive,True,ok,TWSE STOCK_DAY,2026-09-09,
2026-09-09,rsi14,59.174493542087845,ok,TWSE STOCK_DAY,2026-09-09,
2026-09-09,rv20,0.21720162391497078,ok,TWSE STOCK_DAY,2026-09-09,
2026-09-09,sox_ret,0.013004428927046563,ok,Yahoo Finance ^SOX,2026-09-08,
2026-09-09,stock_foreign_net_lots,109.33,ok,TWSE T86,2026-09-09,
2026-09-09,stock_institutional_net_lots,3678.727,ok,TWSE T86,2026-09-09,
2026-09-09,top_holdings,"[{""code"": ""2330"", ""name"": ""台積電"", ""weight"": 0.3797, ""close"": 2465.0, ""prev_close"": 2470.0, ""ret"": -0.002024291497975672, ""contrib"": -0.0007686234817813627}, {""code"": ""2454"", ""name"": ""聯發科"", ""weight"": 0.1215, ""close"": 4625.0, ""prev_close"": 4710.0, ""ret"": -0.018046709129511673, ""contrib"": -0.0021926751592356683}, {""code"": ""2308"", ""name"": ""台達電"", ""weight"": 0.060700000000000004, ""close"": 1795.0, ""prev_close"": 1805.0, ""ret"": -0.005540166204986097, ""contrib"": -0.0003362880886426561}, {""code"": ""2317"", ""name"": ""鴻海"", ""weight"": 0.046, ""close"": 252.0, ""prev_close"": 251.5, ""ret"": 0.001988071570576455, ""contrib"": 9.145129224651693e-05}, {""code"": ""2303"", ""name"": ""聯電"", ""weight"": 0.0349, ""close"": 141.5, ""prev_close"": 137.0, ""ret"": 0.03284671532846706, ""contrib"": 0.0011463503649635004}, {""code"": ""3037"", ""name"": ""欣興"", ""weight"": 0.0341, ""close"": 993.0, ""prev_close"": 954.0, ""ret"": 0.04088050314465419, ""contrib"": 0.0013940251572327079}, {""code"": ""2059"", ""name"": ""川湖"", ""weight"": 0.026699999999999998, ""close"": 12400.0, ""prev_close"": 12520.0, ""ret"": -0.009584664536741228, ""contrib"": -0.00025591054313099074}, {""code"": ""2383"", ""name"": ""台光電"", ""weight"": 0.024900000000000002, ""close"": 5375.0, ""prev_close"": 5340.0, ""ret"": 0.0065543071161049404, ""contrib"": 0.00016320224719101303}, {""code"": ""3017"", ""name"": ""奇鋐"", ""weight"": 0.0229, ""close"": 3380.0, ""prev_close"": 3285.0, ""ret"": 0.028919330289193246, ""contrib"": 0.0006622526636225253}, {""code"": ""3008"", ""name"": ""大立光"", ""weight"": 0.0208, ""close"": 6870.0, ""prev_close"": 6500.0, ""ret"": 0.056923076923076854, ""contrib"": 0.0011839999999999984}]",stale,國泰投信權重 + TWSE 個股收盤,2026-09-24,權重基準日 2026-09-24，非 2026-09-09 當日權重；歷史日的加權貢獻為估計值
2026-09-09,tsm_ret,0.023524740042760506,ok,Yahoo Finance TSM,2026-09-08,
2026-09-09,turnover_100m,5.1144,ok,TWSE STOCK_DAY,2026-09-09,
2026-09-09,twd_change,-0.003671620448905233,ok,Yahoo Finance TWD=X,2026-09-08,
2026-09-09,us10y,4.806000232696533,ok,Yahoo Finance ^TNX,2026-09-08,
2026-09-09,usdtwd,31.504899978637695,ok,Yahoo Finance TWD=X,2026-09-08,
2026-09-09,vix,15.720000267028809,ok,Yahoo Finance ^VIX,2026-09-08,
2026-09-09,volume_lots,9972,ok,TWSE STOCK_DAY,2026-09-09,
2026-09-09,volume_ratio,0.2704311731776008,ok,TWSE STOCK_DAY,2026-09-09,
2026-09-09,wcr,0.0010877844524655842,stale,國泰投信權重 + TWSE 個股收盤,2026-09-24,權重基準日 2026-09-24，非 2026-09-09 當日權重；歷史日的加權貢獻為估計值
2026-09-10,avg_vol20,34835.4607,ok,TWSE STOCK_DAY,2026-09-10,
2026-09-10,breadth_count,5,stale,國泰投信權重 + TWSE 個股收盤,2026-09-24,權重基準日 2026-09-24，非 2026-09-10 當日權重；歷史日的加權貢獻為估計值
2026-09-10,close,50.5,ok,TWSE STOCK_DAY,2026-09-10,
2026-09-10,close_adj,77.76117976475895,ok,TWSE STOCK_DAY,2026-09-10,
2026-09-10,close_adj_gt_ma120,True,ok,TWSE STOCK_DAY,2026-09-10,
2026-09-10,close_adj_gt_ma20,True,ok,TWSE STOCK_DAY,2026-09-10,
2026-09-10,day_direction,down,ok,TWSE STOCK_DAY,2026-09-10,
2026-09-10,drawdown20,-0.0165530671859786,ok,TWSE STOCK_DAY,2026-09-10,
2026-09-10,drawdown60,-0.03757931661027014,ok,TWSE STOCK_DAY,2026-09-10,
2026-09-10,foreign_net_100m,-383.34,ok,TWSE BFI82U,2026-09-10,
2026-09-10,high,50.65,ok,TWSE STOCK_DAY,2026-09-10,
2026-09-10,institutional_net,-487.47,ok,TWSE BFI82U,2026-09-10,
2026-09-10,institutional_net_100m,-487.47,ok,TWSE BFI82U,2026-09-10,
2026-09-10,low,50.25,ok,TWSE STOCK_DAY,2026-09-10,
2026-09-10,ma120,70.49924111304263,ok,TWSE STOCK_DAY,2026-09-10,
2026-09-10,ma20,76.71161510834956,ok,TWSE STOCK_DAY,2026-09-10,
2026-09-10,ma20_gt_ma60,True,ok,TWSE STOCK_DAY,2026-09-10,
2026-09-10,ma60,75.17916676749155,ok,TWSE STOCK_DAY,2026-09-10,
2026-09-10,nav,50.79,ok,國泰投信 cwapi,2026-09-10,
2026-09-10,ndx_ret,-0.00636114088937989,ok,Yahoo Finance ^IXIC,2026-09-09,
2026-09-10,nvda_ret,-0.009125936284871128,ok,Yahoo Finance NVDA,2026-09-09,
2026-09-10,open,50.65,ok,TWSE STOCK_DAY,2026-09-10,
2026-09-10,premium,-0.005699999999999999,ok,國泰投信 cwapi,2026-09-10,
2026-09-10,ret20,0.0035422944072909246,ok,TWSE STOCK_DAY,2026-09-10,
2026-09-10,ret5,0.014056224899598568,ok,TWSE STOCK_DAY,2026-09-10,
2026-09-10,ret60,0.006286712714694609,ok,TWSE STOCK_DAY,2026-09-10,
2026-09-10,ret60_positive,True,ok,TWSE STOCK_DAY,2026-09-10,
2026-09-10,rsi14,56.06640018043698,ok,TWSE STOCK_DAY,2026-09-10,
2026-09-10,rv20,0.21333733735020088,ok,TWSE STOCK_DAY,2026-09-10,
2026-09-10,sox_ret,0.003655002526455897,ok,Yahoo Finance ^SOX,2026-09-09,
2026-09-10,stock_foreign_net_lots,-2882.905,ok,TWSE T86,2026-09-10,
2026-09-10,stock_institutional_net_lots,-2300.919,ok,TWSE T86,2026-09-10,
2026-09-10,top_holdings,"[{""code"": ""2330"", ""name"": ""台積電"", ""weight"": 0.3797, ""close"": 2450.0, ""prev_close"": 2465.0, ""ret"": -0.006085192697768749, ""contrib"": -0.002310547667342794}, {""code"": ""2454"", ""name"": ""聯發科"", ""weight"": 0.1215, ""close"": 4720.0, ""prev_close"": 4625.0, ""ret"": 0.020540540540540553, ""contrib"": 0.002495675675675677}, {""code"": ""2308"", ""name"": ""台達電"", ""weight"": 0.060700000000000004, ""close"": 1675.0, ""prev_close"": 1795.0, ""ret"": -0.06685236768802227, ""contrib"": -0.004057938718662953}, {""code"": ""2317"", ""name"": ""鴻海"", ""weight"": 0.046, ""close"": 251.0, ""prev_close"": 252.0, ""ret"": -0.003968253968253954, ""contrib"": -0.0001825396825396819}, {""code"": ""2303"", ""name"": ""聯電"", ""weight"": 0.0349, ""close"": 142.5, ""prev_close"": 141.5, ""ret"": 0.007067137809187329, ""contrib"": 0.0002466431095406378}, {""code"": ""3037"", ""name"": ""欣興"", ""weight"": 0.0341, ""close"": 994.0, ""prev_close"": 993.0, ""ret"": 0.001007049345417954, ""contrib"": 3.434038267875223e-05}, {""code"": ""2059"", ""name"": ""川湖"", ""weight"": 0.026699999999999998, ""close"": 12600.0, ""prev_close"": 12400.0, ""ret"": 0.016129032258064502, ""contrib"": 0.00043064516129032214}, {""code"": ""2383"", ""name"": ""台光電"", ""weight"": 0.024900000000000002, ""close"": 5375.0, ""prev_close"": 5375.0, ""ret"": 0.0, ""contrib"": 0.0}, {""code"": ""3017"", ""name"": ""奇鋐"", ""weight"": 0.0229, ""close"": 3460.0, ""prev_close"": 3380.0, ""ret"": 0.023668639053254337, ""contrib"": 0.0005420118343195243}, {""code"": ""3008"", ""name"": ""大立光"", ""weight"": 0.0208, ""close"": 6720.0, ""prev_close"": 6870.0, ""ret"": -0.02183406113537123, ""contrib"": -0.00045414847161572155}]",stale,國泰投信權重 + TWSE 個股收盤,2026-09-24,權重基準日 2026-09-24，非 2026-09-10 當日權重；歷史日的加權貢獻為估計值
2026-09-10,tsm_ret,-0.008291605121725554,ok,Yahoo Finance TSM,2026-09-09,
2026-09-10,turnover_100m,6.0788,ok,TWSE STOCK_DAY,2026-09-10,
2026-09-10,twd_change,-0.00018089750225225298,ok,Yahoo Finance TWD=X,2026-09-09,
2026-09-10,us10y,4.836999893188477,ok,Yahoo Finance ^TNX,2026-09-09,
2026-09-10,usdtwd,31.49920082092285,ok,Yahoo Finance TWD=X,2026-09-09,
2026-09-10,vix,16.459999084472656,ok,Yahoo Finance ^VIX,2026-09-09,
2026-09-10,volume_lots,12043,ok,TWSE STOCK_DAY,2026-09-10,
2026-09-10,volume_ratio,0.34570273388116834,ok,TWSE STOCK_DAY,2026-09-10,
2026-09-10,wcr,-0.0032558583766562365,stale,國泰投信權重 + TWSE 個股收盤,2026-09-24,權重基準日 2026-09-24，非 2026-09-10 當日權重；歷史日的加權貢獻為估計值
2026-09-11,avg_vol20,31603.34965,ok,TWSE STOCK_DAY,2026-09-11,
2026-09-11,breadth_count,0,stale,國泰投信權重 + TWSE 個股收盤,2026-09-24,權重基準日 2026-09-24，非 2026-09-11 當日權重；歷史日的加權貢獻為估計值
2026-09-11,close,49.96,ok,TWSE STOCK_DAY,2026-09-11,
2026-09-11,close_adj,76.9296740801457,ok,TWSE STOCK_DAY,2026-09-11,
2026-09-11,close_adj_gt_ma120,True,ok,TWSE STOCK_DAY,2026-09-11,
2026-09-11,close_adj_gt_ma20,True,ok,TWSE STOCK_DAY,2026-09-11,
2026-09-11,day_direction,down,ok,TWSE STOCK_DAY,2026-09-11,
2026-09-11,drawdown20,-0.027069133398247236,ok,TWSE STOCK_DAY,2026-09-11,
2026-09-11,drawdown60,-0.04787054768017995,ok,TWSE STOCK_DAY,2026-09-11,
2026-09-11,foreign_net_100m,-892.7,ok,TWSE BFI82U,2026-09-11,
2026-09-11,high,50.1,ok,TWSE STOCK_DAY,2026-09-11,
2026-09-11,institutional_net,-1112.59,ok,TWSE BFI82U,2026-09-11,
2026-09-11,institutional_net_100m,-1112.59,ok,TWSE BFI82U,2026-09-11,
2026-09-11,low,49.6,ok,TWSE STOCK_DAY,2026-09-11,
2026-09-11,ma120,70.70381332564983,ok,TWSE STOCK_DAY,2026-09-11,
2026-09-11,ma20,76.69785234989452,ok,TWSE STOCK_DAY,2026-09-11,
2026-09-11,ma20_gt_ma60,True,ok,TWSE STOCK_DAY,2026-09-11,
2026-09-11,ma60,75.17105705865515,ok,TWSE STOCK_DAY,2026-09-11,
2026-09-11,nav,49.91,ok,國泰投信 cwapi,2026-09-11,
2026-09-11,ndx_ret,-0.0065370403021639545,ok,Yahoo Finance ^IXIC,2026-09-10,
2026-09-11,nvda_ret,-0.023740321017854726,ok,Yahoo Finance NVDA,2026-09-10,
2026-09-11,open,49.75,ok,TWSE STOCK_DAY,2026-09-11,
2026-09-11,premium,0.001,ok,國泰投信 cwapi,2026-09-11,
2026-09-11,ret20,-0.0035652538222322727,ok,TWSE STOCK_DAY,2026-09-11,
2026-09-11,ret5,-0.007745779543197551,ok,TWSE STOCK_DAY,2026-09-11,
2026-09-11,ret60,-0.006285275877313312,ok,TWSE STOCK_DAY,2026-09-11,
2026-09-11,ret60_positive,False,ok,TWSE STOCK_DAY,2026-09-11,
2026-09-11,rsi14,52.50265455176033,ok,TWSE STOCK_DAY,2026-09-11,
2026-09-11,rv20,0.21649491732786835,ok,TWSE STOCK_DAY,2026-09-11,
2026-09-11,sox_ret,-0.026581332352022535,ok,Yahoo Finance ^SOX,2026-09-10,
2026-09-11,stock_foreign_net_lots,-8548.483,ok,TWSE T86,2026-09-11,
2026-09-11,stock_institutional_net_lots,-16005.431,ok,TWSE T86,2026-09-11,
2026-09-11,top_holdings,"[{""code"": ""2330"", ""name"": ""台積電"", ""weight"": 0.3797, ""close"": 2410.0, ""prev_close"": 2450.0, ""ret"": -0.01632653061224487, ""contrib"": -0.006199183673469377}, {""code"": ""2454"", ""name"": ""聯發科"", ""weight"": 0.1215, ""close"": 4585.0, ""prev_close"": 4720.0, ""ret"": -0.028601694915254217, ""contrib"": -0.0034751059322033874}, {""code"": ""2308"", ""name"": ""台達電"", ""weight"": 0.060700000000000004, ""close"": 1620.0, ""prev_close"": 1675.0, ""ret"": -0.032835820895522394, ""contrib"": -0.0019931343283582093}, {""code"": ""2317"", ""name"": ""鴻海"", ""weight"": 0.046, ""close"": 248.0, ""prev_close"": 251.0, ""ret"": -0.01195219123505975, ""contrib"": -0.0005498007968127485}, {""code"": ""2303"", ""name"": ""聯電"", ""weight"": 0.0349, ""close"": 140.5, ""prev_close"": 142.5, ""ret"": -0.01403508771929829, ""contrib"": -0.0004898245614035103}, {""code"": ""3037"", ""name"": ""欣興"", ""weight"": 0.0341, ""close"": 977.0, ""prev_close"": 994.0, ""ret"": -0.017102615694164935, ""contrib"": -0.0005831991951710243}, {""code"": ""2059"", ""name"": ""川湖"", ""weight"": 0.026699999999999998, ""close"": 12080.0, ""prev_close"": 12600.0, ""ret"": -0.041269841269841234, ""contrib"": -0.001101904761904761}, {""code"": ""2383"", ""name"": ""台光電"", ""weight"": 0.024900000000000002, ""close"": 5365.0, ""prev_close"": 5375.0, ""ret"": -0.0018604651162790198, ""contrib"": -4.63255813953476e-05}, {""code"": ""3017"", ""name"": ""奇鋐"", ""weight"": 0.0229, ""close"": 3370.0, ""prev_close"": 3460.0, ""ret"": -0.026011560693641633, ""contrib"": -0.0005956647398843934}, {""code"": ""3008"", ""name"": ""大立光"", ""weight"": 0.0208, ""close"": 6660.0, ""prev_close"": 6720.0, ""ret"": -0.008928571428571397, ""contrib"": -0.00018571428571428504}]",stale,國泰投信權重 + TWSE 個股收盤,2026-09-24,權重基準日 2026-09-24，非 2026-09-11 當日權重；歷史日的加權貢獻為估計值
2026-09-11,tsm_ret,-0.016836610664497598,ok,Yahoo Finance TSM,2026-09-10,
2026-09-11,turnover_100m,13.112,ok,TWSE STOCK_DAY,2026-09-11,
2026-09-11,twd_change,-0.0011174924474647296,ok,Yahoo Finance TWD=X,2026-09-10,
2026-09-11,us10y,4.943999767303467,ok,Yahoo Finance ^TNX,2026-09-10,
2026-09-11,usdtwd,31.464000701904297,ok,Yahoo Finance TWD=X,2026-09-10,
2026-09-11,vix,17.84000015258789,ok,Yahoo Finance ^VIX,2026-09-10,
2026-09-11,volume_lots,26334,ok,TWSE STOCK_DAY,2026-09-11,
2026-09-11,volume_ratio,0.8332582239427269,ok,TWSE STOCK_DAY,2026-09-11,
2026-09-11,wcr,-0.015219857856317045,stale,國泰投信權重 + TWSE 個股收盤,2026-09-24,權重基準日 2026-09-24，非 2026-09-11 當日權重；歷史日的加權貢獻為估計值
2026-09-14,avg_vol20,26545.5149,ok,TWSE STOCK_DAY,2026-09-14,
2026-09-14,breadth_count,2,stale,國泰投信權重 + TWSE 個股收盤,2026-09-24,權重基準日 2026-09-24，非 2026-09-14 當日權重；歷史日的加權貢獻為估計值
2026-09-14,close,49.54,ok,TWSE STOCK_DAY,2026-09-14,
2026-09-14,close_adj,76.28294743655759,ok,TWSE STOCK_DAY,2026-09-14,
2026-09-14,close_adj_gt_ma120,True,ok,TWSE STOCK_DAY,2026-09-14,
2026-09-14,close_adj_gt_ma20,False,ok,TWSE STOCK_DAY,2026-09-14,
2026-09-14,day_direction,down,ok,TWSE STOCK_DAY,2026-09-14,
2026-09-14,drawdown20,-0.03524829600778978,ok,TWSE STOCK_DAY,2026-09-14,
2026-09-14,drawdown60,-0.055874838512332325,ok,TWSE STOCK_DAY,2026-09-14,
2026-09-14,foreign_net_100m,-369.64,ok,TWSE BFI82U,2026-09-14,
2026-09-14,high,49.76,ok,TWSE STOCK_DAY,2026-09-14,
2026-09-14,institutional_net,-483.61,ok,TWSE BFI82U,2026-09-14,
2026-09-14,institutional_net_100m,-483.61,ok,TWSE BFI82U,2026-09-14,
2026-09-14,low,48.98,ok,TWSE STOCK_DAY,2026-09-14,
2026-09-14,ma120,70.91403213397261,ok,TWSE STOCK_DAY,2026-09-14,
2026-09-14,ma20,76.62709840046696,ok,TWSE STOCK_DAY,2026-09-14,
2026-09-14,ma20_gt_ma60,True,ok,TWSE STOCK_DAY,2026-09-14,
2026-09-14,ma60,75.14160220437141,ok,TWSE STOCK_DAY,2026-09-14,
2026-09-14,nav,49.49,ok,國泰投信 cwapi,2026-09-14,
2026-09-14,ndx_ret,0.009635804410131898,stale,Yahoo Finance ^IXIC,2026-09-11,美股資料為 2026-09-11，較預期的 2026-09-13 舊 2 天（休市或缺值）
2026-09-14,nvda_ret,-0.00032060507429509943,stale,Yahoo Finance NVDA,2026-09-11,美股資料為 2026-09-11，較預期的 2026-09-13 舊 2 天（休市或缺值）
2026-09-14,open,49.2,ok,TWSE STOCK_DAY,2026-09-14,
2026-09-14,premium,0.001,ok,國泰投信 cwapi,2026-09-14,
2026-09-14,ret20,-0.01821254739224465,ok,TWSE STOCK_DAY,2026-09-14,
2026-09-14,ret5,-0.03524829600778967,ok,TWSE STOCK_DAY,2026-09-14,
2026-09-14,ret60,-0.022642996185600284,ok,TWSE STOCK_DAY,2026-09-14,
2026-09-14,ret60_positive,False,ok,TWSE STOCK_DAY,2026-09-14,
2026-09-14,rsi14,49.84867334247002,ok,TWSE STOCK_DAY,2026-09-14,
2026-09-14,rv20,0.2169924183870147,ok,TWSE STOCK_DAY,2026-09-14,
2026-09-14,sox_ret,0.0180667305142308,stale,Yahoo Finance ^SOX,2026-09-11,美股資料為 2026-09-11，較預期的 2026-09-13 舊 2 天（休市或缺值）
2026-09-14,stock_foreign_net_lots,-7598.807,ok,TWSE T86,2026-09-14,
2026-09-14,stock_institutional_net_lots,-15258.708,ok,TWSE T86,2026-09-14,
2026-09-14,top_holdings,"[{""code"": ""2330"", ""name"": ""台積電"", ""weight"": 0.3797, ""close"": 2380.0, ""prev_close"": 2410.0, ""ret"": -0.012448132780082943, ""contrib"": -0.004726556016597493}, {""code"": ""2454"", ""name"": ""聯發科"", ""weight"": 0.1215, ""close"": 4560.0, ""prev_close"": 4585.0, ""ret"": -0.005452562704471142, ""contrib"": -0.0006624863685932437}, {""code"": ""2308"", ""name"": ""台達電"", ""weight"": 0.060700000000000004, ""close"": 1620.0, ""prev_close"": 1620.0, ""ret"": 0.0, ""contrib"": 0.0}, {""code"": ""2317"", ""name"": ""鴻海"", ""weight"": 0.046, ""close"": 248.5, ""prev_close"": 248.0, ""ret"": 0.002016129032258007, ""contrib"": 9.274193548386833e-05}, {""code"": ""2303"", ""name"": ""聯電"", ""weight"": 0.0349, ""close"": 142.5, ""prev_close"": 140.5, ""ret"": 0.014234875444839812, ""contrib"": 0.0004967971530249095}, {""code"": ""3037"", ""name"": ""欣興"", ""weight"": 0.0341, ""close"": 970.0, ""prev_close"": 977.0, ""ret"": -0.007164790174002067, ""contrib"": -0.00024431934493347046}, {""code"": ""2059"", ""name"": ""川湖"", ""weight"": 0.026699999999999998, ""close"": 11990.0, ""prev_close"": 12080.0, ""ret"": -0.007450331125827825, ""contrib"": -0.0001989238410596029}, {""code"": ""2383"", ""name"": ""台光電"", ""weight"": 0.024900000000000002, ""close"": 5345.0, ""prev_close"": 5365.0, ""ret"": -0.0037278657968312645, ""contrib"": -9.282385834109849e-05}, {""code"": ""3017"", ""name"": ""奇鋐"", ""weight"": 0.0229, ""close"": 3310.0, ""prev_close"": 3370.0, ""ret"": -0.017804154302670572, ""contrib"": -0.0004077151335311561}, {""code"": ""3008"", ""name"": ""大立光"", ""weight"": 0.0208, ""close"": 5995.0, ""prev_close"": 6660.0, ""ret"": -0.0998498498498499, ""contrib"": -0.002076876876876878}]",stale,國泰投信權重 + TWSE 個股收盤,2026-09-24,權重基準日 2026-09-24，非 2026-09-14 當日權重；歷史日的加權貢獻為估計值
2026-09-14,tsm_ret,0.012172024086948507,stale,Yahoo Finance TSM,2026-09-11,美股資料為 2026-09-11，較預期的 2026-09-13 舊 2 天（休市或缺值）
2026-09-14,turnover_100m,12.6791,ok,TWSE STOCK_DAY,2026-09-14,
2026-09-14,twd_change,0.005434767453688316,stale,Yahoo Finance TWD=X,2026-09-11,美股資料為 2026-09-11，較預期的 2026-09-13 舊 2 天（休市或缺值）
2026-09-14,us10y,4.974999904632568,stale,Yahoo Finance ^TNX,2026-09-11,美股資料為 2026-09-11，較預期的 2026-09-13 舊 2 天（休市或缺值）
2026-09-14,usdtwd,31.635000228881836,stale,Yahoo Finance TWD=X,2026-09-11,美股資料為 2026-09-11，較預期的 2026-09-13 舊 2 天（休市或缺值）
2026-09-14,vix,15.84000015258789,stale,Yahoo Finance ^VIX,2026-09-11,美股資料為 2026-09-11，較預期的 2026-09-13 舊 2 天（休市或缺值）
2026-09-14,volume_lots,25644,ok,TWSE STOCK_DAY,2026-09-14,
2026-09-14,volume_ratio,0.9660322316821967,ok,TWSE STOCK_DAY,2026-09-14,
2026-09-14,wcr,-0.007820162351424164,stale,國泰投信權重 + TWSE 個股收盤,2026-09-24,權重基準日 2026-09-24，非 2026-09-14 當日權重；歷史日的加權貢獻為估計值
2026-09-15,avg_vol20,23126.3084,ok,TWSE STOCK_DAY,2026-09-15,
2026-09-15,breadth_count,3,stale,國泰投信權重 + TWSE 個股收盤,2026-09-24,權重基準日 2026-09-24，非 2026-09-15 當日權重；歷史日的加權貢獻為估計值
2026-09-15,close,49.21,ok,TWSE STOCK_DAY,2026-09-15,
2026-09-15,close_adj,75.77480507373838,ok,TWSE STOCK_DAY,2026-09-15,
2026-09-15,close_adj_gt_ma120,True,ok,TWSE STOCK_DAY,2026-09-15,
2026-09-15,close_adj_gt_ma20,False,ok,TWSE STOCK_DAY,2026-09-15,
2026-09-15,day_direction,down,ok,TWSE STOCK_DAY,2026-09-15,
2026-09-15,drawdown20,-0.04167478091528731,ok,TWSE STOCK_DAY,2026-09-15,
2026-09-15,drawdown60,-0.05141271694761251,ok,TWSE STOCK_DAY,2026-09-15,
2026-09-15,foreign_net_100m,-626.99,ok,TWSE BFI82U,2026-09-15,
2026-09-15,high,49.83,ok,TWSE STOCK_DAY,2026-09-15,
2026-09-15,institutional_net,-788.96,ok,TWSE BFI82U,2026-09-15,
2026-09-15,institutional_net_100m,-788.96,ok,TWSE BFI82U,2026-09-15,
2026-09-15,low,49.2,ok,TWSE STOCK_DAY,2026-09-15,
2026-09-15,ma120,71.12142527167913,ok,TWSE STOCK_DAY,2026-09-15,
2026-09-15,ma20,76.60631075835163,ok,TWSE STOCK_DAY,2026-09-15,
2026-09-15,ma20_gt_ma60,True,ok,TWSE STOCK_DAY,2026-09-15,
2026-09-15,ma60,75.05789071580588,ok,TWSE STOCK_DAY,2026-09-15,
2026-09-15,nav,49.05,ok,國泰投信 cwapi,2026-09-15,
2026-09-15,ndx_ret,-0.005568248537587528,ok,Yahoo Finance ^IXIC,2026-09-14,
2026-09-15,nvda_ret,-0.03357912317427003,ok,Yahoo Finance NVDA,2026-09-14,
2026-09-15,open,49.48,ok,TWSE STOCK_DAY,2026-09-15,
2026-09-15,premium,0.0033,ok,國泰投信 cwapi,2026-09-15,
2026-09-15,ret20,-0.005456750202101346,ok,TWSE STOCK_DAY,2026-09-15,
2026-09-15,ret5,-0.03129921259842494,ok,TWSE STOCK_DAY,2026-09-15,
2026-09-15,ret60,-0.062163924166165896,ok,TWSE STOCK_DAY,2026-09-15,
2026-09-15,ret60_positive,False,ok,TWSE STOCK_DAY,2026-09-15,
2026-09-15,rsi14,47.803971929180996,ok,TWSE STOCK_DAY,2026-09-15,
2026-09-15,rv20,0.20701352633916736,ok,TWSE STOCK_DAY,2026-09-15,
2026-09-15,sox_ret,-0.058585903802647166,ok,Yahoo Finance ^SOX,2026-09-14,
2026-09-15,stock_foreign_net_lots,-4244.947,ok,TWSE T86,2026-09-15,
2026-09-15,stock_institutional_net_lots,-10668.812,ok,TWSE T86,2026-09-15,
2026-09-15,top_holdings,"[{""code"": ""2330"", ""name"": ""台積電"", ""weight"": 0.3797, ""close"": 2385.0, ""prev_close"": 2380.0, ""ret"": 0.0021008403361344463, ""contrib"": 0.0007976890756302492}, {""code"": ""2454"", ""name"": ""聯發科"", ""weight"": 0.1215, ""close"": 4430.0, ""prev_close"": 4560.0, ""ret"": -0.028508771929824595, ""contrib"": -0.003463815789473688}, {""code"": ""2308"", ""name"": ""台達電"", ""weight"": 0.060700000000000004, ""close"": 1670.0, ""prev_close"": 1620.0, ""ret"": 0.030864197530864113, ""contrib"": 0.0018734567901234518}, {""code"": ""2317"", ""name"": ""鴻海"", ""weight"": 0.046, ""close"": 246.5, ""prev_close"": 248.5, ""ret"": -0.008048289738430636, ""contrib"": -0.0003702213279678093}, {""code"": ""2303"", ""name"": ""聯電"", ""weight"": 0.0349, ""close"": 138.5, ""prev_close"": 142.5, ""ret"": -0.028070175438596467, ""contrib"": -0.0009796491228070167}, {""code"": ""3037"", ""name"": ""欣興"", ""weight"": 0.0341, ""close"": 951.0, ""prev_close"": 970.0, ""ret"": -0.019587628865979423, ""contrib"": -0.0006679381443298983}, {""code"": ""2059"", ""name"": ""川湖"", ""weight"": 0.026699999999999998, ""close"": 11715.0, ""prev_close"": 11990.0, ""ret"": -0.022935779816513735, ""contrib"": -0.0006123853211009167}, {""code"": ""2383"", ""name"": ""台光電"", ""weight"": 0.024900000000000002, ""close"": 5115.0, ""prev_close"": 5345.0, ""ret"": -0.04303086997193639, ""contrib"": -0.0010714686623012162}, {""code"": ""3017"", ""name"": ""奇鋐"", ""weight"": 0.0229, ""close"": 3115.0, ""prev_close"": 3310.0, ""ret"": -0.05891238670694865, ""contrib"": -0.001349093655589124}, {""code"": ""3008"", ""name"": ""大立光"", ""weight"": 0.0208, ""close"": 6055.0, ""prev_close"": 5995.0, ""ret"": 0.010008340283569561, ""contrib"": 0.00020817347789824686}]",stale,國泰投信權重 + TWSE 個股收盤,2026-09-24,權重基準日 2026-09-24，非 2026-09-15 當日權重；歷史日的加權貢獻為估計值
2026-09-15,tsm_ret,-0.03515368112835304,ok,Yahoo Finance TSM,2026-09-14,
2026-09-15,turnover_100m,10.7719,ok,TWSE STOCK_DAY,2026-09-15,
2026-09-15,twd_change,0.0013023751389060756,ok,Yahoo Finance TWD=X,2026-09-14,
2026-09-15,us10y,4.960999965667725,ok,Yahoo Finance ^TNX,2026-09-14,
2026-09-15,usdtwd,31.67620086669922,ok,Yahoo Finance TWD=X,2026-09-14,
2026-09-15,vix,17.100000381469727,ok,Yahoo Finance ^VIX,2026-09-14,
2026-09-15,volume_lots,21743,ok,TWSE STOCK_DAY,2026-09-15,
2026-09-15,volume_ratio,0.940169638142506,ok,TWSE STOCK_DAY,2026-09-15,
2026-09-15,wcr,-0.0056352526799177205,stale,國泰投信權重 + TWSE 個股收盤,2026-09-24,權重基準日 2026-09-24，非 2026-09-15 當日權重；歷史日的加權貢獻為估計值
2026-09-16,avg_vol20,21414.50365,ok,TWSE STOCK_DAY,2026-09-16,
2026-09-16,breadth_count,8,stale,國泰投信權重 + TWSE 個股收盤,2026-09-24,權重基準日 2026-09-24，非 2026-09-16 當日權重；歷史日的加權貢獻為估計值
2026-09-16,close,49.65,ok,TWSE STOCK_DAY,2026-09-16,
2026-09-16,close_adj,76.452328224164,ok,TWSE STOCK_DAY,2026-09-16,
2026-09-16,close_adj_gt_ma120,True,ok,TWSE STOCK_DAY,2026-09-16,
2026-09-16,close_adj_gt_ma20,False,ok,TWSE STOCK_DAY,2026-09-16,
2026-09-16,day_direction,up,ok,TWSE STOCK_DAY,2026-09-16,
2026-09-16,drawdown20,-0.033106134371957086,ok,TWSE STOCK_DAY,2026-09-16,
2026-09-16,drawdown60,-0.033106134371957086,ok,TWSE STOCK_DAY,2026-09-16,
2026-09-16,foreign_net_100m,-179.8,ok,TWSE BFI82U,2026-09-16,
2026-09-16,high,50.05,ok,TWSE STOCK_DAY,2026-09-16,
2026-09-16,institutional_net,-203.09,ok,TWSE BFI82U,2026-09-16,
2026-09-16,institutional_net_100m,-203.09,ok,TWSE BFI82U,2026-09-16,
2026-09-16,low,49.3,ok,TWSE STOCK_DAY,2026-09-16,
2026-09-16,ma120,71.31967152036334,ok,TWSE STOCK_DAY,2026-09-16,
2026-09-16,ma20,76.69177106482577,ok,TWSE STOCK_DAY,2026-09-16,
2026-09-16,ma20_gt_ma60,True,ok,TWSE STOCK_DAY,2026-09-16,
2026-09-16,ma60,75.00073381138128,ok,TWSE STOCK_DAY,2026-09-16,
2026-09-16,nav,49.57,ok,國泰投信 cwapi,2026-09-16,
2026-09-16,ndx_ret,-0.007822372082609053,ok,Yahoo Finance ^IXIC,2026-09-15,
2026-09-16,nvda_ret,0.005735643802473378,ok,Yahoo Finance NVDA,2026-09-15,
2026-09-16,open,49.42,ok,TWSE STOCK_DAY,2026-09-16,
2026-09-16,premium,0.0016,ok,國泰投信 cwapi,2026-09-16,
2026-09-16,ret20,0.022867737948083944,ok,TWSE STOCK_DAY,2026-09-16,
2026-09-16,ret5,-0.025515210991167825,ok,TWSE STOCK_DAY,2026-09-16,
2026-09-16,ret60,-0.042931139940031726,ok,TWSE STOCK_DAY,2026-09-16,
2026-09-16,ret60_positive,False,ok,TWSE STOCK_DAY,2026-09-16,
2026-09-16,rsi14,50.707212919596714,ok,TWSE STOCK_DAY,2026-09-16,
2026-09-16,rv20,0.19685957087551956,ok,TWSE STOCK_DAY,2026-09-16,
2026-09-16,sox_ret,0.003977038594171534,ok,Yahoo Finance ^SOX,2026-09-15,
2026-09-16,stock_foreign_net_lots,-343.84,ok,TWSE T86,2026-09-16,
2026-09-16,stock_institutional_net_lots,-1347.118,ok,TWSE T86,2026-09-16,
2026-09-16,top_holdings,"[{""code"": ""2330"", ""name"": ""台積電"", ""weight"": 0.3797, ""close"": 2380.0, ""prev_close"": 2385.0, ""ret"": -0.002096436058700246, ""contrib"": -0.0007960167714884834}, {""code"": ""2454"", ""name"": ""聯發科"", ""weight"": 0.1215, ""close"": 4530.0, ""prev_close"": 4430.0, ""ret"": 0.02257336343115135, ""contrib"": 0.0027426636568848887}, {""code"": ""2308"", ""name"": ""台達電"", ""weight"": 0.060700000000000004, ""close"": 1710.0, ""prev_close"": 1670.0, ""ret"": 0.0239520958083832, ""contrib"": 0.0014538922155688603}, {""code"": ""2317"", ""name"": ""鴻海"", ""weight"": 0.046, ""close"": 248.0, ""prev_close"": 246.5, ""ret"": 0.006085192697768749, ""contrib"": 0.00027991886409736244}, {""code"": ""2303"", ""name"": ""聯電"", ""weight"": 0.0349, ""close"": 142.0, ""prev_close"": 138.5, ""ret"": 0.025270758122743597, ""contrib"": 0.0008819494584837515}, {""code"": ""3037"", ""name"": ""欣興"", ""weight"": 0.0341, ""close"": 961.0, ""prev_close"": 951.0, ""ret"": 0.01051524710830698, ""contrib"": 0.000358569926393268}, {""code"": ""2059"", ""name"": ""川湖"", ""weight"": 0.026699999999999998, ""close"": 12045.0, ""prev_close"": 11715.0, ""ret"": 0.028169014084507005, ""contrib"": 0.000752112676056337}, {""code"": ""2383"", ""name"": ""台光電"", ""weight"": 0.024900000000000002, ""close"": 5085.0, ""prev_close"": 5115.0, ""ret"": -0.0058651026392961825, ""contrib"": -0.00014604105571847497}, {""code"": ""3017"", ""name"": ""奇鋐"", ""weight"": 0.0229, ""close"": 3175.0, ""prev_close"": 3115.0, ""ret"": 0.019261637239165408, ""contrib"": 0.0004410914927768878}, {""code"": ""3008"", ""name"": ""大立光"", ""weight"": 0.0208, ""close"": 6225.0, ""prev_close"": 6055.0, ""ret"": 0.02807597027250197, ""contrib"": 0.000583980181668041}]",stale,國泰投信權重 + TWSE 個股收盤,2026-09-24,權重基準日 2026-09-24，非 2026-09-16 當日權重；歷史日的加權貢獻為估計值
2026-09-16,tsm_ret,-0.010191166876634239,ok,Yahoo Finance TSM,2026-09-15,
2026-09-16,turnover_100m,6.5475,ok,TWSE STOCK_DAY,2026-09-16,
2026-09-16,twd_change,0.0013069434131136592,ok,Yahoo Finance TWD=X,2026-09-15,
2026-09-16,us10y,4.995999813079834,ok,Yahoo Finance ^TNX,2026-09-15,
2026-09-16,usdtwd,31.717599868774414,ok,Yahoo Finance TWD=X,2026-09-15,
2026-09-16,vix,17.200000762939453,ok,Yahoo Finance ^VIX,2026-09-15,
2026-09-16,volume_lots,13177,ok,TWSE STOCK_DAY,2026-09-16,
2026-09-16,volume_ratio,0.6153134443534021,ok,TWSE STOCK_DAY,2026-09-16,
2026-09-16,wcr,0.0065521206447224385,stale,國泰投信權重 + TWSE 個股收盤,2026-09-24,權重基準日 2026-09-24，非 2026-09-16 當日權重；歷史日的加權貢獻為估計值
2026-09-17,avg_vol20,20309.27285,ok,TWSE STOCK_DAY,2026-09-17,
2026-09-17,breadth_count,5,stale,國泰投信權重 + TWSE 個股收盤,2026-09-24,權重基準日 2026-09-24，非 2026-09-17 當日權重；歷史日的加權貢獻為估計值
2026-09-17,close,49.81,ok,TWSE STOCK_DAY,2026-09-17,
2026-09-17,close_adj,76.69870027886424,ok,TWSE STOCK_DAY,2026-09-17,
2026-09-17,close_adj_gt_ma120,True,ok,TWSE STOCK_DAY,2026-09-17,
2026-09-17,close_adj_gt_ma20,False,ok,TWSE STOCK_DAY,2026-09-17,
2026-09-17,day_direction,up,ok,TWSE STOCK_DAY,2026-09-17,
2026-09-17,drawdown20,-0.029990262901655185,ok,TWSE STOCK_DAY,2026-09-17,
2026-09-17,drawdown60,-0.029990262901655185,ok,TWSE STOCK_DAY,2026-09-17,
2026-09-17,foreign_net_100m,121.85,ok,TWSE BFI82U,2026-09-17,
2026-09-17,high,50.8,ok,TWSE STOCK_DAY,2026-09-17,
2026-09-17,institutional_net,254.66,ok,TWSE BFI82U,2026-09-17,
2026-09-17,institutional_net_100m,254.66,ok,TWSE BFI82U,2026-09-17,
2026-09-17,low,49.81,ok,TWSE STOCK_DAY,2026-09-17,
2026-09-17,ma120,71.52137971857728,ok,TWSE STOCK_DAY,2026-09-17,
2026-09-17,ma20,76.77877119664178,ok,TWSE STOCK_DAY,2026-09-17,
2026-09-17,ma20_gt_ma60,True,ok,TWSE STOCK_DAY,2026-09-17,
2026-09-17,ma60,74.97938221203091,ok,TWSE STOCK_DAY,2026-09-17,
2026-09-17,nav,49.72,ok,國泰投信 cwapi,2026-09-17,
2026-09-17,ndx_ret,-0.00012087895235834978,ok,Yahoo Finance ^IXIC,2026-09-16,
2026-09-17,nvda_ret,0.008153818836165172,ok,Yahoo Finance NVDA,2026-09-16,
2026-09-17,open,50.2,ok,TWSE STOCK_DAY,2026-09-17,
2026-09-17,premium,0.0018,ok,國泰投信 cwapi,2026-09-17,
2026-09-17,ret20,0.023212818405916602,ok,TWSE STOCK_DAY,2026-09-17,
2026-09-17,ret5,-0.013663366336633342,ok,TWSE STOCK_DAY,2026-09-17,
2026-09-17,ret60,-0.016428562561021987,ok,TWSE STOCK_DAY,2026-09-17,
2026-09-17,ret60_positive,False,ok,TWSE STOCK_DAY,2026-09-17,
2026-09-17,rsi14,51.758019418314326,ok,TWSE STOCK_DAY,2026-09-17,
2026-09-17,rv20,0.19690153624674422,ok,TWSE STOCK_DAY,2026-09-17,
2026-09-17,sox_ret,0.0063138322595461815,ok,Yahoo Finance ^SOX,2026-09-16,
2026-09-17,stock_foreign_net_lots,-710.842,ok,TWSE T86,2026-09-17,
2026-09-17,stock_institutional_net_lots,1676.627,ok,TWSE T86,2026-09-17,
2026-09-17,top_holdings,"[{""code"": ""2330"", ""name"": ""台積電"", ""weight"": 0.3797, ""close"": 2425.0, ""prev_close"": 2380.0, ""ret"": 0.018907563025210017, ""contrib"": 0.007179201680672243}, {""code"": ""2454"", ""name"": ""聯發科"", ""weight"": 0.1215, ""close"": 4500.0, ""prev_close"": 4530.0, ""ret"": -0.0066225165562914245, ""contrib"": -0.000804635761589408}, {""code"": ""2308"", ""name"": ""台達電"", ""weight"": 0.060700000000000004, ""close"": 1685.0, ""prev_close"": 1710.0, ""ret"": -0.014619883040935644, ""contrib"": -0.0008874269005847937}, {""code"": ""2317"", ""name"": ""鴻海"", ""weight"": 0.046, ""close"": 250.5, ""prev_close"": 248.0, ""ret"": 0.010080645161290258, ""contrib"": 0.00046370967741935187}, {""code"": ""2303"", ""name"": ""聯電"", ""weight"": 0.0349, ""close"": 147.5, ""prev_close"": 142.0, ""ret"": 0.03873239436619724, ""contrib"": 0.0013517605633802839}, {""code"": ""3037"", ""name"": ""欣興"", ""weight"": 0.0341, ""close"": 940.0, ""prev_close"": 961.0, ""ret"": -0.02185223725286156, ""contrib"": -0.0007451612903225792}, {""code"": ""2059"", ""name"": ""川湖"", ""weight"": 0.026699999999999998, ""close"": 12295.0, ""prev_close"": 12045.0, ""ret"": 0.02075550020755501, ""contrib"": 0.0005541718555417187}, {""code"": ""2383"", ""name"": ""台光電"", ""weight"": 0.024900000000000002, ""close"": 4695.0, ""prev_close"": 5085.0, ""ret"": -0.07669616519174038, ""contrib"": -0.0019097345132743357}, {""code"": ""3017"", ""name"": ""奇鋐"", ""weight"": 0.0229, ""close"": 3185.0, ""prev_close"": 3175.0, ""ret"": 0.0031496062992126816, ""contrib"": 7.21259842519704e-05}, {""code"": ""3008"", ""name"": ""大立光"", ""weight"": 0.0208, ""close"": 6020.0, ""prev_close"": 6225.0, ""ret"": -0.032931726907630576, ""contrib"": -0.0006849799196787159}]",stale,國泰投信權重 + TWSE 個股收盤,2026-09-24,權重基準日 2026-09-24，非 2026-09-17 當日權重；歷史日的加權貢獻為估計值
2026-09-17,tsm_ret,0.009595169113481905,ok,Yahoo Finance TSM,2026-09-16,
2026-09-17,turnover_100m,6.1279,ok,TWSE STOCK_DAY,2026-09-17,
2026-09-17,twd_change,0.0017592593539166312,ok,Yahoo Finance TWD=X,2026-09-16,
2026-09-17,us10y,5.00600004196167,ok,Yahoo Finance ^TNX,2026-09-16,
2026-09-17,usdtwd,31.773399353027344,ok,Yahoo Finance TWD=X,2026-09-16,
2026-09-17,vix,17.709999084472656,ok,Yahoo Finance ^VIX,2026-09-16,
2026-09-17,volume_lots,12185,ok,TWSE STOCK_DAY,2026-09-17,
2026-09-17,volume_ratio,0.5999752965059997,ok,TWSE STOCK_DAY,2026-09-17,
2026-09-17,wcr,0.004589031375815735,stale,國泰投信權重 + TWSE 個股收盤,2026-09-24,權重基準日 2026-09-24，非 2026-09-17 當日權重；歷史日的加權貢獻為估計值
2026-09-18,avg_vol20,20308.46585,ok,TWSE STOCK_DAY,2026-09-18,
2026-09-18,breadth_count,9,stale,國泰投信權重 + TWSE 個股收盤,2026-09-24,權重基準日 2026-09-24，非 2026-09-18 當日權重；歷史日的加權貢獻為估計值
2026-09-18,close,51.0,ok,TWSE STOCK_DAY,2026-09-18,
2026-09-18,close_adj,78.53109243569718,ok,TWSE STOCK_DAY,2026-09-18,
2026-09-18,close_adj_gt_ma120,True,ok,TWSE STOCK_DAY,2026-09-18,
2026-09-18,close_adj_gt_ma20,True,ok,TWSE STOCK_DAY,2026-09-18,
2026-09-18,day_direction,up,ok,TWSE STOCK_DAY,2026-09-18,
2026-09-18,drawdown20,-0.006815968841285103,ok,TWSE STOCK_DAY,2026-09-18,
2026-09-18,drawdown60,-0.006815968841285103,ok,TWSE STOCK_DAY,2026-09-18,
2026-09-18,foreign_net_100m,869.94,ok,TWSE BFI82U,2026-09-18,
2026-09-18,high,51.05,ok,TWSE STOCK_DAY,2026-09-18,
2026-09-18,institutional_net,1194.51,ok,TWSE BFI82U,2026-09-18,
2026-09-18,institutional_net_100m,1194.51,ok,TWSE BFI82U,2026-09-18,
2026-09-18,low,50.5,ok,TWSE STOCK_DAY,2026-09-18,
2026-09-18,ma120,71.74152776184773,ok,TWSE STOCK_DAY,2026-09-18,
2026-09-18,ma20,76.9643201503379,ok,TWSE STOCK_DAY,2026-09-18,
2026-09-18,ma20_gt_ma60,True,ok,TWSE STOCK_DAY,2026-09-18,
2026-09-18,ma60,74.98857048196108,ok,TWSE STOCK_DAY,2026-09-18,
2026-09-18,nav,51.15,ok,國泰投信 cwapi,2026-09-18,
2026-09-18,ndx_ret,0.016932166379619584,ok,Yahoo Finance ^IXIC,2026-09-17,
2026-09-18,nvda_ret,0.025432457207263504,ok,Yahoo Finance NVDA,2026-09-17,
2026-09-18,open,50.5,ok,TWSE STOCK_DAY,2026-09-18,
2026-09-18,premium,-0.0029,ok,國泰投信 cwapi,2026-09-18,
2026-09-18,ret20,0.04959868285655533,ok,TWSE STOCK_DAY,2026-09-18,
2026-09-18,ret5,0.020816653322658363,ok,TWSE STOCK_DAY,2026-09-18,
2026-09-18,ret60,0.0070697311661889195,ok,TWSE STOCK_DAY,2026-09-18,
2026-09-18,ret60_positive,True,ok,TWSE STOCK_DAY,2026-09-18,
2026-09-18,rsi14,58.79381822066232,ok,TWSE STOCK_DAY,2026-09-18,
2026-09-18,rv20,0.21218454749764543,ok,TWSE STOCK_DAY,2026-09-18,
2026-09-18,sox_ret,0.031422409327808376,ok,Yahoo Finance ^SOX,2026-09-17,
2026-09-18,stock_foreign_net_lots,4234.0,ok,TWSE T86,2026-09-18,
2026-09-18,stock_institutional_net_lots,11226.546,ok,TWSE T86,2026-09-18,
2026-09-18,top_holdings,"[{""code"": ""2330"", ""name"": ""台積電"", ""weight"": 0.3797, ""close"": 2460.0, ""prev_close"": 2425.0, ""ret"": 0.014432989690721598, ""contrib"": 0.00548020618556699}, {""code"": ""2454"", ""name"": ""聯發科"", ""weight"": 0.1215, ""close"": 4710.0, ""prev_close"": 4500.0, ""ret"": 0.046666666666666634, ""contrib"": 0.005669999999999996}, {""code"": ""2308"", ""name"": ""台達電"", ""weight"": 0.060700000000000004, ""close"": 1735.0, ""prev_close"": 1685.0, ""ret"": 0.029673590504450953, ""contrib"": 0.0018011869436201729}, {""code"": ""2317"", ""name"": ""鴻海"", ""weight"": 0.046, ""close"": 250.5, ""prev_close"": 250.5, ""ret"": 0.0, ""contrib"": 0.0}, {""code"": ""2303"", ""name"": ""聯電"", ""weight"": 0.0349, ""close"": 156.0, ""prev_close"": 147.5, ""ret"": 0.057627118644067776, ""contrib"": 0.0020111864406779653}, {""code"": ""3037"", ""name"": ""欣興"", ""weight"": 0.0341, ""close"": 981.0, ""prev_close"": 940.0, ""ret"": 0.043617021276595835, ""contrib"": 0.0014873404255319178}, {""code"": ""2059"", ""name"": ""川湖"", ""weight"": 0.026699999999999998, ""close"": 12495.0, ""prev_close"": 12295.0, ""ret"": 0.016266775111834164, ""contrib"": 0.00043432289548597216}, {""code"": ""2383"", ""name"": ""台光電"", ""weight"": 0.024900000000000002, ""close"": 4890.0, ""prev_close"": 4695.0, ""ret"": 0.04153354632587858, ""contrib"": 0.0010341853035143768}, {""code"": ""3017"", ""name"": ""奇鋐"", ""weight"": 0.0229, ""close"": 3430.0, ""prev_close"": 3185.0, ""ret"": 0.07692307692307687, ""contrib"": 0.0017615384615384604}, {""code"": ""3008"", ""name"": ""大立光"", ""weight"": 0.0208, ""close"": 6430.0, ""prev_close"": 6020.0, ""ret"": 0.06810631229235886, ""contrib"": 0.0014166112956810642}]",stale,國泰投信權重 + TWSE 個股收盤,2026-09-24,權重基準日 2026-09-24，非 2026-09-18 當日權重；歷史日的加權貢獻為估計值
2026-09-18,tsm_ret,0.03002012953240496,ok,Yahoo Finance TSM,2026-09-17,
2026-09-18,turnover_100m,9.1006,ok,TWSE STOCK_DAY,2026-09-18,
2026-09-18,twd_change,0.0027129836865602552,ok,Yahoo Finance TWD=X,2026-09-17,
2026-09-18,us10y,4.947000026702881,ok,Yahoo Finance ^TNX,2026-09-17,
2026-09-18,usdtwd,31.859600067138672,ok,Yahoo Finance TWD=X,2026-09-17,
2026-09-18,vix,15.4399995803833,ok,Yahoo Finance ^VIX,2026-09-17,
2026-09-18,volume_lots,17932,ok,TWSE STOCK_DAY,2026-09-18,
2026-09-18,volume_ratio,0.8829758058755579,ok,TWSE STOCK_DAY,2026-09-18,
2026-09-18,wcr,0.021096577951616916,stale,國泰投信權重 + TWSE 個股收盤,2026-09-24,權重基準日 2026-09-24，非 2026-09-18 當日權重；歷史日的加權貢獻為估計值
2026-09-21,avg_vol20,19744.84095,ok,TWSE STOCK_DAY,2026-09-21,
2026-09-21,breadth_count,7,stale,國泰投信權重 + TWSE 個股收盤,2026-09-24,權重基準日 2026-09-24，非 2026-09-21 當日權重；歷史日的加權貢獻為估計值
2026-09-21,close,51.8,ok,TWSE STOCK_DAY,2026-09-21,
2026-09-21,close_adj,79.7629527091983,ok,TWSE STOCK_DAY,2026-09-21,
2026-09-21,close_adj_gt_ma120,True,ok,TWSE STOCK_DAY,2026-09-21,
2026-09-21,close_adj_gt_ma20,True,ok,TWSE STOCK_DAY,2026-09-21,
2026-09-21,day_direction,up,ok,TWSE STOCK_DAY,2026-09-21,
2026-09-21,drawdown20,0.0,ok,TWSE STOCK_DAY,2026-09-21,
2026-09-21,drawdown60,0.0,ok,TWSE STOCK_DAY,2026-09-21,
2026-09-21,foreign_net_100m,204.79,ok,TWSE BFI82U,2026-09-21,
2026-09-21,high,51.85,ok,TWSE STOCK_DAY,2026-09-21,
2026-09-21,institutional_net,478.05,ok,TWSE BFI82U,2026-09-21,
2026-09-21,institutional_net_100m,478.05,ok,TWSE BFI82U,2026-09-21,
2026-09-21,low,51.35,ok,TWSE STOCK_DAY,2026-09-21,
2026-09-21,ma120,71.98027699775123,ok,TWSE STOCK_DAY,2026-09-21,
2026-09-21,ma20,77.22147098243127,ok,TWSE STOCK_DAY,2026-09-21,
2026-09-21,ma20_gt_ma60,True,ok,TWSE STOCK_DAY,2026-09-21,
2026-09-21,ma60,75.0805139238798,ok,TWSE STOCK_DAY,2026-09-21,
2026-09-21,nav,52.05,ok,國泰投信 cwapi,2026-09-21,
2026-09-21,ndx_ret,0.003945684550763495,stale,Yahoo Finance ^IXIC,2026-09-18,美股資料為 2026-09-18，較預期的 2026-09-20 舊 2 天（休市或缺值）
2026-09-21,nvda_ret,0.013358292985729214,stale,Yahoo Finance NVDA,2026-09-18,美股資料為 2026-09-18，較預期的 2026-09-20 舊 2 天（休市或缺值）
2026-09-21,open,51.35,ok,TWSE STOCK_DAY,2026-09-21,
2026-09-21,premium,-0.0048,ok,國泰投信 cwapi,2026-09-21,
2026-09-21,ret20,0.06892282294676022,ok,TWSE STOCK_DAY,2026-09-21,
2026-09-21,ret5,0.045619701251514266,ok,TWSE STOCK_DAY,2026-09-21,
2026-09-21,ret60,0.07430138717807533,ok,TWSE STOCK_DAY,2026-09-21,
2026-09-21,ret60_positive,True,ok,TWSE STOCK_DAY,2026-09-21,
2026-09-21,rsi14,62.72918225918397,ok,TWSE STOCK_DAY,2026-09-21,
2026-09-21,rv20,0.21620796057710767,ok,TWSE STOCK_DAY,2026-09-21,
2026-09-21,sox_ret,0.027777099579571418,stale,Yahoo Finance ^SOX,2026-09-18,美股資料為 2026-09-18，較預期的 2026-09-20 舊 2 天（休市或缺值）
2026-09-21,stock_foreign_net_lots,5048.387,ok,TWSE T86,2026-09-21,
2026-09-21,stock_institutional_net_lots,8092.11,ok,TWSE T86,2026-09-21,
2026-09-21,top_holdings,"[{""code"": ""2330"", ""name"": ""台積電"", ""weight"": 0.3797, ""close"": 2480.0, ""prev_close"": 2460.0, ""ret"": 0.008130081300812941, ""contrib"": 0.003086991869918674}, {""code"": ""2454"", ""name"": ""聯發科"", ""weight"": 0.1215, ""close"": 5010.0, ""prev_close"": 4710.0, ""ret"": 0.06369426751592355, ""contrib"": 0.007738853503184711}, {""code"": ""2308"", ""name"": ""台達電"", ""weight"": 0.060700000000000004, ""close"": 1875.0, ""prev_close"": 1735.0, ""ret"": 0.08069164265129691, ""contrib"": 0.004897982708933723}, {""code"": ""2317"", ""name"": ""鴻海"", ""weight"": 0.046, ""close"": 250.0, ""prev_close"": 250.5, ""ret"": -0.001996007984031989, ""contrib"": -9.181636726547148e-05}, {""code"": ""2303"", ""name"": ""聯電"", ""weight"": 0.0349, ""close"": 157.0, ""prev_close"": 156.0, ""ret"": 0.0064102564102563875, ""contrib"": 0.00022371794871794794}, {""code"": ""3037"", ""name"": ""欣興"", ""weight"": 0.0341, ""close"": 1020.0, ""prev_close"": 981.0, ""ret"": 0.039755351681957096, ""contrib"": 0.001355657492354737}, {""code"": ""2059"", ""name"": ""川湖"", ""weight"": 0.026699999999999998, ""close"": 12800.0, ""prev_close"": 12495.0, ""ret"": 0.024409763905562265, ""contrib"": 0.0006517406962785124}, {""code"": ""2383"", ""name"": ""台光電"", ""weight"": 0.024900000000000002, ""close"": 4895.0, ""prev_close"": 4890.0, ""ret"": 0.0010224948875254825, ""contrib"": 2.5460122699384514e-05}, {""code"": ""3017"", ""name"": ""奇鋐"", ""weight"": 0.0229, ""close"": 3415.0, ""prev_close"": 3430.0, ""ret"": -0.004373177842565634, ""contrib"": -0.00010014577259475302}, {""code"": ""3008"", ""name"": ""大立光"", ""weight"": 0.0208, ""close"": 6400.0, ""prev_close"": 6430.0, ""ret"": -0.004665629860031051, ""contrib"": -9.704510108864585e-05}]",stale,國泰投信權重 + TWSE 個股收盤,2026-09-24,權重基準日 2026-09-24，非 2026-09-21 當日權重；歷史日的加權貢獻為估計值
2026-09-21,tsm_ret,0.010249624789697709,stale,Yahoo Finance TSM,2026-09-18,美股資料為 2026-09-18，較預期的 2026-09-20 舊 2 天（休市或缺值）
2026-09-21,turnover_100m,9.5622,ok,TWSE STOCK_DAY,2026-09-21,
2026-09-21,twd_change,-0.00026676874442554954,stale,Yahoo Finance TWD=X,2026-09-18,美股資料為 2026-09-18，較預期的 2026-09-20 舊 2 天（休市或缺值）
2026-09-21,us10y,4.998000144958496,stale,Yahoo Finance ^TNX,2026-09-18,美股資料為 2026-09-18，較預期的 2026-09-20 舊 2 天（休市或缺值）
2026-09-21,usdtwd,31.85110092163086,stale,Yahoo Finance TWD=X,2026-09-18,美股資料為 2026-09-18，較預期的 2026-09-20 舊 2 天（休市或缺值）
2026-09-21,vix,14.8100004196167,stale,Yahoo Finance ^VIX,2026-09-18,美股資料為 2026-09-18，較預期的 2026-09-20 舊 2 天（休市或缺值）
2026-09-21,volume_lots,18511,ok,TWSE STOCK_DAY,2026-09-21,
2026-09-21,volume_ratio,0.9375136040282968,ok,TWSE STOCK_DAY,2026-09-21,
2026-09-21,wcr,0.017691397101138817,stale,國泰投信權重 + TWSE 個股收盤,2026-09-24,權重基準日 2026-09-24，非 2026-09-21 當日權重；歷史日的加權貢獻為估計值
2026-09-22,avg_vol20,19140.23045,ok,TWSE STOCK_DAY,2026-09-22,
2026-09-22,breadth_count,6,stale,國泰投信權重 + TWSE 個股收盤,2026-09-24,權重基準日 2026-09-24，非 2026-09-22 當日權重；歷史日的加權貢獻為估計值
2026-09-22,close,52.2,ok,TWSE STOCK_DAY,2026-09-22,
2026-09-22,close_adj,80.37888284594888,ok,TWSE STOCK_DAY,2026-09-22,
2026-09-22,close_adj_gt_ma120,True,ok,TWSE STOCK_DAY,2026-09-22,
2026-09-22,close_adj_gt_ma20,True,ok,TWSE STOCK_DAY,2026-09-22,
2026-09-22,day_direction,up,ok,TWSE STOCK_DAY,2026-09-22,
2026-09-22,drawdown20,0.0,ok,TWSE STOCK_DAY,2026-09-22,
2026-09-22,drawdown60,0.0,ok,TWSE STOCK_DAY,2026-09-22,
2026-09-22,foreign_net_100m,453.21,ok,TWSE BFI82U,2026-09-22,
2026-09-22,high,53.15,ok,TWSE STOCK_DAY,2026-09-22,
2026-09-22,institutional_net,608.09,ok,TWSE BFI82U,2026-09-22,
2026-09-22,institutional_net_100m,608.09,ok,TWSE BFI82U,2026-09-22,
2026-09-22,low,52.2,ok,TWSE STOCK_DAY,2026-09-22,
2026-09-22,ma120,72.23695603054884,ok,TWSE STOCK_DAY,2026-09-22,
2026-09-22,ma20,77.5063386706784,ok,TWSE STOCK_DAY,2026-09-22,
2026-09-22,ma20_gt_ma60,True,ok,TWSE STOCK_DAY,2026-09-22,
2026-09-22,ma60,75.17567862270825,ok,TWSE STOCK_DAY,2026-09-22,
2026-09-22,nav,52.4,ok,國泰投信 cwapi,2026-09-22,
2026-09-22,ndx_ret,0.02260533125569797,ok,Yahoo Finance ^IXIC,2026-09-21,
2026-09-22,nvda_ret,0.022990059441793553,ok,Yahoo Finance NVDA,2026-09-21,
2026-09-22,open,52.95,ok,TWSE STOCK_DAY,2026-09-22,
2026-09-22,premium,-0.0038,ok,國泰投信 cwapi,2026-09-22,
2026-09-22,ret20,0.07628865979381505,ok,TWSE STOCK_DAY,2026-09-22,
2026-09-22,ret5,0.06076000812842941,ok,TWSE STOCK_DAY,2026-09-22,
2026-09-22,ret60,0.07646924238495467,ok,TWSE STOCK_DAY,2026-09-22,
2026-09-22,ret60_positive,True,ok,TWSE STOCK_DAY,2026-09-22,
2026-09-22,rsi14,64.55210266135394,ok,TWSE STOCK_DAY,2026-09-22,
2026-09-22,rv20,0.21649358078938896,ok,TWSE STOCK_DAY,2026-09-22,
2026-09-22,sox_ret,0.042903269062733784,ok,Yahoo Finance ^SOX,2026-09-21,
2026-09-22,stock_foreign_net_lots,1920.808,ok,TWSE T86,2026-09-22,
2026-09-22,stock_institutional_net_lots,8230.202,ok,TWSE T86,2026-09-22,
2026-09-22,top_holdings,"[{""code"": ""2330"", ""name"": ""台積電"", ""weight"": 0.3797, ""close"": 2460.0, ""prev_close"": 2480.0, ""ret"": -0.008064516129032251, ""contrib"": -0.0030620967741935455}, {""code"": ""2454"", ""name"": ""聯發科"", ""weight"": 0.1215, ""close"": 5180.0, ""prev_close"": 5010.0, ""ret"": 0.03393213572854292, ""contrib"": 0.004122754491017965}, {""code"": ""2308"", ""name"": ""台達電"", ""weight"": 0.060700000000000004, ""close"": 1900.0, ""prev_close"": 1875.0, ""ret"": 0.01333333333333342, ""contrib"": 0.0008093333333333385}, {""code"": ""2317"", ""name"": ""鴻海"", ""weight"": 0.046, ""close"": 253.0, ""prev_close"": 250.0, ""ret"": 0.01200000000000001, ""contrib"": 0.0005520000000000005}, {""code"": ""2303"", ""name"": ""聯電"", ""weight"": 0.0349, ""close"": 160.0, ""prev_close"": 157.0, ""ret"": 0.019108280254777066, ""contrib"": 0.0006668789808917196}, {""code"": ""3037"", ""name"": ""欣興"", ""weight"": 0.0341, ""close"": 1120.0, ""prev_close"": 1020.0, ""ret"": 0.0980392156862746, ""contrib"": 0.003343137254901964}, {""code"": ""2059"", ""name"": ""川湖"", ""weight"": 0.026699999999999998, ""close"": 12670.0, ""prev_close"": 12800.0, ""ret"": -0.010156249999999978, ""contrib"": -0.0002711718749999994}, {""code"": ""2383"", ""name"": ""台光電"", ""weight"": 0.024900000000000002, ""close"": 4860.0, ""prev_close"": 4895.0, ""ret"": -0.007150153217568955, ""contrib"": -0.000178038815117467}, {""code"": ""3017"", ""name"": ""奇鋐"", ""weight"": 0.0229, ""close"": 3390.0, ""prev_close"": 3415.0, ""ret"": -0.007320644216691097, ""contrib"": -0.00016764275256222612}, {""code"": ""3008"", ""name"": ""大立光"", ""weight"": 0.0208, ""close"": 6405.0, ""prev_close"": 6400.0, ""ret"": 0.0007812499999999556, ""contrib"": 1.6249999999999077e-05}]",stale,國泰投信權重 + TWSE 個股收盤,2026-09-24,權重基準日 2026-09-24，非 2026-09-22 當日權重；歷史日的加權貢獻為估計值
2026-09-22,tsm_ret,0.024087240659042664,ok,Yahoo Finance TSM,2026-09-21,
2026-09-22,turnover_100m,9.6318,ok,TWSE STOCK_DAY,2026-09-22,
2026-09-22,twd_change,-0.0013186898734366403,ok,Yahoo Finance TWD=X,2026-09-21,
2026-09-22,us10y,4.9629998207092285,ok,Yahoo Finance ^TNX,2026-09-21,
2026-09-22,usdtwd,31.809099197387695,ok,Yahoo Finance TWD=X,2026-09-21,
2026-09-22,vix,14.869999885559082,ok,Yahoo Finance ^VIX,2026-09-21,
2026-09-22,volume_lots,18249,ok,TWSE STOCK_DAY,2026-09-22,
2026-09-22,volume_ratio,0.9534270785125264,ok,TWSE STOCK_DAY,2026-09-22,
2026-09-22,wcr,0.005831403843271749,stale,國泰投信權重 + TWSE 個股收盤,2026-09-24,權重基準日 2026-09-24，非 2026-09-22 當日權重；歷史日的加權貢獻為估計值
2026-09-23,avg_vol20,18628.2096,ok,TWSE STOCK_DAY,2026-09-23,
2026-09-23,breadth_count,6,stale,國泰投信權重 + TWSE 個股收盤,2026-09-24,權重基準日 2026-09-24，非 2026-09-23 當日權重；歷史日的加權貢獻為估計值
2026-09-23,close,52.6,ok,TWSE STOCK_DAY,2026-09-23,
2026-09-23,close_adj,80.99481298269946,ok,TWSE STOCK_DAY,2026-09-23,
2026-09-23,close_adj_gt_ma120,True,ok,TWSE STOCK_DAY,2026-09-23,
2026-09-23,close_adj_gt_ma20,True,ok,TWSE STOCK_DAY,2026-09-23,
2026-09-23,day_direction,up,ok,TWSE STOCK_DAY,2026-09-23,
2026-09-23,drawdown20,0.0,ok,TWSE STOCK_DAY,2026-09-23,
2026-09-23,drawdown60,0.0,ok,TWSE STOCK_DAY,2026-09-23,
2026-09-23,foreign_net_100m,373.13,ok,TWSE BFI82U,2026-09-23,
2026-09-23,high,52.8,ok,TWSE STOCK_DAY,2026-09-23,
2026-09-23,institutional_net,383.79,ok,TWSE BFI82U,2026-09-23,
2026-09-23,institutional_net_100m,383.79,ok,TWSE BFI82U,2026-09-23,
2026-09-23,low,52.4,ok,TWSE STOCK_DAY,2026-09-23,
2026-09-23,ma120,72.47916133154104,ok,TWSE STOCK_DAY,2026-09-23,
2026-09-23,ma20,77.74270186065644,ok,TWSE STOCK_DAY,2026-09-23,
2026-09-23,ma20_gt_ma60,True,ok,TWSE STOCK_DAY,2026-09-23,
2026-09-23,ma60,75.2376693107042,ok,TWSE STOCK_DAY,2026-09-23,
2026-09-23,nav,52.84,ok,國泰投信 cwapi,2026-09-23,
2026-09-23,ndx_ret,0.0045051636444291,ok,Yahoo Finance ^IXIC,2026-09-22,
2026-09-23,nvda_ret,0.006552863938686704,ok,Yahoo Finance NVDA,2026-09-22,
2026-09-23,open,52.7,ok,TWSE STOCK_DAY,2026-09-23,
2026-09-23,premium,-0.0045000000000000005,ok,國泰投信 cwapi,2026-09-23,
2026-09-23,ret20,0.06198263678578697,ok,TWSE STOCK_DAY,2026-09-23,
2026-09-23,ret5,0.05941591137965796,ok,TWSE STOCK_DAY,2026-09-23,
2026-09-23,ret60,0.04813229878797931,ok,TWSE STOCK_DAY,2026-09-23,
2026-09-23,ret60_positive,True,ok,TWSE STOCK_DAY,2026-09-23,
2026-09-23,rsi14,66.3258048110317,ok,TWSE STOCK_DAY,2026-09-23,
2026-09-23,rv20,0.20712769538438633,ok,TWSE STOCK_DAY,2026-09-23,
2026-09-23,sox_ret,0.02064239387362088,ok,Yahoo Finance ^SOX,2026-09-22,
2026-09-23,stock_foreign_net_lots,1251.556,ok,TWSE T86,2026-09-23,
2026-09-23,stock_institutional_net_lots,4358.261,ok,TWSE T86,2026-09-23,
2026-09-23,top_holdings,"[{""code"": ""2330"", ""name"": ""台積電"", ""weight"": 0.3797, ""close"": 2500.0, ""prev_close"": 2460.0, ""ret"": 0.016260162601626105, ""contrib"": 0.006173983739837432}, {""code"": ""2454"", ""name"": ""聯發科"", ""weight"": 0.1215, ""close"": 5185.0, ""prev_close"": 5180.0, ""ret"": 0.0009652509652509078, ""contrib"": 0.00011727799227798529}, {""code"": ""2308"", ""name"": ""台達電"", ""weight"": 0.060700000000000004, ""close"": 1900.0, ""prev_close"": 1900.0, ""ret"": 0.0, ""contrib"": 0.0}, {""code"": ""2317"", ""name"": ""鴻海"", ""weight"": 0.046, ""close"": 256.0, ""prev_close"": 253.0, ""ret"": 0.011857707509881354, ""contrib"": 0.0005454545454545423}, {""code"": ""2303"", ""name"": ""聯電"", ""weight"": 0.0349, ""close"": 160.0, ""prev_close"": 160.0, ""ret"": 0.0, ""contrib"": 0.0}, {""code"": ""3037"", ""name"": ""欣興"", ""weight"": 0.0341, ""close"": 1160.0, ""prev_close"": 1120.0, ""ret"": 0.03571428571428581, ""contrib"": 0.001217857142857146}, {""code"": ""2059"", ""name"": ""川湖"", ""weight"": 0.026699999999999998, ""close"": 12390.0, ""prev_close"": 12670.0, ""ret"": -0.02209944751381221, ""contrib"": -0.000590055248618786}, {""code"": ""2383"", ""name"": ""台光電"", ""weight"": 0.024900000000000002, ""close"": 5020.0, ""prev_close"": 4860.0, ""ret"": 0.03292181069958855, ""contrib"": 0.0008197530864197549}, {""code"": ""3017"", ""name"": ""奇鋐"", ""weight"": 0.0229, ""close"": 3470.0, ""prev_close"": 3390.0, ""ret"": 0.02359882005899716, ""contrib"": 0.0005404129793510349}, {""code"": ""3008"", ""name"": ""大立光"", ""weight"": 0.0208, ""close"": 6190.0, ""prev_close"": 6405.0, ""ret"": -0.0335675253708041, ""contrib"": -0.0006982045277127252}]",stale,國泰投信權重 + TWSE 個股收盤,2026-09-24,權重基準日 2026-09-24，非 2026-09-23 當日權重；歷史日的加權貢獻為估計值
2026-09-23,tsm_ret,0.015410848555100998,ok,Yahoo Finance TSM,2026-09-22,
2026-09-23,turnover_100m,4.9572,ok,TWSE STOCK_DAY,2026-09-23,
2026-09-23,twd_change,-0.0022226247695271706,ok,Yahoo Finance TWD=X,2026-09-22,
2026-09-23,us10y,4.9679999351501465,ok,Yahoo Finance ^TNX,2026-09-22,
2026-09-23,usdtwd,31.738399505615234,ok,Yahoo Finance TWD=X,2026-09-22,
2026-09-23,vix,14.210000038146973,ok,Yahoo Finance ^VIX,2026-09-22,
2026-09-23,volume_lots,9425,ok,TWSE STOCK_DAY,2026-09-23,
2026-09-23,volume_ratio,0.5059481937544873,ok,TWSE STOCK_DAY,2026-09-23,
2026-09-23,wcr,0.008126479709866383,stale,國泰投信權重 + TWSE 個股收盤,2026-09-24,權重基準日 2026-09-24，非 2026-09-23 當日權重；歷史日的加權貢獻為估計值
2026-09-24,avg_vol20,18245.21605,ok,TWSE STOCK_DAY,2026-09-24,
2026-09-24,breadth_count,6,ok,國泰投信權重 + TWSE 個股收盤,2026-09-24,權重基準日 2026-09-24
2026-09-24,close,52.5,ok,TWSE STOCK_DAY,2026-09-24,
2026-09-24,close_adj,80.84083044851181,ok,TWSE STOCK_DAY,2026-09-24,
2026-09-24,close_adj_gt_ma120,True,ok,TWSE STOCK_DAY,2026-09-24,
2026-09-24,close_adj_gt_ma20,True,ok,TWSE STOCK_DAY,2026-09-24,
2026-09-24,day_direction,down,ok,TWSE STOCK_DAY,2026-09-24,
2026-09-24,drawdown20,-0.0019011406844107182,ok,TWSE STOCK_DAY,2026-09-24,
2026-09-24,drawdown60,-0.0019011406844107182,ok,TWSE STOCK_DAY,2026-09-24,
2026-09-24,foreign_net_100m,-329.65,ok,TWSE BFI82U,2026-09-24,
2026-09-24,high,52.6,ok,TWSE STOCK_DAY,2026-09-24,
2026-09-24,institutional_net,-444.49,ok,TWSE BFI82U,2026-09-24,
2026-09-24,institutional_net_100m,-444.49,ok,TWSE BFI82U,2026-09-24,
2026-09-24,low,52.25,ok,TWSE STOCK_DAY,2026-09-24,
2026-09-24,ma120,72.72924096372863,ok,TWSE STOCK_DAY,2026-09-24,
2026-09-24,ma20,77.96520662255759,ok,TWSE STOCK_DAY,2026-09-24,
2026-09-24,ma20_gt_ma60,True,ok,TWSE STOCK_DAY,2026-09-24,
2026-09-24,ma60,75.2736128052322,ok,TWSE STOCK_DAY,2026-09-24,
2026-09-24,nav,52.7,ok,國泰投信 cwapi,2026-09-24,
2026-09-24,ndx_ret,-0.01131394341601677,ok,Yahoo Finance ^IXIC,2026-09-23,
2026-09-24,nvda_ret,-0.014680826154739757,ok,Yahoo Finance NVDA,2026-09-23,
2026-09-24,open,52.4,ok,TWSE STOCK_DAY,2026-09-24,
2026-09-24,premium,-0.0038,ok,國泰投信 cwapi,2026-09-24,
2026-09-24,ret20,0.05825438419673512,ok,TWSE STOCK_DAY,2026-09-24,
2026-09-24,ret5,0.05400521983537443,ok,TWSE STOCK_DAY,2026-09-24,
2026-09-24,ret60,0.027408413661435205,ok,TWSE STOCK_DAY,2026-09-24,
2026-09-24,ret60_positive,True,ok,TWSE STOCK_DAY,2026-09-24,
2026-09-24,rsi14,65.44417572978722,ok,TWSE STOCK_DAY,2026-09-24,
2026-09-24,rv20,0.20783505908648878,ok,TWSE STOCK_DAY,2026-09-24,
2026-09-24,sox_ret,-0.012257071828612576,ok,Yahoo Finance ^SOX,2026-09-23,
2026-09-24,stock_foreign_net_lots,-401.585,ok,TWSE T86,2026-09-24,
2026-09-24,stock_institutional_net_lots,644.061,ok,TWSE T86,2026-09-24,
2026-09-24,top_holdings,"[{""code"": ""2330"", ""name"": ""台積電"", ""weight"": 0.3797, ""close"": 2475.0, ""prev_close"": 2500.0, ""ret"": -0.010000000000000009, ""contrib"": -0.003797000000000003}, {""code"": ""2454"", ""name"": ""聯發科"", ""weight"": 0.1215, ""close"": 5285.0, ""prev_close"": 5185.0, ""ret"": 0.01928640308582441, ""contrib"": 0.0023432979749276658}, {""code"": ""2308"", ""name"": ""台達電"", ""weight"": 0.060700000000000004, ""close"": 1910.0, ""prev_close"": 1900.0, ""ret"": 0.0052631578947368585, ""contrib"": 0.00031947368421052734}, {""code"": ""2317"", ""name"": ""鴻海"", ""weight"": 0.046, ""close"": 250.5, ""prev_close"": 256.0, ""ret"": -0.021484375, ""contrib"": -0.00098828125}, {""code"": ""2303"", ""name"": ""聯電"", ""weight"": 0.0349, ""close"": 154.0, ""prev_close"": 160.0, ""ret"": -0.03749999999999998, ""contrib"": -0.0013087499999999992}, {""code"": ""3037"", ""name"": ""欣興"", ""weight"": 0.0341, ""close"": 1185.0, ""prev_close"": 1160.0, ""ret"": 0.02155172413793105, ""contrib"": 0.0007349137931034488}, {""code"": ""2059"", ""name"": ""川湖"", ""weight"": 0.026699999999999998, ""close"": 12350.0, ""prev_close"": 12390.0, ""ret"": -0.0032284100080710587, ""contrib"": -8.619854721549726e-05}, {""code"": ""2383"", ""name"": ""台光電"", ""weight"": 0.024900000000000002, ""close"": 5050.0, ""prev_close"": 5020.0, ""ret"": 0.005976095617529875, ""contrib"": 0.0001488047808764939}, {""code"": ""3017"", ""name"": ""奇鋐"", ""weight"": 0.0229, ""close"": 3555.0, ""prev_close"": 3470.0, ""ret"": 0.02449567723342949, ""contrib"": 0.0005609510086455353}, {""code"": ""3008"", ""name"": ""大立光"", ""weight"": 0.0208, ""close"": 6245.0, ""prev_close"": 6190.0, ""ret"": 0.008885298869143687, ""contrib"": 0.0001848142164781887}]",ok,國泰投信權重 + TWSE 個股收盤,2026-09-24,權重基準日 2026-09-24
2026-09-24,tsm_ret,-0.012013258132259397,ok,Yahoo Finance TSM,2026-09-23,
2026-09-24,turnover_100m,5.471,ok,TWSE STOCK_DAY,2026-09-24,
2026-09-24,twd_change,-0.0018557623162702708,ok,Yahoo Finance TWD=X,2026-09-23,
2026-09-24,us10y,5.113999843597412,ok,Yahoo Finance ^TNX,2026-09-23,
2026-09-24,usdtwd,31.679500579833984,ok,Yahoo Finance TWD=X,2026-09-23,
2026-09-24,vix,15.180000305175781,ok,Yahoo Finance ^VIX,2026-09-23,
2026-09-24,volume_lots,10442,ok,TWSE STOCK_DAY,2026-09-24,
2026-09-24,volume_ratio,0.5723065142876179,ok,TWSE STOCK_DAY,2026-09-24,
2026-09-24,wcr,-0.00188797433897364,ok,國泰投信權重 + TWSE 個股收盤,2026-09-24,權重基準日 2026-09-24
2026-09-25,breadth_count,,missing,國泰投信權重 + TWSE 個股收盤,,僅 0/10 檔取得報酬：2383 無 2026-09-25 收盤；3017 無 2026-09-25 收盤；3008 無 2026-09-25 收盤
2026-09-25,close,,missing,TWSE STOCK_DAY,,TWSE 尚未發布該日資料（休市或收盤資料未更新）
2026-09-25,close_adj_gt_ma120,,missing,TWSE STOCK_DAY,,TWSE 尚未發布該日資料（休市或收盤資料未更新）
2026-09-25,close_adj_gt_ma20,,missing,TWSE STOCK_DAY,,TWSE 尚未發布該日資料（休市或收盤資料未更新）
2026-09-25,day_direction,,missing,TWSE STOCK_DAY,,TWSE 尚未發布該日資料（休市或收盤資料未更新）
2026-09-25,drawdown20,,missing,TWSE STOCK_DAY,,TWSE 尚未發布該日資料（休市或收盤資料未更新）
2026-09-25,foreign_net_100m,,missing,TWSE BFI82U,,當日尚未發布或查無資料
2026-09-25,institutional_net,,missing,TWSE BFI82U,,當日尚未發布或查無資料
2026-09-25,institutional_net_100m,,missing,TWSE BFI82U,,當日尚未發布或查無資料
2026-09-25,ma20_gt_ma60,,missing,TWSE STOCK_DAY,,TWSE 尚未發布該日資料（休市或收盤資料未更新）
2026-09-25,nav,,missing,國泰投信 cwapi,,當日正式 NAV 尚未發布；不以前一日 NAV 代算折溢價
2026-09-25,ndx_ret,0.00012362909473329076,ok,Yahoo Finance ^IXIC,2026-09-24,
2026-09-25,nvda_ret,-0.004123953254555501,ok,Yahoo Finance NVDA,2026-09-24,
2026-09-25,premium,,missing,國泰投信 cwapi,,當日正式 NAV 尚未發布；不以前一日 NAV 代算折溢價
2026-09-25,ret60_positive,,missing,TWSE STOCK_DAY,,TWSE 尚未發布該日資料（休市或收盤資料未更新）
2026-09-25,rsi14,,missing,TWSE STOCK_DAY,,TWSE 尚未發布該日資料（休市或收盤資料未更新）
2026-09-25,rv20,,missing,TWSE STOCK_DAY,,TWSE 尚未發布該日資料（休市或收盤資料未更新）
2026-09-25,sox_ret,-0.003330086248626185,ok,Yahoo Finance ^SOX,2026-09-24,
2026-09-25,stock_foreign_net_lots,,missing,TWSE T86,,00881 當日無法人交易紀錄
2026-09-25,stock_institutional_net_lots,,missing,TWSE T86,,00881 當日無法人交易紀錄
2026-09-25,tsm_ret,0.01025592067794312,ok,Yahoo Finance TSM,2026-09-24,
2026-09-25,turnover_100m,,missing,TWSE STOCK_DAY,,TWSE 尚未發布該日資料（休市或收盤資料未更新）
2026-09-25,twd_change,0.00347223601981117,ok,Yahoo Finance TWD=X,2026-09-24,
2026-09-25,us10y,5.1620001792907715,ok,Yahoo Finance ^TNX,2026-09-24,
2026-09-25,usdtwd,31.789499282836914,ok,Yahoo Finance TWD=X,2026-09-24,
2026-09-25,vix,15.670000076293945,ok,Yahoo Finance ^VIX,2026-09-24,
2026-09-25,volume_lots,,missing,TWSE STOCK_DAY,,TWSE 尚未發布該日資料（休市或收盤資料未更新）
2026-09-25,volume_ratio,,missing,TWSE STOCK_DAY,,TWSE 尚未發布該日資料（休市或收盤資料未更新）
2026-09-25,wcr,,missing,國泰投信權重 + TWSE 個股收盤,,僅 0/10 檔取得報酬：2383 無 2026-09-25 收盤；3017 無 2026-09-25 收盤；3008 無 2026-09-25 收盤
2026-09-26,breadth_count,,missing,國泰投信權重 + TWSE 個股收盤,,僅 0/10 檔取得報酬：2383 無 2026-09-26 收盤；3017 無 2026-09-26 收盤；3008 無 2026-09-26 收盤
2026-09-26,close,,missing,TWSE STOCK_DAY,,TWSE 尚未發布該日資料（休市或收盤資料未更新）
2026-09-26,close_adj_gt_ma120,,missing,TWSE STOCK_DAY,,TWSE 尚未發布該日資料（休市或收盤資料未更新）
2026-09-26,close_adj_gt_ma20,,missing,TWSE STOCK_DAY,,TWSE 尚未發布該日資料（休市或收盤資料未更新）
2026-09-26,day_direction,,missing,TWSE STOCK_DAY,,TWSE 尚未發布該日資料（休市或收盤資料未更新）
2026-09-26,drawdown20,,missing,TWSE STOCK_DAY,,TWSE 尚未發布該日資料（休市或收盤資料未更新）
2026-09-26,foreign_net_100m,,missing,TWSE BFI82U,,當日尚未發布或查無資料
2026-09-26,institutional_net,,missing,TWSE BFI82U,,當日尚未發布或查無資料
2026-09-26,institutional_net_100m,,missing,TWSE BFI82U,,當日尚未發布或查無資料
2026-09-26,ma20_gt_ma60,,missing,TWSE STOCK_DAY,,TWSE 尚未發布該日資料（休市或收盤資料未更新）
2026-09-26,nav,,missing,國泰投信 cwapi,,當日正式 NAV 尚未發布；不以前一日 NAV 代算折溢價
2026-09-26,ndx_ret,0.004801435979246538,ok,Yahoo Finance ^IXIC,2026-09-25,
2026-09-26,nvda_ret,-0.004123953254555501,stale,Yahoo Finance NVDA,2026-09-24,美股資料為 2026-09-24，較預期的 2026-09-25 舊 1 天（休市或缺值）
2026-09-26,premium,,missing,國泰投信 cwapi,,當日正式 NAV 尚未發布；不以前一日 NAV 代算折溢價
2026-09-26,ret60_positive,,missing,TWSE STOCK_DAY,,TWSE 尚未發布該日資料（休市或收盤資料未更新）
2026-09-26,rsi14,,missing,TWSE STOCK_DAY,,TWSE 尚未發布該日資料（休市或收盤資料未更新）
2026-09-26,rv20,,missing,TWSE STOCK_DAY,,TWSE 尚未發布該日資料（休市或收盤資料未更新）
2026-09-26,sox_ret,0.014119520235553074,ok,Yahoo Finance ^SOX,2026-09-25,
2026-09-26,stock_foreign_net_lots,,missing,TWSE T86,,00881 當日無法人交易紀錄
2026-09-26,stock_institutional_net_lots,,missing,TWSE T86,,00881 當日無法人交易紀錄
2026-09-26,tsm_ret,0.01025592067794312,stale,Yahoo Finance TSM,2026-09-24,美股資料為 2026-09-24，較預期的 2026-09-25 舊 1 天（休市或缺值）
2026-09-26,turnover_100m,,missing,TWSE STOCK_DAY,,TWSE 尚未發布該日資料（休市或收盤資料未更新）
2026-09-26,twd_change,-0.0029726667655856076,ok,Yahoo Finance TWD=X,2026-09-25,
2026-09-26,us10y,5.1620001792907715,stale,Yahoo Finance ^TNX,2026-09-24,美股資料為 2026-09-24，較預期的 2026-09-25 舊 1 天（休市或缺值）
2026-09-26,usdtwd,31.69499969482422,ok,Yahoo Finance TWD=X,2026-09-25,
2026-09-26,vix,14.869999885559082,ok,Yahoo Finance ^VIX,2026-09-25,
2026-09-26,volume_lots,,missing,TWSE STOCK_DAY,,TWSE 尚未發布該日資料（休市或收盤資料未更新）
2026-09-26,volume_ratio,,missing,TWSE STOCK_DAY,,TWSE 尚未發布該日資料（休市或收盤資料未更新）
2026-09-26,wcr,,missing,國泰投信權重 + TWSE 個股收盤,,僅 0/10 檔取得報酬：2383 無 2026-09-26 收盤；3017 無 2026-09-26 收盤；3008 無 2026-09-26 收盤
